,a,c,e,g,i,k,l,m,n,o,p,q
1,神秘博士：2008逍遥音乐会 Doctor Who at the Proms,Rhodri Huw,拉塞尔·T·戴维斯,Freema Agyeman,Catherine Tate,Ben Foster,['音乐'],95分钟,2008,英国, 英语,9.5
2,巴黎圣母院 Notre Dame de Paris,Gilles Maheu,Luc Plamondon,海伦娜·赛加拉,加劳,丹尼尔·拉沃伊,"['剧情', '爱情', '音乐']",150分钟,1999,法国, 法语,9.4
3,跳出我天地音乐剧 Billy Elliot the Musical,史蒂芬·戴德利,李·哈尔,Elliott Hanna,鲁茜·亨肖,Deka Walmsley,"['剧情', '喜剧', '音乐']",169分钟,2014,英国, 英语,9.4
4,放牛班的春天 Les choristes,克里斯托夫·巴拉蒂,乔治·沙普罗,热拉尔·朱尼奥,弗朗索瓦·贝莱昂,凯德·麦拉德,"['剧情', '音乐']",97分钟,2004,法国 / 瑞士 / 德国, 法语,9.3
5,海上钢琴师 La leggenda del pianista sull'oceano,朱塞佩·托纳多雷,亚利桑德罗·巴里克,蒂姆·罗斯,普路特·泰勒·文斯,比尔·努恩,"['剧情', '音乐']",165分钟,1998,意大利, 英语 / 法语 / 意大利语,9.2
6,最佳污点 The Best of Blur,Dave Balfe,达蒙·奥尔本,达蒙·奥尔本,格拉翰姆·考可森,Alex James,['音乐'],90 分钟,2000,英国, 英语,9.3
7,钢琴家 The Pianist,罗曼·波兰斯基,罗纳德·哈伍德,艾德里安·布洛迪,托马斯·克莱舒曼,艾米莉娅·福克斯,"['剧情', '音乐', '传记', '历史', '战争']",150分钟,2002,法国 / 德国 / 英国 / 波兰, 英语 / 德语 / 俄语,9.1
8,寻梦环游记 Coco,李·昂克里奇,阿德里安·莫利纳,安东尼·冈萨雷斯,盖尔·加西亚·贝纳尔,本杰明·布拉特,"['喜剧', '动画', '音乐', '奇幻']",105分钟,2017,美国, 英语 / 西班牙语,9.0
9,幻想曲 Fantasia,詹姆斯·阿尔格,Lee Blair,华特·迪士尼,列奥波德·斯托科夫斯基,Deems Taylor,"['动画', '音乐', '奇幻']",125分钟,1940,美国, 英语,8.9
10,幻想曲2000 Fantasia 2000,詹姆斯·阿尔格,埃里克·古德伯格,史蒂夫·马丁,伊扎克·帕尔曼,昆西·琼斯,"['动画', '音乐', '奇幻']",USA: 74 分钟,1999,美国, 英语,8.9
11,谜之音 Inni,Vincent Morisset,Jon Thor Birgisson,Jon Thor Birgisson,Orri P. Dyrason,Georg Holm,['音乐'],74分钟,2011,英国 / 冰島 Iceland / 加拿大 Canada, 英语 / Icelandic,8.9
12,"黑猫白猫 Црна мачка, бели мачор",埃米尔·库斯图里卡,埃米尔·库斯图里卡,斯尔詹·托多罗维奇,布兰卡·卡蒂奇,巴伊拉姆·瑟瓦丹,"['喜剧', '爱情', '音乐']",127分钟,1998,南斯拉夫 / 法国 / 德国 / 奥地利 / 希腊 / 美国, 德语 / 吉普赛语 / 塞尔维亚语,8.5
13,闪亮的风采 Shine,斯科特·希克斯,扬·萨尔迪,杰弗里·拉什,贾斯廷·布雷恩,索尼娅·托德,"['剧情', '音乐', '传记']",105分钟,1996,澳大利亚, 英语 / 依地语,8.5
14,四分钟 Vier Minuten,克里斯·克劳斯,克里斯·克劳斯,莫妮卡·布莱布特罗伊,汉娜·赫茨施普龙,里奇·穆勒,"['剧情', '音乐']",112分钟,2006,德国, 德语,8.5
15,生命因你动听 Mr. Holland's Opus,斯蒂芬·赫瑞克,Patrick Sheane Duncan,理查德·德莱弗斯,格伦妮·海德利,杰·托马斯,"['剧情', '音乐']",143 分钟,1995,美国, 英语 / 美国手语,8.5
16,圣诞快乐 Joyeux Noël,克里斯蒂安·卡西雍,克里斯蒂安·卡西雍,黛安·克鲁格,纳塔莉·德赛,本诺·菲尔曼,"['剧情', '音乐', '历史', '战争']",116分钟,2005,法国 / 德国 / 英国 / 比利时 / 罗马尼亚 / 挪威 / 日本 / 美国, 法语 / 德语 / 英语 / 拉丁语,8.5
17,一夜狂欢 A Hard Day's Night,理查德·莱斯特,阿伦·欧文,约翰·列侬,保罗·麦卡特尼,乔治·哈里逊,"['喜剧', '音乐']",87 分钟,1964,英国, 英语 / 德语,8.5
18,被遗忘的孩子 All the Invisible Children,吴宇森,梅迪·夏夫,Hannah Hodson,安德烈·罗佑 ,罗茜·佩雷兹,"['剧情', '音乐']",124分钟,2005,法国 / 意大利, 汉语普通话 / 英语 / 意大利语 / Serbian,8.5
19,里斯本的故事 Lisbon Story,维姆·文德斯,维姆·文德斯,吕迪格·福格勒,帕特里克·波查,Vasco Sequeira,"['剧情', '音乐']",100分钟,1994,德国 / 葡萄牙, 英语 / 葡萄牙语 / 德语,8.5
20,三笑,李萍倩,叶逸芳,陈思思,向群,文逸民,"['喜剧', '爱情', '音乐', '古装']",108分钟,1964,香港, 汉语普通话,8.5
21,星际5555：异星梦系统秘传 Interstella 5555: The 5tory of the 5ecret 5tar 5ystem,竹之内和久,Cédric Hervet,蠢朋克,类型:,动作,"['动作', '科幻', '动画', '音乐', '奇幻', '冒险']",68 分钟,2003,日本 / 法国, 英语,8.5
22,天鹅绒金矿 Velvet Goldmine,托德·海因斯,James Lyons,伊万·麦克格雷格,乔纳森·莱斯·梅耶斯,克里斯蒂安·贝尔,"['剧情', '同性', '音乐']",124分钟,1998,英国 / 美国, 英语 / 法语,8.4
23,贝利叶一家 La famille Bélier,艾里克·拉缇戈,艾里克·拉缇戈,露安·艾梅哈,嘉莲·维雅,弗朗索瓦·达密安,"['剧情', '喜剧', '音乐', '家庭']",105分钟,2014,法国 / 比利时, 法语 / 西班牙语 / 手语,8.4
24,列宁格勒牛仔征美记 Leningrad Cowboys Go America,阿基·考里斯马基,阿基·考里斯马基,马蒂·佩龙帕,吉姆·贾木许,卡里·瓦纳宁,"['喜剧', '音乐']",78 分钟,1989,芬兰 / 瑞典, 芬兰语 / 英语,8.4
25,给我一个爸 Kolja,扬·斯维拉克,帕维尔·陶西格,兹旦内克·斯维拉克,安德列·查利蒙,利布谢·赛文卡娃,"['剧情', '喜剧', '音乐']",105 分钟,1996,捷克 / 英国 / 法国, 斯洛伐克语 / 捷克语 / 俄语,8.4
26,抛掉书本上街去 書を捨てよ町へ出よう,寺山修司,寺山修司,佐佐木英明,齐藤正志,平泉成,"['剧情', '音乐']",137分钟,1971,日本, 日语,8.4
27,探戈课 The Tango Lesson,莎莉·波特,莎莉·波特,莎莉·波特,Pablo Verón,David Toole,"['剧情', '爱情', '音乐']",100 分钟,1997,英国 / 法国 / 阿根廷 / 德国 / 荷兰, 英语 / 法语 / 西班牙语,8.4
28,柠檬水 Lemonade,碧昂丝·诺尔斯,华沙·希雷,碧昂丝·诺尔斯,杰斯,克洛伊·贝利,['音乐'],65分钟,2016,美国, 英语,8.4
29,未了阴阳情 Truly Madly Deeply,安东尼·明格拉,安东尼·明格拉,茱丽叶特·斯蒂文森,艾伦·瑞克曼,Michael Maloney,"['剧情', '爱情', '音乐', '奇幻']",106 分钟,1990,英国, 英语,8.4
30,红菱艳 The Red Shoes,埃默里克·普雷斯伯格,埃默里克·普雷斯伯格,Moira Shearer,类型:,剧情,"['剧情', '爱情', '音乐']",133 分钟,1948,英国, 英语 / 法语 / 俄语,8.2
31,布兰卡和弹吉他的人 ブランカとギター弾き,长谷井宏纪,长谷井宏纪,西德乐·盖贝特罗,彼得·米拉里,乔马·比基尤,"['剧情', '音乐']",75分钟,2015,菲律宾 / 日本 / 意大利, 他加禄语,8.2
32,日出时让悲伤终结 Tous les matins du monde,阿兰·科诺,阿兰·科诺,热拉尔·德帕迪约,让-皮埃尔·马里埃尔,安妮·波诺什,"['剧情', '爱情', '音乐', '传记']",115 分钟,1991,法国, 法语,8.2
33,无线电时代 Radio Days,伍迪·艾伦,伍迪·艾伦,米亚·法罗,黛安·韦斯特,迈克·斯塔尔,"['喜剧', '音乐']",88 分钟,1987,美国, 英语,8.2
34,卡门 Carmen,卡洛斯·绍拉,卡洛斯·绍拉,安东尼奥·加德斯,劳拉·德尔·索尔,帕科·德·卢西亚,"['剧情', '爱情', '音乐', '歌舞']",102 分钟,1983,西班牙, 西班牙语,8.2
35,等爱的女孩 Ladies in Lavender,查尔斯·丹斯,查尔斯·丹斯,朱迪·丹奇,玛吉·史密斯,娜塔莎·麦克艾霍恩,"['剧情', '爱情', '悬疑', '音乐']",104 分钟,2004,英国, 英语 / 德语 / 波兰语 / 法语,8.2
36,翠堤春晓 The Great Waltz,朱利安·杜维威尔,萨莫尔·霍芬斯蒂安,费尔南·格拉韦,路易丝·赖纳,米莉莎·科耶斯,"['剧情', '爱情', '音乐', '歌舞', '传记']",104 分钟,1938,美国, 英语,8.2
37,纳什维尔 Nashville,罗伯特·奥特曼,琼·图克斯伯里,大卫·阿金,芭芭拉·巴斯里,尼德·巴蒂,"['剧情', '音乐']",159 分钟,1975,美国, 英语,8.2
38,李尔王 Great Performances: King Lear,特雷弗·纳恩,莎士比亚,伊恩·麦克莱恩,菲利普·文切斯特,弗兰西斯·巴贝,"['剧情', '音乐', '传记']",150 分钟(美国),2008,英国, 英语,8.2
39,只爱陌生人 Gadjo dilo,托尼·加列夫,托尼·加列夫,罗曼·杜里斯,罗纳·哈特纳,Izidor Serban,"['剧情', '喜剧', '爱情', '音乐']",102 分钟,1997,法国 / 罗马尼亚, 法语 / 罗马尼亚语 / 吉普赛语,8.2
40,一曲相思情未了 The Fabulous Baker Boys,史蒂夫·克洛夫斯,史蒂夫·克洛夫斯,杰夫·布里吉斯,米歇尔·菲佛,博·布里奇斯,"['剧情', '爱情', '音乐']",114 分钟,1989,美国, 英语,8.2
41,春风不化雨 The Prime of Miss Jean Brodie,罗纳德·尼姆,杰伊·普莱森·艾伦,玛吉·史密斯,罗伯特·斯蒂芬斯,帕梅拉·富兰克林,"['剧情', '喜剧', '爱情', '音乐']",116 分钟,1969,英国, 英语,8.2
42,最后的木琴师 โหมโรง,Ittisoontorn Vichailak,阿奴沏·萨潘彭,阿奴沏·萨潘彭,Narongrit Tosa-nga,类型:,"['剧情', '音乐', '传记']",103分钟,2004,泰国, 泰语,8.2
43,音乐室 Jalsaghar,萨蒂亚吉特·雷伊,萨蒂亚吉特·雷伊,Chhabi Biswas,Padmadevi,Pinaki Sengupta,"['剧情', '音乐']",100 分钟,1958,印度, 孟加拉语,8.2
44,奔向光荣 Bound for Glory,哈尔·阿什贝,Robert Getchell,大卫·卡拉丁,Ronny Cox,兰迪·奎德,"['剧情', '音乐', '传记']",147 分钟,1976,美国, 英语,8.2
45,追梦者 The Commitments,艾伦·帕克,迪克·克莱蒙特,Robert Arkins,Michael Aherne,Angeline Ball,"['剧情', '喜剧', '音乐']",118 分钟,1991,爱尔兰 / 英国 / 美国, 英语 / 爱尔兰语,8.2
46,醉乡民谣 Inside Llewyn Davis,伊桑·科恩,乔尔·科恩,奥斯卡·伊萨克,凯瑞·穆里根,约翰·古德曼,"['剧情', '音乐']",105分钟,2013,美国 / 英国 / 法国, 英语,8.1
47,蓝调传奇 Cadillac Records,达内尔·马丁,达内尔·马丁,艾德里安·布洛迪,杰弗里·怀特,碧昂丝·诺尔斯,"['剧情', '爱情', '音乐', '传记', '历史']",109 分钟,2008,美国, 英语,8.1
48,我不在那儿 I'm Not There,托德·海因斯,托德·海因斯,凯特·布兰切特,本·卫肖,克里斯蒂安·贝尔,"['剧情', '音乐', '传记']",135分钟(美国),2007,美国 / 德国 / 加拿大, 英语,7.9
49,黄土地,陈凯歌,张子良,薛白,王学圻,谭托,"['剧情', '音乐']",89分钟(德国),1984,中国大陆, 汉语普通话 / 陕西方言,7.9
50,控制 Control,安东·寇班,马特·格林哈尔什,萨姆·赖利,萨曼莎·莫顿,亚历山德拉·玛丽亚·拉娜,"['剧情', '音乐', '传记']",122 分钟,2007,英国 / 美国 / 澳大利亚 / 日本, 英语,7.9
51,一封陌生女子的来信 Letter from an Unknown Woman,马克斯·奥菲尔斯,霍华德·科克,琼·芳登,路易斯·乔丹,麦迪·克里斯蒂安斯,"['剧情', '爱情', '音乐']",86 分钟,1948,美国, 英语,7.9
52,十一罗汉 Ocean's Eleven,刘易斯·迈尔斯通,哈利·布朗,弗兰克·辛纳特拉,雪莉·麦克雷恩,安吉·迪金森,"['喜剧', '音乐', '犯罪']",127 分钟,1960,美国, 英语,7.9
53,周末夜狂热 Saturday Night Fever,约翰·班德汉姆,Nik Cohn,约翰·特拉沃尔塔,凯伦·琳恩·高妮,保罗·佩普,"['剧情', '爱情', '音乐']",118 分钟,1977,美国, 英语 / 意大利语,7.9
54,莉莉玛莲 Lili Marleen,赖纳·维尔纳·法斯宾德,赖纳·维尔纳·法斯宾德,吉安卡罗·吉安尼尼,汉娜·许古拉,梅尔·费勒,"['剧情', '爱情', '音乐', '战争']",120分钟,1981,西德, 英语 / 德语,7.9
55,美女与野兽之贝儿的心愿 Beauty and the Beast: The Enchanted Christmas,Andrew Knight,弗利普·科布勒,佩吉·奥哈拉,罗比·本森,杰里·奥尔巴赫,"['动画', '音乐', '家庭']",72分钟,1997,加拿大 / 美国, 英语,7.9
56,无影无踪 DeUsynlige,埃里克·普派,Harald Rosenløw-Eeg,Pål Sverre Valheim Hagen,崔娜·蒂虹,Ellen Dorrit Petersen,"['剧情', '音乐']",115 分钟,2008,挪威 / 瑞典 / 德国, 挪威语 / 丹麦语,7.9
57,缅甸的竖琴 ビルマの竪琴,市川昆,和田夏十,三国连太郎,西村晃,内藤武敏,"['剧情', '音乐', '战争']",116分钟,1956,日本, 日语 / 英语,7.9
58,24小时狂欢派对 24 Hour Party People,迈克尔·温特伯顿,Frank Cottrell Boyce,史蒂夫·库根,连尼·詹姆斯,John Thomson,"['剧情', '喜剧', '音乐', '传记']",117 分钟,2002,英国, 英语,7.9
59,爱情有什么道理 The Thing Called Love,彼得·博格丹诺维奇,Carol Heikkinen,瑞凡·菲尼克斯,萨曼莎·玛西丝,德蒙特·莫罗尼,"['剧情', '喜剧', '爱情', '音乐']",116 分钟,1993,美国, 英语,7.9
60,自深渊中 De profundis,梅柯兰多·普拉多,梅柯兰多·普拉多,,类型:,动画,"['动画', '音乐']",76分钟,2007,西班牙 / 葡萄牙, None,7.9
61,小可爱 De-Lovely,艾文·温克勒,杰伊·考克斯,凯文·克莱恩,艾什莉·贾德,乔纳森·普雷斯,"['剧情', '音乐', '传记']",125分钟,2004,美国 / 英国, 英语,7.9
62,逝水年华 Intimní osvětlení,伊凡·帕瑟,雅罗斯拉夫·帕布塞科,Zdenek Bezusek,Karel Blazek,Miroslav Cvrk,"['剧情', '喜剧', '音乐']",71 分钟,1965,捷克斯洛伐克, 捷克语,7.9
63,电脑梦幻曲 Electric Dreams,斯蒂夫·巴伦,Rusty Lemorande,Lenny von Dohlen,Virginia Madsen,Maxwell Caulfield,"['剧情', '喜剧', '爱情', '科幻', '音乐']",95 分钟,1984,美国 / 英国, 英语,7.9
64,安娜·玛格达丽娜·巴赫的编年史 Chronik der Anna Magdalena Bach,达尼埃尔·于伊耶,达尼埃尔·于伊耶,Eckart Bruntjen,Rainer Kirchner,古斯塔夫·莱昂哈,"['剧情', '音乐', '传记', '历史']",94 分钟,1968,西德 / 意大利, 德语,7.9
65,美妙共振 Good Vibrations,Lisa Barros D'Sa,Glenn Patterson,朱迪·惠特克,迪兰·莫兰,利亚姆·坎宁安,"['音乐', '传记']",103分钟,2012,英国, 英语,7.9
66,我的哥哥是独生子 Mio fratello è figlio unico,丹尼埃莱·卢凯蒂,丹尼埃莱·卢凯蒂,埃利奥·杰曼诺,里卡多·斯卡马乔,安杰拉·菲诺基亚罗,"['剧情', '喜剧', '音乐', '犯罪']",USA: 108 分钟,2007,意大利 / 法国, 意大利语,7.9
67,舞动天地 Take the Lead,里兹·弗德兰德,戴安妮·休斯顿,安东尼奥·班德拉斯,罗伯·布朗,阿尔法·伍达德,"['剧情', '音乐']",118 分钟,2006,美国, 英语,7.7
68,红松鼠杀人事件 La ardilla roja,胡里奥·密谭,胡里奥·密谭,埃玛·苏亚雷斯,南乔·诺沃,玛丽亚·巴兰科,"['剧情', '喜剧', '爱情', '悬疑', '音乐']",114 分钟,1993,西班牙, 西班牙语 / 德语,7.7
69,柏林召唤 Berlin Calling,汉尼·斯托尔,汉尼·斯托尔,Paul Kalkbrenner,科琳娜·哈弗奇,Rita Lengyel,"['剧情', '喜剧', '音乐']",Argentina: 105 分钟,2008,德国, 德语,7.7
70,不害臊的姑娘 L'effrontée,克洛德·米勒,克洛德·米勒,夏洛特·甘斯布,克洛蒂尔德·博东,朱莉·格伦,"['喜剧', '爱情', '音乐']",96 分钟,1985,法国, 法语,7.7
71,"纽约，纽约 New York, New York",马丁·斯科塞斯,Earl Mac Rauch,丽莎·明奈利,罗伯特·德尼罗,莱昂内尔·斯坦德,"['剧情', '爱情', '音乐', '歌舞']",155 分钟,1977,美国, 英语,7.7
72,闪电舞 Flashdance,阿德里安·莱恩,乔·埃泽特哈斯,詹妮弗·比尔斯,迈克尔·诺里,莉利亚·斯卡瓦,"['剧情', '爱情', '音乐']",95 分钟,1983,美国, 英语,7.7
73,污垢 The Dirt,杰夫·特里梅因,汤姆·卡皮诺斯,道格拉斯·布斯,机关枪凯利,丹尼尔·韦伯,"['音乐', '传记']",107分钟,2019,美国, 英语,7.7
74,灵魂歌手 Soul Men,马尔科姆·D·李,Robert Ramsey,塞缪尔·杰克逊,詹妮佛·库里奇,伯尼·麦克,"['剧情', '喜剧', '音乐']",100 分钟,2008,美国, 英语,7.7
75,牧场之家好做伴 A Prairie Home Companion,罗伯特·奥特曼,加里森·凯勒尔,梅丽尔·斯特里普,莉莉·汤姆林,伍迪·哈里森,"['剧情', '喜剧', '音乐', '歌舞']",105 分钟,2006,美国, 英语,7.7
76,亨德逊夫人敬献 Mrs Henderson Presents,斯蒂芬·弗雷斯,Martin Sherman,朱迪·丹奇,鲍勃·霍斯金斯,凯利·蕾莉,"['剧情', '喜剧', '音乐', '战争']",103 分钟,2005,英国, 英语,7.7
77,长靴 Kinky Boots,朱里安·杰拉德,Geoff Deane,乔尔·埃哲顿,切瓦特·埃加福特,琳达·巴塞特,"['剧情', '喜剧', '音乐']",107 分钟,2005,美国 / 英国, 英语,7.7
78,王者之舞 Le roi danse,热拉尔·科尔比奥,Ève de Castro,伯努瓦·马吉梅尔,鲍里斯·泰拉尔,切基·卡尤,"['剧情', '音乐', '历史']",115 分钟,2000,法国 / 德国 / 比利时, 法语,7.7
79,红色娘子军,潘文展,刘庆棠,刘庆棠,薛菁华,宋琛,"['音乐', '歌舞']",102分钟,1971,中国大陆, 汉语普通话,7.7
80,摇滚学校 Rock 'n' Roll High School,艾伦·亚克许,艾伦·亚克许,The Ramones,Joey Ramone,类型:,"['喜剧', '音乐']",93 分钟,1979,美国, 英语,7.7
81,"青春岁月 Tro, håb og kærlighed",比利·奥古斯特,比利·奥古斯特,亚当·滕斯贝里,拉尔斯·西蒙森,卡米拉·索贝里,"['剧情', '喜剧', '音乐']",108 分钟(瑞典),1984,丹麦, 丹麦语,7.7
82,万籁俱寂 سکوت‎,莫森·玛克玛尔巴夫,莫森·玛克玛尔巴夫,Tahmineh Normatova,Nadereh Abdelahyeva,Goibibi Ziadolahyeva,"['剧情', '音乐']",76 分钟,1998,伊朗 / 塔吉克斯坦 / 法国, 波斯语 / 塔吉克语 / 俄语,7.7
83,华丽的咏叹 Aria,罗伯特·奥特曼,罗伯特·奥特曼,泰莉莎·拉塞尔,巴克·亨利,比佛莉·德安姬罗,"['剧情', '喜剧', '音乐']",90分钟,1987,英国, 意大利语 / 法语 / 德语 / 英语,7.7
84,逃家 Taking Off,米洛斯·福尔曼,让-克洛德·卡里埃,琳恩·卡林,巴克·亨利,乔治娅·恩格尔,"['剧情', '喜剧', '音乐']",93 分钟,1971,美国, 英语,7.7
85,杀死波诺 Killing Bono,尼克·哈姆,迪克·克莱蒙特,克里斯滕·里特,本·巴恩斯,皮特·波斯尔思韦特,"['音乐', '传记']",114分钟,2011,英国, 英语,7.5
86,心灵深处的音乐 Music Within,史蒂文·萨瓦里克,Bret McKinney,朗·里维斯顿,梅利莎·乔治,麦克·辛,"['剧情', '喜剧', '爱情', '音乐', '传记', '战争']",94 分钟,2007,美国, 英语,7.5
87,别来敲门 Don't Come Knocking,维姆·文德斯,山姆·夏普德,詹姆斯·罗德,杰弗里·文森特·帕里塞,玛简德拉·黛芬诺,"['剧情', '音乐']",122 分钟,2005,法国 / 德国 / 美国, 英语,7.5
88,与我同行 Going My Way,莱奥·麦卡雷,弗兰克·巴特勒,平·克劳斯贝,巴里·菲茨杰拉德,弗兰克·麦休,"['剧情', '喜剧', '音乐', '歌舞']",126 分钟,1944,美国, 英语,7.5
89,爵士歌手 The Jazz Singer,艾伦·克罗斯兰,艾尔弗雷德·A·科恩,阿尔•乔生,梅·麦卡沃伊,华纳·欧兰德,"['剧情', '爱情', '音乐']",88 分钟,1927,美国, 英语,7.5
90,内心的伤痕 La cicatrice intérieure,菲利普·加瑞尔,菲利普·加瑞尔,Nico,菲利普·加瑞尔,Christian Aaron Boulogne,"['剧情', '音乐', '奇幻']",60 分钟,1972,法国, 法语 / 德语 / 英语,7.5
91,莫妮卡·赛德隆 Monica Z,皮尔·弗莱,彼得·伯罗,埃达·马格纳松,斯瓦利尔·古德纳松,凯杰尔·博格奎斯特,"['剧情', '音乐', '传记']",111分钟,2013,瑞典, 瑞典语 / 英语,7.5
92,"1988年的妮可 Nico, 1988",苏珊娜·尼基亚雷利,苏珊娜·尼基亚雷利,崔娜·蒂虹,安娜玛丽亚·玛琳卡,卡瑞娜·费尔南德斯,"['剧情', '音乐', '传记']",93分钟,2017,意大利 / 比利时, 英语,7.5
93,海蒂传奇 Hilde,Kai Wessel,Maria von Heland,Heike Makatsch,Dan Stevens,Hanns Zischler,"['剧情', '音乐', '传记']",136分钟,2009,德国, 德语 / 英语 / 波兰语 / 俄语,7.5
94,快乐的大脚 Happy Feet,乔治·米勒,沃伦·科尔曼,伊莱贾·伍德,布莱特妮·墨菲,休·杰克曼,"['喜剧', '爱情', '动画', '音乐', '家庭', '冒险']",108 分钟,2006,澳大利亚 / 美国, 英语,7.4
95,鼠来宝 Alvin and the Chipmunks,蒂姆·希尔,约翰·维蒂,杰森·李,大卫·克罗斯,卡梅隆·理查德森,"['剧情', '喜剧', '音乐', '家庭', '奇幻']",92 分钟,2007,美国, 英语,7.4
96,完美音调 Pitch Perfect,杰森·摩尔,凯·加农,安娜·肯德里克,斯盖拉·阿斯丁,本·普拉特,"['喜剧', '爱情', '音乐']",112分钟,2012,美国, 英语,7.4
97,文科恋曲 Liberal Arts,乔什·拉德诺,乔什·拉德诺,乔什·拉德诺,伊丽莎白·奥尔森,理查德·詹金斯,"['剧情', '喜剧', '爱情', '音乐']",98分钟,2012,美国, 英语,7.4
98,泽西男孩 Jersey Boys,克林特·伊斯特伍德,马歇尔·布瑞克曼,文森特·皮亚扎,约翰·劳埃德·扬,史蒂夫·斯基里帕,"['剧情', '音乐', '歌舞', '传记']",134分钟,2014,美国, 英语,7.4
99,要钱不要命 Get Rich or Die Tryin',吉姆·谢里丹,Terence Winter,50分,阿德沃尔·阿吉纽依-艾格拜吉,乔伊·布赖恩特,"['剧情', '音乐', '传记', '犯罪']",117 分钟,2005,美国, 英语,7.4
100,温暖的告别 뜨거운 안녕,南泽秀,南泽秀,李弘基,白珍熙,马东锡,"['剧情', '音乐']",99分钟,2013,韩国, 韩语,7.4
101,性、毒品和摇滚乐 Sex & Drugs & Rock & Roll,马特·怀克洛斯,Paul Viragh,Olivia Williams,韦斯利·尼尔森,Andy Serkis,"['剧情', '音乐', '传记']",115分钟,2010,英国, 英语,7.4
102,挡不住的奇迹 That Thing You Do!,汤姆·汉克斯,汤姆·汉克斯,汤姆·艾弗瑞特·斯科特,丽芙·泰勒,乔纳森·斯卡奇,"['剧情', '喜剧', '音乐']",108分钟,1996,美国, 英语,7.4
103,与斯科特共进早餐 Breakfast with Scot,Laurie Lynd,Sean Reycraft,本·申克曼,梅根·佛洛斯,汤姆·卡瓦纳夫,"['剧情', '爱情', '音乐', '运动']",95分钟(美国),2007,加拿大, 英语,7.4
104,朋克地下城 CBGB,兰道·米勒,兰道·米勒,玛琳·阿克曼,瑞恩·赫斯特,阿什丽·格林尼,"['剧情', '音乐', '传记']",101分钟,2013,美国, 英语,7.3
105,幸福结局 Happy Endings,唐·罗斯,唐·罗斯 Don Roos,玛吉·吉伦哈尔,丽莎·库卓,汤姆·阿诺德,"['剧情', '喜剧', '惊悚', '音乐']",128 分钟,2005,美国, 英语,7.3
106,北郊1936年 Faubourg 36,Christophe Barratier,Christophe Barratier,热拉尔·朱尼奥,克洛维斯·科尔尼亚克,凯德·麦拉德,"['剧情', '爱情', '音乐']",120分钟(法国),2008,法国 / 德国 / 捷克, 法语,7.3
107,神呀神！你为何离弃我？ エリ・エリ・レマ・サバクタニ,青山真治,青山真治,浅野忠信,宫崎葵,冈田茉莉子,"['剧情', '科幻', '音乐']",107分钟(法国),2005,日本, 日语,7.3
108,棉花俱乐部 The Cotton Club,弗朗西斯·福特·科波拉,威廉·肯尼迪,理查·基尔,戴安·琳恩,格里高利·海因斯,"['剧情', '音乐', '犯罪']",127 分钟,1984,美国, 英语 / 意大利语,7.3
109,美国谎言 Telling Lies in America,Guy Ferland (I),乔·埃泽特哈斯,Brad Renfro,Kevin Bacon,类型:,"['剧情', '音乐']",101 分钟,1997,美国, 英语,7.3
110,犯罪河岸 Quai des Orfèvres,Henri-Georges Clouzot,亨利-乔治·克鲁佐,Suzy Delair,Bernard Blier,Louis Jouvet,"['剧情', '音乐', '犯罪']",106 分钟,1947,法国, 法语,7.3
111,爵士乐手 Bird,克林特·伊斯特伍德,乔尔·奥利安斯基,福里斯特·惠特克,戴安·维诺拉,Michael Zelniker,"['剧情', '音乐', '传记']",161 分钟,1988,美国, 英语,7.3
112,一个明星的诞生 A Star Is Born,布莱德利·库珀,艾瑞克·罗斯,Lady Gaga,布莱德利·库珀,山姆·艾里奥特,"['剧情', '爱情', '音乐']",135分钟,2018,美国, 英语,7.2
113,重金摇滚双面人 デトロイト・メタル・シティ,李斗士男,若杉公德,松山研一,加藤罗莎,秋山竜次,"['剧情', '音乐']",104分钟,2008,日本, 日语,7.2
114,少年手指虎 少年メリケンサック,宫藤官九郎,宫藤官九郎,宫崎葵,佐藤浩市,田口智朗,"['喜剧', '音乐']",125 分钟,2008,日本, 日语,7.2
115,婚礼歌手 The Wedding Singer,弗兰克·克拉斯,提姆·赫利希,亚当·桑德勒,德鲁·巴里摩尔,克里斯蒂娜·泰勒,"['喜剧', '爱情', '音乐']",95 分钟,1998,美国, 英语,7.2
116,伤心的奶水 La teta asustada,克劳迪亚·略萨,克劳迪亚·略萨,玛佳丽·索利埃,Susi Sánchez,Efraín Solís,"['剧情', '音乐']",Argentina: 95 分钟,2009,秘鲁 / 西班牙, 西班牙语 / 克丘亚语,7.2
117,味园Universe 味園ユニバース,山下敦弘,菅野友惠,涩谷昴,二阶堂富美,铃木纱理奈,"['剧情', '喜剧', '音乐']",103分钟,2015,日本, 日语,7.2
118,末世纪暴潮 Strange Days,凯瑟琳·毕格罗,詹姆斯·卡梅隆,拉尔夫·费因斯,安吉拉·贝塞特,朱丽叶特·刘易斯,"['剧情', '动作', '科幻', '悬疑', '惊悚', '音乐', '犯罪', '奇幻']",145 分钟,1995,美国, 英语,7.2
119,神童,萩生田宏治,向井康介,成海璃子,松山研一,手塚理美,"['剧情', '音乐']",120分钟(日本),2007,日本, 日语,7.2
120,倾听你心 Listen to Your Heart,马特·汤普森,Kent Moran,斯碧尔·谢波德,厄尼·萨贝拉,艾莉克希娅·拉斯姆森,"['剧情', '爱情', '音乐']",102分钟,2010,美国, 英语,7.2
121,老人交响乐团 オケ老人！,细川彻,细川彻,杏,黑岛结菜,坂口健太郎,"['喜剧', '音乐']",119分钟,2016,日本, 日语,7.2
122,摇滚斗阵 Bandslam,托德·格拉夫,Josh A. Cagan,艾莉森·米夏卡,凡妮莎·哈金斯,盖南·科内尔,"['喜剧', '音乐']",111分钟,2009,美国, 英语,6.9
123,女狼俱乐部 Coyote Ugly,David McNally,吉娜·温德科斯,派珀·佩拉博,亚当·加西亚,约翰·古德曼,"['剧情', '喜剧', '爱情', '音乐']",100 分钟,2000,美国, 英语,6.9
124,中央舞台2 Center Stage: Turn It Up,史蒂文·雅各布森,凯伦·布洛赫·莫斯,瑞秋·布鲁克·史密斯,肯尼·沃莫尔德 ,莎拉·珍恩·杰森,"['剧情', '音乐']",95分钟,2008,美国 / 加拿大, 英语,6.9
125,魔鬼小提琴家帕格尼尼 Der Teufelsgeiger,Bernard Rose,大卫·葛瑞特,大卫·葛瑞特,类型:,剧情,"['剧情', '音乐']",122分钟,2013,德国 / 意大利, 英语,6.9
126,黄色 Yellow,Alfredo De Villa,Nacoma Whobrey,罗塞莉·桑切斯,比尔·杜克,D·B·斯威尼,"['剧情', '爱情', '音乐', '歌舞']",USA: 90 分钟,2006,美国 / 波多黎各, 英语 / 西班牙语,6.9
127,爱之食粮 Food Of Love,Ventura Pons,David Leavitt,Paul Rhys,Kevin Bishop,Naím Thomas,"['剧情', '同性', '音乐']",112 分钟,2002,西班牙 / 德国, 英语,6.9
128,柠檬大嘴巴 Lemonade Mouth,派翠西亚·里根,April Blair,布丽奇·门德勒,亚当·希克斯,海莉·清子,"['剧情', '喜剧', '爱情', '音乐', '家庭']",106分钟,2011,美国, 英语,6.9
129,地震调音师 The Piano Tuner of Earthquakes,史蒂芬·奎,史蒂芬·奎,阿蜜拉·卡萨,高夫莱德·约翰,阿松波塔·塞尔纳,"['剧情', '爱情', '音乐', '奇幻']",USA: 99 分钟,2005,德国 / 英国 / 法国, 葡萄牙语 / 英语,6.9
130,下流与智慧 Filth and Wisdom,麦当娜,麦当娜,Ade,Gogol Bordello,Elena Buda,"['剧情', '喜剧', '爱情', '音乐']",UK: 81 分钟(PAL Version),2008,英国, 英语 / 俄语 / 印地语,6.9
131,迷惑 La Captive,香特尔·阿克曼,香特尔·阿克曼,斯坦尼斯拉斯·莫哈,西尔维·泰斯蒂,奥利维亚·波纳梅,"['剧情', '爱情', '音乐']",118 分钟,2000,比利时 / 法国, 法语,6.9
132,生活的颤音,滕文骥,滕文骥,史钟麒,冷眉,项茔,"['剧情', '音乐', '历史']",107分钟,1979,中国大陆, 汉语普通话,6.9
133,新美国故事 ATL,Chris Robinson,Tina Gordon Chism,Greg Andrews,Monica Arnold,Brandon Bernard Benton,"['剧情', '喜剧', '爱情', '音乐', '犯罪']",105 分钟,2006,美国, 英语,6.9
134,寻找爱情的下落 Vom Suchen und Finden der Liebe,Helmut Dietl,Helmut Dietl,莫里兹·布雷多,亚历山德拉·玛丽亚·拉娜,乌韦·奥克森克内希特,"['剧情', '喜剧', '爱情', '音乐', '奇幻']",107分钟,2005,德国, 德语 / 希腊语,6.9
135,蓝色骨头,崔健,崔健,赵有亮,倪虹洁,尹昉,"['剧情', '音乐']",100分钟,2013,中国大陆, 汉语普通话,6.8
136,莉琪的异想世界 The Lizzie McGuire Movie,吉姆·弗尔,Ed Decter,希拉里·达芙,亚当·兰伯格,雅尼·吉尔曼,"['喜剧', '爱情', '音乐', '家庭', '冒险']",94 分钟,2003,美国, 英语 / 意大利语,6.8
137,前往希腊剧院 Get Him to the Greek,尼古拉斯·斯托勒,尼古拉斯·斯托勒,拉塞尔·布兰德,乔纳·希尔,萝丝·拜恩,"['喜剧', '音乐', '冒险']",109 分钟,2010,美国, 英语,6.8
138,鼠来宝4：萌在囧途 Alvin and the Chipmunks: The Road Chip,沃尔特·拜克,罗斯·巴格达萨里安,贾斯汀·朗,马修·格雷·古柏勒,杰西·麦卡尼,"['喜剧', '动画', '音乐', '奇幻', '冒险']",92分钟,2015,美国, 英语,6.8
139,摇滚藏獒,艾什·布兰农,郑钧,郭麒麟,路知行,郭德纲,"['动画', '音乐']",93分钟,2016,中国大陆 / 美国 / 香港, 英语,6.8
140,舞力对决 StreetDance 3D,马科斯·吉瓦,简·英格丽史,乔治·山普森,夏洛特·兰普林,多样化街舞组合 Diversity,"['爱情', '音乐', '歌舞']",98分钟(英国),2010,英国, 英语,6.8
141,忘掉莎拉·马歇尔 Forgetting Sarah Marshall,尼古拉斯·斯托勒,杰森·席格尔,杰森·席格尔,克里斯汀·贝尔,米拉·库尼斯,"['剧情', '喜剧', '爱情', '音乐']",111 分钟,2008,美国, 英语 / 夏威夷语,6.5
142,万圣年代 Ten Thousand Saints,莎里·斯宾厄·伯曼,莎里·斯宾厄·伯曼,海莉·斯坦菲尔德,阿萨·巴特菲尔德,伊桑·霍克,"['剧情', '喜剧', '音乐']",113分钟,2015,美国, 英语,6.5
143,我们是你的朋友 We Are Your Friends,麦克斯·约瑟夫,麦克斯·约瑟夫,扎克·埃夫隆,艾米丽·拉塔科斯基,希罗·弗南德兹,"['剧情', '爱情', '音乐']",96分钟,2015,英国 / 法国 / 美国, 英语,6.5
144,摇滚学徒 Rock'n Roll,吉约姆·卡内,吉约姆·卡内,吉约姆·卡内,玛丽昂·歌迪亚,菲利普·莱夫布瓦尔,"['剧情', '喜剧', '音乐']",123分钟,2017,法国, 法语,6.5
145,起势摇滚 起勢搖滾,李志倫,李志倫,Mr.樂隊,卫诗雅,何佩瑜,"['剧情', '音乐']",92分钟(香港),2012,香港, 粤语,6.5
146,蓝调女王 Bessie,迪·里斯,查尔斯·克利夫兰,迈克尔·肯尼斯·威廉姆斯,提卡·森普特,奎恩·拉提法,"['剧情', '音乐', '传记']",112分钟,2015,美国, 英语,6.5
147,摇滚青年,田壮壮,刘毅然,陶金,马羚,史可,"['剧情', '音乐']",85分钟,1988,中国大陆, 汉语普通话,6.5
148,保镖 Bodyguard,Siddique,Atul Agnihotri,萨尔曼·汗,卡琳娜·卡普尔,Mahesh Manjrekar,"['剧情', '喜剧', '爱情', '音乐', '歌舞']",131分钟,2011,印度 India, 印地语 Hindi,6.5
149,心跳砰砰响 Hearts Beat Loud,布雷特·海利,布雷特·海利,尼克·奥弗曼,科雷西·克莱门斯,布莱思·丹纳,"['剧情', '喜剧', '音乐']",97分钟,2018,美国, 英语,6.5
150,无聊现代生活 Modern Life Is Rubbish,丹尼尔·杰罗姆·吉尔,菲利普·加索恩,弗雷娅·梅弗,乔什·怀特豪斯,汤姆·莱利,"['喜剧', '爱情', '音乐']",105分钟,2017,英国, 英语,6.5
151,舞力对决2 StreetDance 2,Max Giwa,Jane English,汤姆·康蒂,乔治·山普森,Falk Hentschel,"['剧情', '爱情', '音乐']",85分钟,2012,英国, 英语,6.4
152,美国梦 American Dreamz,克里斯·韦兹,克里斯·韦兹,休·格兰特,丹尼斯·奎德,曼迪·摩尔,"['喜剧', '音乐']",107 分钟,2006,美国, 英语,6.4
153,乐队,彭磊,彭磊,赵怡文,江雨晨,中野阳,"['剧情', '音乐']",90分钟,2012,中国大陆, 汉语普通话,6.4
154,冈拉梅朵,戴玮,扎西达娃,姜世贞,仁青顿珠,郑昊,"['剧情', '爱情', '音乐']",93分钟,2008,中国大陆, 汉语普通话 / 藏语,6.4
155,爵士灵魂 Miles Ahead,唐·钱德尔,史蒂夫·柏格曼,唐·钱德尔,伊万·麦克格雷格,伊梅雅格特伊·科伦尼伊乐迪,"['剧情', '音乐', '传记']",100分钟,2015,美国, 英语,6.4
156,练·恋·舞 練·戀·舞,郭珍弟,郭珍弟,张孝全,蔡淑臻,张复健,"['剧情', '喜剧', '爱情', '音乐']",Taiwan: 93 分钟,2009,台湾, 汉语普通话,6.4
157,反斗智多星 Wayne's World,佩内洛普·斯皮瑞斯,Bonnie Turner,麦克·梅尔斯,达纳·卡维,罗伯·劳,"['喜剧', '音乐']",94 分钟,1992,美国, 英语 / 粤语,6.4
158,星梦泪痕 Glitter,沃迪·科蒂斯·霍尔,Cheryl L. West,玛丽亚·凯莉,马克思·比斯雷,小家伙,"['爱情', '音乐']",104分钟,2001,美国, 英语,6.0
159,小提琴 Violine,Roman Ilyushenko,Roman Ilyushenko,Johannes Huth,Hannes Sell,类型:,"['同性', '音乐']",12分钟,2012,德国, 德语,6.0
160,四月是你的谎言 四月は君の嘘,新城毅彦,新川直司,广濑铃,山崎贤人,石井杏奈,"['剧情', '爱情', '音乐']",122分钟,2016,日本, 日语,5.9
161,完美音调3 Pitch Perfect 3,翠西·西埃,凯·加农,安娜·肯德里克,蕾蓓尔·威尔森,布兰特妮·斯诺,"['喜剧', '音乐']",93分钟,2017,美国, 英语,5.9
162,偶像先生 Mr. 아이돌,罗喜灿,罗喜灿,池贤宇,朴宰范,金秀路,"['剧情', '音乐']",114分钟,2011,韩国, 韩语,5.9
163,龙之舞 Dance of the Dragon,Max Mannix,Max Mannix,张赫,范文芳,李截,"['剧情', '爱情', '音乐']",111 分钟,2008,新加坡, 英语 / 韩语,5.9
164,幸福卡片 33 Postcards,陈宝玲 ,陈宝玲 ,盖·皮尔斯,朱琳,金燕玲,"['剧情', '音乐']",96分钟,2011,澳大利亚 / 中国大陆, 英语 / 汉语普通话,5.9
165,基达 Grind,Zachary Halley,Zachary Halley,安东尼·拉普,克莱尔·科菲,Pasha Pellosie,"['同性', '音乐', '歌舞']",32分钟,2014,美国, 英语,5.9
166,魔力麦克2 Magic Mike XXL,格里高利·雅各布,雷德·卡罗林,查宁·塔图姆,马特·波莫,乔·曼根尼罗,"['剧情', '喜剧', '音乐']",115分钟,2015,美国, 英语,5.8
167,街头美少女 Bratz,肖恩·麦克纳马拉,Susan Estelle Jansen,洛根·布朗宁,贾娜尔·帕里希,娜塔莉亚·罗蒙丝,"['喜剧', '音乐', '家庭']",USA: 110 分钟,2007,美国, 英语,5.8
168,一曲倾情 Song One,凯特·巴克佛洛兰,凯特·巴克佛洛兰,安妮·海瑟薇,玛丽·斯汀伯根,强尼·弗林,"['剧情', '音乐']",86分钟,2014,美国, 英语,5.8
169,一个很默瑞的圣诞节 A Very Murray Christmas,索菲亚·科波拉,索菲亚·科波拉,比尔·默瑞,乔治·克鲁尼,拉什达·琼斯,"['喜剧', '音乐']",56分钟,2015,美国, 英语,5.8
170,华丽之后 DIVA華麗之後,麦曦茵,麦曦茵,容祖儿,胡歌,杜汶泽,"['爱情', '音乐']",102分钟,2012,香港, 汉语普通话 / 粤语,5.7
171,美国金曲 American Pop,拉尔夫·巴克希,Ronni Kern,Mews Small,Ron Thompson,Jerry Holland,"['剧情', '动画', '音乐']",96 分钟,1981,美国, 英语 / 希伯来语 / 俄语 / 依地语,8.9
172,黄色潜水艇 Yellow Submarine,乔治·杜宁,Lee Minoff,The Beatles,保罗·安吉利斯,约翰·克莱夫,"['喜剧', '动画', '音乐', '奇幻', '冒险']",90分钟,1968,英国 / 美国, 英语,8.8
173,月球漫步 Moonwalker,Colin Chilvers,戴维·纽曼,迈克尔·杰克逊,类型:,音乐,"['音乐', '奇幻']",93 分钟,1988,美国, 英语,8.8
174,从容的快板 Allegro non troppo,布鲁诺·伯茨多,布鲁诺·伯茨多,Maurizio Nichetti,Nestor Garay,Maurizio Micheli,"['喜剧', '动画', '音乐', '奇幻']",85 分钟,1976,意大利, 意大利语,8.8
175,波西米亚狂想曲 Bohemian Rhapsody,布莱恩·辛格,安东尼·麦卡滕,拉米·马雷克,本·哈迪,约瑟夫·梅泽罗,"['剧情', '音乐', '传记']",135分钟,2018,英国 / 美国, 英语,8.7
176,莫扎特传 Amadeus,米洛斯·福尔曼,彼得·谢弗,汤姆·休斯克,F·默里·亚伯拉罕,伊丽莎白·贝里奇,"['剧情', '音乐', '传记']",160 分钟,1984,美国, 英语 / 意大利语 / 德语,8.7
177,摇滚芭比 Hedwig and the Angry Inch,约翰·卡梅隆·米切尔,约翰·卡梅隆·米切尔,约翰·卡梅隆·米切尔,米利亚姆·肖尔,安德列·马丁,"['剧情', '喜剧', '同性', '音乐']",95 分钟,2001,美国, 英语 / 德语,8.7
178,舞台春秋 Limelight,查理·卓别林,查理·卓别林,查理·卓别林,巴斯特·基顿,克莱尔·布鲁姆,"['剧情', '喜剧', '爱情', '音乐']",137 分钟,1952,美国, 英语,8.7
179,弗拉门戈 Flamenco,卡洛斯·绍拉,卡洛斯·绍拉,La Paquera de Jerez,Merche Esmeralda,Manolo Sanlúcar,['音乐'],100 分钟,1995,西班牙, 西班牙语,8.7
180,贾斯汀·汀布莱克：西服与领带 Justin Timberlake Ft. Jay-Z: Suit & Tie,大卫·芬奇,贾斯汀·汀布莱克,贾斯汀·汀布莱克,杰斯,类型:,"['音乐', '歌舞']",5分钟,2013,美国, 英语,8.7
181,这不是弥赛亚 Not the Messiah (He's a Very Naughty Boy),Aubrey Powell,艾瑞克·爱都,艾瑞克·爱都,麦克·帕林,特瑞·琼斯,"['剧情', '喜剧', '音乐']",92 分钟,2010,英国, 英语,8.7
182,彼得与狼：普罗柯菲耶夫的交响童话 Peter and the Wolf: A Prokofiev Fantasy,Steve Bendelack,Claudio Abbado,Claudio Abbado,Roy Hudd,Sting,"['音乐', '儿童']",55分钟,1993,美国, 英语,8.7
183,爆裂鼓手 Whiplash,达米恩·查泽雷,达米恩·查泽雷,迈尔斯·特勒,J·K·西蒙斯,保罗·雷瑟,"['剧情', '音乐']",107分钟,2014,美国, 英语,8.6
184,海盗电台 The Boat That Rocked,理查德·柯蒂斯,理查德·柯蒂斯,比尔·奈伊,肯尼思·布拉纳,菲利普·塞默·霍夫曼,"['剧情', '喜剧', '音乐']",116 分钟,2009,英国 / 德国 / 法国, 英语,8.6
185,想飞的钢琴少年 Vitus,弗兰迪-M.米偌,Peter Luisi,Fabrizio Borsani,泰欧·盖尔基 ,Julika Jenkins,"['剧情', '音乐']",100分钟,2006,瑞士, 瑞士德语 / 英语,8.6
186,音乐会 Le concert,拉杜·米哈伊列亚努,Thierry Degrandi,梅拉尼·罗兰,阿列克塞·古斯科夫,Dimitry Nazarov,"['剧情', '喜剧', '音乐']",122分钟,2009,法国 / 意大利 / 罗马尼亚 / 比利时, 法语 / 俄语,8.6
187,五至七时的克莱奥 Cléo de 5 à 7,阿涅斯·瓦尔达,阿涅斯·瓦尔达,科琳娜·马尔尚,安托万·布尔塞耶,多米妮克·达夫雷,"['剧情', '喜剧', '音乐']",90 分钟,1962,法国 / 意大利, 法语,8.6
188,爵士春秋 All That Jazz,鲍勃·福斯,罗伯特·艾伦·奥瑟,罗伊·沙伊德尔,杰西卡·兰格,利兰·帕尔默,"['剧情', '喜剧', '音乐', '歌舞']",123分钟,1979,美国, 英语 / 西班牙语,8.6
189,古尔德的32个短片 Thirty Two Short Films About Glenn Gould,佛朗索瓦·吉拉德,佛朗索瓦·吉拉德,科鲁姆·费奥瑞,类型:,剧情,"['剧情', '音乐', '传记']",98 分钟,1993,葡萄牙 / 加拿大 / 芬兰 / 荷兰, 英语 / 法语,8.4
190,冒烟 Up in Smoke,汤米·钟,哈利·戴恩·斯坦通／切奇·马林／Val Avery,哈利·戴恩·斯坦通／切奇·马林／Val Avery,类型:,喜剧,"['喜剧', '音乐']",86 分钟,1978,美国, 英语 / 西班牙语,8.4
191,幸运儿 O Lucky Man!,林赛·安德森,大卫·舍温,马尔科姆·麦克道威尔,海伦·米伦,拉尔夫·理查德森,"['剧情', '喜剧', '音乐', '奇幻']",178分钟,1973,英国 / 美国, 英语,8.4
192,小戏骨：补锅,高翔,陶冰蓝,陶冰蓝,钟奕儿,肖杨博涵,"['喜剧', '音乐', '儿童']",28分钟,2016,中国大陆, 汉语普通话,8.4
193,曾经 Once,约翰·卡尼,约翰·卡尼,格伦·汉塞德,玛可塔·伊尔格洛娃,类型:,"['剧情', '爱情', '音乐']",86分钟,2007,爱尔兰, 英语 / 捷克语,8.3
194,八月迷情 August Rush,科斯汀·谢里丹,尼克·卡斯特尔,乔纳森·莱斯·梅耶斯,弗莱迪·海默,罗宾·威廉姆斯,"['剧情', '爱情', '音乐']",114 分钟,2007,美国, 英语,8.3
195,她比烟花寂寞 Hilary and Jackie,安南德·图克尔,Frank Cottrell Boyce,艾米丽·沃森,瑞切尔·格里菲斯,詹姆斯·弗莱恩,"['剧情', '音乐', '传记']",121 分钟,1998,英国, 英语,8.3
196,初恋这首情歌 Sing Street,约翰·卡尼,约翰·卡尼,福迪亚·瓦尔什-匹罗,露西·宝通,杰克·莱诺,"['剧情', '爱情', '音乐']",106分钟,2016,爱尔兰 / 英国 / 美国, 英语 / 法语 / 拉丁语,8.3
197,玫瑰人生 La Môme,奥利维埃·达昂,伊莎贝尔·索伯曼,玛丽昂·歌迪亚,西尔维·泰斯蒂,帕斯卡尔·格雷戈里,"['剧情', '爱情', '音乐', '传记']",140分钟,2007,法国 / 英国 / 捷克, 法语 / 英语,8.3
198,摇摆少女 スウィングガールズ,矢口史靖,矢口史靖,上野树里,平冈祐太,贯地谷栞,"['剧情', '喜剧', '音乐']",105分钟,2004,日本, 日语,8.3
199,灵魂歌王 Ray,泰勒·海克福德,泰勒·海克福德,杰米·福克斯,雷吉娜·金,凯丽·华盛顿,"['剧情', '音乐', '传记']",152 分钟,2004,美国, 英语,8.3
200,搭错车,虞戡平,黄百鸣,孙越,刘瑞琪,李立群,"['剧情', '音乐']",93分钟,1983,香港 / 台湾, 汉语普通话,8.3
201,"沙漠妖姬 The Adventures of Priscilla, Queen of the Desert",斯蒂芬·埃利奥特,斯蒂芬·埃利奥特,雨果·维文,盖·皮尔斯,特伦斯·斯坦普,"['剧情', '喜剧', '同性', '音乐']",104 分钟,1994,澳大利亚 / 英国, 英语 / 菲律宾语,8.3
202,左右情缘 左右情緣,张国荣,张国荣,张国荣,邱淑贞,张柏芝,"['剧情', '爱情', '音乐']",66分钟,1999,香港, 粤语,8.3
203,巴贝特之宴 Babettes gæstebud,加布里埃尔·阿克谢,卡琳·布里克森,斯特凡·奥德朗,博迪尔·谢尔,比吉特·菲德斯皮尔,"['剧情', '爱情', '音乐']",102 分钟,1987,丹麦, 丹麦语 / 瑞典语 / 法语,8.3
204,今生情未了 Un coeur en hiver,克洛德·苏台,克洛德·苏台,丹尼尔·奥特伊,艾曼纽·贝阿,安德烈·杜索里埃,"['剧情', '爱情', '音乐']",105分钟,1992,法国, 法语,8.3
205,英俊少年 Heintje - Einmal wird die Sonne wieder scheinen,汉斯·海因里希,Barbara Anders,海因切·西蒙斯,海因茨·莱纳克,保罗·达尔克,"['音乐', '家庭']",98分钟,1970,西德, 德语,8.3
206,福禄双霸天 The Blues Brothers,约翰·兰迪斯,丹·艾克罗伊德,约翰·贝鲁西,丹·艾克罗伊德,詹姆斯·布朗,"['喜剧', '动作', '音乐', '犯罪']",133分钟,1980,美国, 英语,8.3
207,猫儿历险记 The Aristocats,沃夫冈·雷瑟曼,Larry Clemmons,菲尔·哈里斯 ,伊娃·嘉宝,斯特灵·哈洛威,"['喜剧', '动画', '音乐', '冒险']",78分钟,1970,美国, 英语,8.3
208,乐队来访 ביקור התזמורת,艾伦·科勒林,艾伦·科勒林,塞森·加布埃,罗内特·艾尔卡贝兹,萨莱·巴克里,"['剧情', '音乐']",87分钟,2007,以色列 / 法国 / 美国, 希伯来语 / 阿拉伯语 / 英语,8.1
209,温柔的怜悯 Tender Mercies,布鲁斯·贝尔斯福德,霍顿·福特,罗伯特·杜瓦尔,泰丝·哈珀,贝蒂·巴克利,"['剧情', '音乐']",92分钟,1983,美国, 英语,8.1
210,其实在天堂 Så som i himmelen,凯·波拉克,安德斯·尼伯格,迈克尔·恩奎斯特,弗里达·霍尔格伦,海伦·修荷姆 ,"['剧情', '爱情', '音乐']",132分钟,2004,瑞典, 瑞典语 / 英语 / 意大利语,8.1
211,唱翻哈瓦那 Habana Blues,本尼托·萨姆布拉诺,Ernesto Chao,Alberto Yoel,Roberto Sanmartín,Yailene Sierra,"['剧情', '音乐']",Argentina: 110 分钟,2005,西班牙 / 古巴 / 法国, 西班牙语,8.1
212,船续前行 E la nave va,费德里科·费里尼,费德里科·费里尼,弗雷迪·琼斯,芭芭拉·杰夫德,Victor Poletti,"['剧情', '喜剧', '音乐', '战争']",132 分钟,1983,意大利 / 法国, 意大利语 / 德语 / 塞尔维亚-克罗埃西亚语,8.1
213,圣诞欢歌 The Muppet Christmas Carol,布赖恩 汉森 (Brian Henson),查尔斯·狄更斯,Michael Caine,Dave Goelz,Donald Austen,"['喜剧', '音乐', '歌舞', '家庭', '奇幻']",85 分钟,1992,美国, 英语,8.1
214,修女也疯狂 Sister Act,埃米利·阿朵里诺,Joseph Howard,乌比·戈德堡,玛吉·史密斯,凯茜·纳基麦,"['喜剧', '音乐', '犯罪']",100 分钟,1992,美国, 英语,8.0
215,钢琴课 The Piano,简·坎皮恩,简·坎皮恩,霍利·亨特,哈威·凯特尔,山姆·尼尔,"['剧情', '爱情', '音乐']",121分钟,1993,新西兰 / 澳大利亚 / 法国, 英语 / 英国手语 / 毛利语,8.0
216,座头市 座頭市,北野武,北野武,北野武,浅野忠信,大楠道代,"['剧情', '喜剧', '动作', '音乐', '犯罪']",116 分钟,2003,日本, 日语,8.0
217,几近成名 Almost Famous,卡梅伦·克罗,卡梅伦·克罗,比利·克鲁德普,弗兰西斯·麦克多蒙德,凯特·哈德森,"['剧情', '音乐']",122分钟,2000,美国, 英语,8.0
218,大门 The Doors,奥利佛·斯通,兰道尔·约翰逊,方·基默,梅格·瑞恩,凯尔·麦克拉克伦,"['剧情', '音乐', '传记']",140 分钟,1991,美国, 英语,8.0
219,咖啡与香烟 Coffee and Cigarettes,吉姆·贾木许,吉姆·贾木许,罗伯托·贝尼尼,史蒂夫·赖特,茹瓦·李,"['剧情', '喜剧', '音乐']",95 分钟,2003,美国 / 日本 / 意大利, 英语 / 法语,8.0
220,BEYOND日记之莫欺少年穷 BEYOND日記之莫欺少年窮,宋豪辉,张肇麟,黄家驹,黄家强,黄贯中,"['喜剧', '音乐']",91分钟,1991,香港, 粤语,8.0
221,名扬四海 Fame,艾伦·帕克,Christopher Gore,埃迪·巴特,Irene Cara,Lee Curreri,"['剧情', '音乐']",134 分钟,1980,美国, 英语 / 西班牙语 / 法语,8.0
222,川流熙攘 Hustle & Flow,克雷格·布鲁尔,克雷格·布鲁尔,泰伦斯·霍华德,安东尼·安德森,塔恩·曼宁,"['剧情', '音乐', '犯罪']",116 分钟,2005,美国, 英语,8.0
223,弦动我心 Music of the Heart,韦斯·克雷文,Pamela Gray,梅丽尔·斯特里普,克萝丽丝·利奇曼,安吉拉·贝塞特,"['剧情', '音乐']",124 分钟,1999,美国, 英语,8.0
224,无人知晓的波斯猫 کسی از گربه‌های ایرانی خبر نداره,巴赫曼·戈巴迪,巴赫曼·戈巴迪,Negar Shaghaghi,Ashkan Koshanejad,哈穆德·贝哈德,"['剧情', '音乐']",106分钟,2009,伊朗, 波斯语,8.0
225,兄弟 Брат,阿历克塞·巴拉巴诺夫,阿历克塞·巴拉巴诺夫,小谢尔盖·波德洛夫,维克托·苏霍卢科夫,Svetlana Pismichenko,"['剧情', '音乐', '犯罪']",96 分钟,1997,俄罗斯, 俄语 / 英语 / 法语,8.0
226,娜娜 Nana,大谷健太郎,矢泽爱,中岛美嘉,宫崎葵,成宫宽贵,"['剧情', '音乐']",113 分钟,2005,日本, 日语 / 英语,7.8
227,摇滚校园 The School of Rock,理查德·林克莱特,麦克·怀特,杰克·布莱克,亚当·帕斯考,卢卡斯·帕佩利亚斯,"['喜剧', '音乐']",108分钟,2003,美国 / 德国, 英语,7.8
228,青木瓜之味 Mùi Đu Đủ Xanh,陈英雄,陈英雄,陈女燕溪,如琼,Thi Loc Truong,"['剧情', '爱情', '音乐']",104 分钟,1993,越南 / 法国, 越南语,7.8
229,和你在一起,陈凯歌,薛晓路,唐韵,刘佩琦,陈红,"['剧情', '音乐']",116 分钟,2002,中国大陆, 汉语普通话,7.8
230,光猪六壮士 The Full Monty,彼得·卡坦纽,西蒙·博福伊,罗伯特·卡莱尔,马克·阿蒂,汤姆·威尔金森,"['喜剧', '音乐']",91 分钟,1997,英国, 英语,7.8
231,早死早投胎之地狱摇滚篇 TOO YOUNG TO DIE！ 若くして死ぬ,宫藤官九郎,宫藤官九郎,长濑智也,神木隆之介,荒川良良,"['喜剧', '音乐', '奇幻']",125分钟,2016,日本, 日语,7.8
232,与歌同行 Walk the Line,詹姆斯·曼高德,吉尔·丹尼斯,杰昆·菲尼克斯,瑞茜·威瑟斯彭,罗伯特·帕特里克,"['剧情', '爱情', '音乐', '传记']",136 分钟,2005,美国 / 德国, 英语 / 俄语,7.8
233,盛夏 Лето,基里尔·谢列布连尼科夫,米哈伊尔·伊多夫,刘太旿,伊琳娜·斯达申鲍姆,罗曼·比利克,"['音乐', '传记']",126分钟,2018,俄罗斯, 俄语,7.8
234,噪反城市 Sound of Noise,乌拉·西蒙森,乌拉·西蒙森,Bengt Nilsson,Sanna Persson,类型:,"['喜剧', '爱情', '惊悚', '音乐', '犯罪']",97分钟,2010,瑞典 / 法国, 瑞典语,7.8
235,匪帮说唱传奇 Notorious,小乔治·提尔曼,里基·洛克·拜斯伍德,贾马尔·伍拉德,Mohamed Dione,德里克·卢克,"['剧情', '音乐', '传记']",122 分钟,2009,美国, 英语,7.8
236,甜蜜与卑微 Sweet and Lowdown,伍迪·艾伦,伍迪·艾伦,西恩·潘,萨曼莎·莫顿,Dan Moran,"['喜剧', '音乐']",95 分钟,1999,美国, 英语,7.8
237,猎犬 Hounddog,戴宝拉·卡姆普梅尔,戴宝拉·卡姆普梅尔,达科塔·范宁,伊莎贝拉·弗尔曼,派珀·劳瑞,"['剧情', '音乐']",USA: 102 分钟,2007,美国, 英语,7.8
238,灰色花园 Grey Gardens,迈克尔·苏克西,迈克尔·苏克西,德鲁·巴里摩尔,杰西卡·兰格,珍妮·特里普里霍恩,"['剧情', '喜剧', '音乐']",104分钟,2009,美国, 英语,7.8
239,声梦奇遇 Attila Marcel,希尔万·肖默,希尔万·肖默,纪尧姆·谷伊,安娜·勒尼,贝纳德特·拉封,"['喜剧', '音乐']",106分钟,2013,法国, 法语,7.8
240,一曲难忘 A Song to Remember,查尔斯·维多,西德尼·巴克曼,保罗·穆尼,梅尔·奥勃朗,柯纳·王尔德,"['剧情', '音乐', '传记']",113 分钟,1945,美国, 英语,7.8
241,风的旅程 Los viajes del viento,西罗·格拉,西罗·格拉,Marciano Martínez,Yull Núñez,类型:,"['剧情', '音乐']",Colombia: 117 分钟,2009,哥伦比亚 / 荷兰 / 阿根廷 / 德国, 西班牙语,7.8
242,乐鼓热线 Drumline,查尔斯·斯通三世,Tina Gordon Chism,尼克·卡农,佐伊·索尔达娜,奥兰多·琼斯,"['剧情', '喜剧', '爱情', '音乐']",118 分钟,2002,美国, 英语,7.8
243,紫雨 Purple Rain,阿尔伯特·麦诺尼,阿尔伯特·麦诺尼,王子,阿波罗尼·卡特罗,莫里斯·黛,"['剧情', '爱情', '音乐', '歌舞']",111分钟,1984,美国, 英语,7.8
244,四重人格 Quadrophenia,弗兰克·罗达姆,戴夫·亨弗里斯,菲尔·丹尼尔斯,莱斯利·艾什,斯汀,"['剧情', '音乐', '犯罪']",120分钟,1979,英国, 英语,7.8
245,舞出我人生3 Step Up 3D,朱浩伟,Amy Andelson,瑞奇·马兰博瑞,亚当·G·瑟瓦尼,沙妮·文森,"['剧情', '爱情', '音乐']",107 分钟,2010,美国, 英语,7.6
246,舞出我人生4 Step Up: Revolution,斯科特·斯皮尔,杜安·阿德勒,瑞安·古兹曼,凯瑟琳·麦考米克,杰西卡·瓜迪克斯,"['剧情', '爱情', '音乐']",99分钟,2012,美国, 英语,7.6
247,疯狂的心 Crazy Heart,斯科特·库珀,斯科特·库珀,杰夫·布里吉斯,玛吉·吉伦哈尔,科林·法瑞尔,"['剧情', '爱情', '音乐']",112 分钟,2009,美国, 英语,7.6
248,怪兽在巴黎 Un monstre à Paris,毕鲍·鲍格朗,毕鲍·鲍格朗,丹尼·赫斯顿,凯瑟琳·欧哈拉,亚当·戈德堡,"['喜剧', '动画', '音乐', '奇幻', '冒险']",90分钟,2011,法国, 法语,7.6
249,奇迹，那天如此重要 キセキ―あの日のソビト―,兼重淳,齐藤浩史,松坂桃李,菅田将晖,忽那汐里,"['剧情', '喜剧', '音乐']",111分钟,2017,日本, 日语,7.6
250,重金属囧途 Hevi reissu,裘索·拉提欧,裘索·拉提欧,托尔斯坦·比约克朗德,安蒂·希海基宁,维尔·希尔卡,"['喜剧', '音乐']",92分钟,2018,芬兰 / 挪威, 芬兰语 / 英语 / 挪威语,7.6
251,丹尼·科林斯 Danny Collins,丹·福格尔曼,丹·福格尔曼,阿尔·帕西诺,安妮特·贝宁,詹妮弗·加纳,"['剧情', '喜剧', '音乐']",106分钟,2015,美国, 英语,7.6
252,我心遗忘的节奏 De battre mon coeur s'est arrêté,雅克·欧迪亚,雅克·欧迪亚,罗曼·杜里斯,艾曼纽·德芙,奥雷·阿蒂卡,"['剧情', '动作', '爱情', '惊悚', '音乐', '犯罪']",Germany: 107 分钟,2005,法国, 法语 / 英语 / 俄语 / 汉语普通话 / 越南话,7.6
253,琳达！琳达！琳达！ リンダ リンダ リンダ,山下敦弘,向井康介,前田亚季,裴斗娜,香椎由宇,"['剧情', '喜剧', '音乐']",114分钟,2005,日本, 日语,7.6
254,纵情四海 The Man Who Cried,莎莉·波特,莎莉·波特,克里斯蒂娜·里奇,凯特·布兰切特,约翰·特托罗,"['剧情', '爱情', '音乐', '战争']",100 分钟,2000,英国 / 法国, 英语 / 法语 / 意大利语 / 罗马尼亚语 / 俄语 / 吉普赛语,7.6
255,大提琴手 セロ弾きのゴーシュ,高畑勋,宫泽贤治,佐々木秀樹,雨森雅司,白石冬美,"['动画', '音乐', '奇幻']",60分钟,1982,日本, 日语,7.6
256,生为蓝调 Born to Be Blue,罗伯特·布德里奥,罗伯特·布德里奥,伊桑·霍克,卡门·艾乔戈,考乐姆·吉斯·雷尼,"['剧情', '音乐', '传记']",97分钟,2015,加拿大 / 英国, 英语,7.6
257,芳名卡门 Prénom Carmen,让-吕克·戈达尔,安娜-玛丽·米埃维尔,玛鲁施卡·迪特马斯,贾克·鲍那非,米里昂·鲁塞尔,"['剧情', '喜剧', '爱情', '音乐', '犯罪']",85 分钟,1983,法国, 法语,7.6
258,摇滚万万岁 This Is Spinal Tap,罗伯·莱纳,克里斯托弗·格斯特,罗伯·莱纳,迈克尔·麦基恩,克里斯托弗·格斯特,"['喜剧', '音乐']",82 分钟,1984,美国, 英语,7.6
259,奇可和丽塔 Chico & Rita,Tono Errando,Ignacio Martínez de Pisón,Limara Meneses,Mario Guerra,Enan Oña,"['爱情', '动画', '音乐']",94分钟,2010,西班牙 / 英国, 西班牙语 / 英语 / 法语,7.6
260,塞尔日·甘斯布：英雄人生 Gainsbourg (Vie héroïque),Joann Sfar,Joann Sfar,埃里克·埃尔莫斯尼诺,米兰妮·让帕诺米,安娜·穆格拉利斯,"['剧情', '音乐', '传记']",130分钟,2010,法国, 法语,7.6
261,春光奏鸣曲 Impromptu,James Lapine,萨拉·科诺辰,朱迪·戴维斯,休·格兰特,曼迪·帕廷金,"['喜剧', '爱情', '音乐']",107 分钟,1991,英国 / 法国, 英语,7.6
262,摇滚巨星 Rock Star,斯蒂芬·赫瑞克,约翰·斯托克韦尔,马克·沃尔伯格,詹妮弗·安妮斯顿,杰森·弗莱明,"['剧情', '喜剧', '音乐']",105 分钟,2001,美国, 英语,7.6
263,他们结婚了还有很多孩子 Ils se marièrent et eurent beaucoup d'enfants,伊万·阿达勒,伊万·阿达勒,伊万·阿达勒,夏洛特·甘斯布,阿兰·夏巴,"['剧情', '喜剧', '音乐']",100 分钟,2004,法国, 法语 / 英语 / 意大利语,7.6
264,飞跃情海 Beyond the Sea,凯文·史派西,凯文·史派西,凯文·史派西,凯特·波茨沃斯,约翰·古德曼,"['剧情', '音乐', '歌舞', '传记']",118 分钟,2004,美国 / 德国 / 英国, 英语,7.6
265,醋海风波 Unfaithfully Yours,霍华德·齐耶夫,巴瑞·莱文森,娜塔莎·金斯基,达德利·摩尔,阿曼德·阿山特,"['喜剧', '爱情', '音乐']",96 分钟,1984,美国, 英语,7.4
266,卖艺春秋 Luci del varietà,费德里科·费里尼,费德里科·费里尼,佩皮诺·德·菲利波,卡拉·德尔·波吉奥,朱丽叶塔·马西纳,"['剧情', '爱情', '音乐']",93 分钟,1950,意大利, 意大利语,7.4
267,摇滚兄弟 Brothers of the Head,吉斯·富顿,托尼·格里索尼,哈里·崔德威,卢克·崔德威,Bryan Dick,"['剧情', '音乐']",93 分钟,2005,英国, 英语,7.4
268,金钱陷阱 The Money Pit,理查德·本杰明,David Giler,汤姆·汉克斯,谢莉·朗,亚历山大·乔杜诺夫,"['喜剧', '音乐']",91 分钟,1986,美国, 英语,7.4
269,浮生若舞 The Company,罗伯特·奥特曼,Barbara Turner,内芙·坎贝尔,马尔科姆·麦克道威尔,詹姆斯·弗兰科,"['剧情', '爱情', '音乐']",Canada: 112 分钟(Toronto International Film Festival),2003,美国 / 德国, 英语,7.4
270,庆典 Jubilee,德里克·贾曼,德里克·贾曼,珍妮·鲁纳奎,尼尔·坎贝尔,托亚·威尔考克斯,"['剧情', '音乐']",100 分钟,1978,英国, 英语,7.4
271,乡下姑娘 The Country Girl,乔治·希顿,Clifford Odets,平·克劳斯贝,格蕾丝·凯利,威廉·霍尔登,"['剧情', '音乐']",104分钟,1954,美国, 英语,7.4
272,帕蒂蛋糕$ Patti Cake$,杰里米·贾斯珀,杰里米·贾斯珀,凯西·莫拉蒂,麦考尔·隆巴蒂,丹尼尔·斯图尔特·谢尔曼,"['剧情', '音乐']",109分钟,2017,美国, 英语,7.4
273,手铐情人 Tonight You're Mine,大卫·马肯兹,托马斯·莱弗里特,卢克·崔德威,娜塔丽·特纳,瑞贝卡·本森,"['喜剧', '音乐']",77分钟,2011,英国, 英语,7.4
274,天使的肌肤 Peau d'ange,文森特·佩雷斯,热罗姆·托内尔,Morgane Moré,吉约姆·德帕迪约,Karine Silla,"['剧情', '爱情', '音乐']",85 分钟,2002,法国, 法语,7.4
275,狂野人生 Das wilde Leben,阿希姆·博尔哈克,Dagmar Benke,娜塔莉·爱娃隆,马提亚斯·施维赫夫,David Scheller,"['剧情', '喜剧', '音乐', '传记']",114分钟,2007,德国, 德语 / 英语 / 意大利语,7.4
276,风中新娘 Bride of the Wind,布鲁斯·贝尔斯福德,Marilyn Levy,莎拉·温特,乔纳森·普雷斯,文森特·佩雷斯,"['剧情', '爱情', '音乐', '传记']",99分钟,2001,英国 / 德国 / 奥地利, 英语,7.4
277,不速之客 The Harder They Come,Perry Henzell,Perry Henzell,吉米·克里夫,Janet Bartley,Carl Bradshaw,"['剧情', '音乐', '犯罪']",USA: 120 分钟,1972,牙买加, 英语,7.4
278,爱的五种方式 The Five Senses,杰里米 伯德斯华 (Jeremy Podeswa),杰里米 伯德斯华 (Jeremy Podeswa),Molly Parker,Mary-Louise Parker,类型:,"['剧情', '喜剧', '音乐']",Argentina: 106 分钟,1999,加拿大, 法语 / 英语 / 意大利语,7.4
279,闪光少女,王冉,鲍鲸鲸,徐璐,彭昱畅,刘泳希,"['喜剧', '音乐']",103分钟,2017,中国大陆, 汉语普通话,7.3
280,舞出我人生2：街舞 Step Up 2: The Streets,朱浩伟,托妮安约翰森,布莱恩娜·伊维根,罗伯特·霍夫曼,亚当·G·瑟瓦尼,"['剧情', '爱情', '音乐']",98 分钟,2008,美国, 英语 / 俄语,7.3
281,音为爱 SuckSeed ห่วยขั้นเทพ,查亚诺普·布恩帕拉科布,查亚诺普·布恩帕拉科布,吉拉育·拉翁马尼,帕查拉·奇拉锡瓦特,娜塔莎·劳佳姆,"['喜剧', '爱情', '音乐']",130分钟,2011,泰国, 泰语,7.3
282,修女也疯狂2 Sister Act 2: Back in the Habit,比尔·杜克,Joseph Howard,乌比·戈德堡,凯茜·纳基麦,巴纳德·休斯,"['喜剧', '音乐']",107 分钟,1993,美国, 英语,7.3
283,热舞甜心 Honey,比勒·沃道夫,Alonzo Brown,杰西卡·阿尔芭,Romeo,梅奇·费法,"['剧情', '爱情', '音乐']",94 分钟,2003,美国, 英语,7.3
284,绷带 BANDAGE バンデイジ,小林武史,岩井俊二,赤西仁,北乃绮,高良健吾,"['剧情', '爱情', '音乐']",Japan: 119 分钟,2010,日本, 日语,7.3
285,列宁格勒牛仔搭摩西 Leningrad Cowboys Meet Moses,阿基·考里斯马基,Sakke Järvenpää,Twist-Twist Erkinharju,Ben Granfelt,Sakke Järvenpää,"['喜剧', '音乐', '冒险']",94分钟,1994,芬兰 / 德国 / 法国, 英语,7.2
286,浑身是劲 Footloose,赫伯特·罗斯,迪安·皮奇福德,凯文·贝肯,洛里·辛格,约翰·利思戈,"['剧情', '爱情', '音乐']",107 分钟,1984,美国, 英语,7.2
287,哭泣的玫瑰 Selena,格雷戈里·内瓦,格雷戈里·内瓦,詹妮弗·洛佩兹,爱德华·詹姆斯·奥莫斯,乔恩·塞达,"['剧情', '音乐', '传记']",127 分钟,1997,美国, 英语 / 西班牙语,7.2
288,酣歌畅戏 Topsy-Turvy,迈克·李,迈克·李,吉姆·布劳德本特,阿兰·柯德勒,蒂莫西·斯波,"['剧情', '喜剧', '音乐', '歌舞', '传记']",160 分钟,1999,英国, 英语 / 法语 / 德语 / 日语 / 意大利语,7.2
289,宛如幻像 Comme une image,阿涅丝·夏薇依,Jean-Pierre Bacri,阿涅丝·夏薇依,让-皮埃尔·巴克里,类型:,"['剧情', '喜剧', '爱情', '音乐']",110 分钟,2004,法国 / 意大利, 法语 / 意大利语,7.2
290,歌剧红伶 Diva,让-雅克·贝奈克斯,Daniel Odier,罗兰·伯汀,理查德·波林热,弗雷德里克·安德雷,"['剧情', '动作', '爱情', '悬疑', '惊悚', '音乐']",117分钟(法国),1981,法国, 法语 / 英语,7.2
291,我爱英格 Mannen som elsket Yngve,Stian Kristiansen,Tore Renberg,Rolf Kristian Larsen,Arthur Berning,Ida Elise Broch,"['剧情', '喜剧', '音乐']",90 分钟,2008,挪威, 挪威语,7.2
292,别碰斧子 Ne touchez pas la hache,雅克·里维特,帕斯卡尔·博尼策尔,让娜·巴利巴尔,吉约姆·德帕迪约,布鲁·欧吉尔,"['剧情', '爱情', '音乐']",137 分钟,2007,法国 / 意大利, 法语 / 西班牙语,7.2
293,帕西法尔 Perceval le Gallois,埃里克·侯麦,埃里克·侯麦,法布莱斯·鲁奇尼,安德烈·杜索里埃,Solange Boulanger,"['剧情', '爱情', '音乐', '战争']",140 分钟,1978,法国 / 意大利 / 西德, 法语,7.2
294,千年之恋之源氏物语 千年の恋 ひかる源氏物語,崛川顿幸 (Tonko Horikawa),早坂暁,天海祐希,常盘贵子,吉永小百合,"['剧情', '爱情', '音乐', '传记', '历史']",143 分钟,2001,日本, 日语,7.1
295,超乎想象 I Can Only Imagine,安德鲁·欧文,乔恩·欧文,J·迈克尔·芬利,布洛迪·罗斯,丹尼斯·奎德,"['剧情', '音乐']",110分钟,2018,美国, 英语,7.1
296,愈坏愈要爱 F. est un salaud,马塞尔·吉斯莱,Martin Frank,Frédéric Andrau,Vincent Branchet,Urs Peter Halter,"['剧情', '爱情', '同性', '音乐']",91 分钟,1998,法国 / 瑞士, 法语,7.1
297,激乐人心 Get on Up,泰特·泰勒,杰斯·巴特沃斯,查德维克·博斯曼,尼尔森·埃利斯,丹·艾克罗伊德,"['剧情', '音乐', '传记']",138分钟,2014,美国, 英语,7.1
298,最后的迪斯科 The Last Days of Disco,惠特·斯蒂尔曼,惠特·斯蒂尔曼,科洛·塞维尼,凯特·贝金赛尔,克里斯·埃吉曼,"['剧情', '喜剧', '爱情', '音乐']",113 分钟,1998,美国, 英语,7.1
299,迷幻演出 Performance,尼古拉斯·罗伊格,唐纳德·卡梅尔,詹姆斯·福克斯,米克·贾格尔,安妮塔·帕里博格,"['剧情', '音乐', '犯罪', '奇幻']",105 分钟,1970,英国, 英语,7.1
300,极盗车神 Baby Driver,埃德加·赖特,埃德加·赖特,安塞尔·艾尔高特,凯文·史派西,杰米·福克斯,"['动作', '音乐', '犯罪']",113分钟,2017,英国 / 美国, 英语 / 美国手语,7.0
301,逃亡乐队 The Runaways,弗洛莉娅·塞吉斯蒙迪,弗洛莉娅·塞吉斯蒙迪,克里斯汀·斯图尔特,达科塔·范宁,迈克尔·珊农,"['剧情', '音乐', '传记']",106 分钟,2010,美国, 英语,7.0
302,独奏者 The Soloist,乔·赖特,苏珊娜·格兰特,杰米·福克斯,小罗伯特·唐尼,瑞秋·哈里斯,"['剧情', '音乐', '传记']",117 分钟,2009,英国 / 美国 / 法国, 英语,7.0
303,最后的日子 Last Days,格斯·范·桑特,格斯·范·桑特,迈克尔·皮特,卢卡斯·哈斯,艾莎·阿基多,"['剧情', '音乐', '传记']",97 分钟,2005,美国, 英语,7.0
304,摇滚之神 Tenacious D in The Pick of Destiny,里亚姆·林奇,杰克·布莱克,杰克·布莱克,凯尔·加斯,本·斯蒂勒,"['喜剧', '音乐', '冒险']",93 分钟,2006,美国 / 德国, 英语,6.8
305,岁月无声,周旭,马德林,范植伟,马思纯,蒙亭宜,"['剧情', '爱情', '音乐']",93分钟,2012,中国大陆 / 香港, 汉语普通话,6.8
306,郎在对门唱山歌,章明,章明,杰珂,吕星辰,冯国庆,"['剧情', '音乐']",103分钟,2011,中国大陆, 汉语普通话,6.8
307,我的英格兰 England Is Mine,马克·吉尔,马克·吉尔,杰克·劳登,杰西卡·布朗·芬德利,朱迪·科默,"['剧情', '音乐', '传记']",94分钟,2017,英国, 英语,6.8
308,1999年中央电视台春节联欢晚会,黄海涛,赵忠祥,赵忠祥,倪萍,周涛,"['音乐', '歌舞']",225分钟,1999,中国大陆, 汉语普通话,6.8
309,万视瞩目 All Eyez on Me,班尼·博姆,杰里米·哈夫特,德米特里厄斯·西普,丹娜·奎里拉,卡特琳娜·格兰厄姆,"['剧情', '音乐', '传记']",140分钟,2017,美国, 英语,6.8
310,滚石风云 Stoned,Stephen Woolley,里奥·格雷高里,里奥·格雷高里,本·卫肖,帕迪·康斯戴恩,"['剧情', '音乐', '传记']",102 分钟,2005,英国, 英语,6.8
311,加布里埃尔 Gabrielle,路易斯·阿桑宝特,路易斯·阿桑宝特,Gabrielle Marion-Rivard,梅丽莎·德索蒙斯-波林,亚历山大·朗德利,"['剧情', '爱情', '音乐']",104分钟,2013,加拿大, 法语,6.8
312,爱情无限谱 Nick and Norah's Infinite Playlist,彼得·苏列特,劳伦·斯卡法莉娅,迈克尔·塞拉,凯特·戴琳斯,艾伦·余,"['剧情', '喜剧', '爱情', '音乐']",Canada: 90 分钟(Toronto International Film Festival),2008,美国, 英语,6.7
313,派对搭讪秘诀 How to Talk to Girls at Parties,约翰·卡梅隆·米切尔,菲里帕·格斯莱特,妮可·基德曼,露丝·威尔森,艾丽·范宁,"['喜剧', '爱情', '科幻', '音乐']",102分钟,2017,英国 / 美国, 英语,6.7
314,鼠来宝3 Alvin and the Chipmunks: Chip-Wrecked,迈克·米切尔,乔纳森·阿贝尔,贾斯汀·朗,杰西·麦卡尼,马修·格雷·古柏勒,"['喜剧', '动画', '音乐', '家庭', '奇幻']",87分钟,2011,美国, 英语,6.7
315,哀乐女子天团,桑木天,郭昱德,杨小兰,刘頔,尹菲,"['剧情', '音乐']",86分钟,2017,中国大陆, 汉语普通话,6.7
316,纪念 Souvenir,巴沃·德弗恩,巴沃·德弗恩,伊莎贝尔·于佩尔,凯文·阿札伊斯,约翰·雷森,"['剧情', '爱情', '音乐']",90分钟,2016,比利时 / 卢森堡 / 法国, 法语,6.7
317,"赤裸朱丽叶 Juliet, Naked",杰西·派瑞兹,吉姆·泰勒,萝丝·拜恩,伊桑·霍克,克里斯·奥多德,"['剧情', '喜剧', '爱情', '音乐']",97分钟,2018,美国, 英语,6.7
318,母牛总动员 Home on the Range,John Sanford,John Sanford,G.W.拜利,罗西妮·巴尔,史蒂夫·布西密,"['动画', '音乐', '家庭', '西部']",76 分钟,2004,美国, 英语,6.7
319,留住最后一支舞2 Save the Last Dance 2,David Petrarca,Duane Adler,伊莎贝拉·米珂,哥伦布·绍特,杰奎琳·比塞特,"['剧情', '爱情', '音乐']",90 分钟,2006,美国, 英语,6.7
320,我仍在这里 I'm Still Here: The Lost Year of Joaquin Phoenix,卡西·阿弗莱克,卡西·阿弗莱克,杰昆·菲尼克斯,类型:,喜剧,"['喜剧', '音乐']",106分钟,2010,美国, 英语,6.7
321,灵魂梦飞翔 Soul Plane,Jessy Terrero,Bo Zenga,凯文·哈特,马索·曼恩,汤姆·阿诺德,"['喜剧', '音乐']",86 分钟,2004,美国, 英语 / 西班牙语,6.7
322,亿万唱诗班 The Fighting Temptations,乔纳森 林恩 (Jonathan Lynn),Elizabeth Hunter,小库珀·古丁,碧昂丝·诺尔斯,类型:,"['剧情', '喜剧', '爱情', '音乐']",123 分钟,2003,美国, 英语,6.7
323,激情意外 I Want You,迈克尔·温特伯顿,Eoin McNamee,蕾切尔·薇兹,亚历桑德罗·尼沃拉,Luka Petrusic,"['剧情', '爱情', '音乐', '犯罪']",87 分钟,1998,英国, 英语,6.4
324,沉月 月に沈む,行定勲 (Yukisada Isao),行定勋,滨崎步,伊势谷友介,香川照之,"['剧情', '爱情', '音乐', '奇幻']",40分钟,2002,日本, 日语,6.4
325,周末狂欢 Weekender,Karl Golden,克里斯·乔奇,杰克·奥康奈尔,Zawe Ashton,艾米丽·巴克雷,"['剧情', '喜剧', '惊悚', '音乐']",90分钟,2011,英国, 英语,6.4
326,飞越美人谷 Beyond the Valley of the Dolls,罗斯·梅尔,罗杰·伊伯特,Dolly Read,辛西娅·迈尔斯,玛西亚·麦克布朗,"['喜剧', '音乐']",109 分钟,1970,美国, 英语,6.4
327,舞出我人生5 Step Up: All In,翠西·西埃,约翰·斯韦特纳姆,瑞安·古兹曼,布莱恩娜·伊维根,亚当·G·瑟瓦尼,"['剧情', '爱情', '音乐']",112分钟,2014,美国, 英语,6.3
328,我想吃掉你 Je te mangerais,Sophie Laloy,Jean-Luc Gaget,Judith Davis,伊希尔·勒·贝斯柯,约翰·利贝罗,"['剧情', '同性', '音乐']",96 分钟,2009,法国, 法语,6.3
329,安妮：纽约奇缘 Annie,威尔·古勒,威尔·古勒,杰米·福克斯,奎文赞妮·瓦利斯,萝丝·拜恩,"['剧情', '喜剧', '音乐', '家庭']",118分钟,2014,美国, 英语,6.3
330,瑞奇和闪电 Ricki and the Flash,乔纳森·戴米,迪亚波罗·科蒂,梅丽尔·斯特里普,凯文·克莱恩,麦米·古默,"['剧情', '喜剧', '音乐']",101分钟,2015,美国, 英语,6.3
331,我看到了光 I Saw the Light,马克·亚伯拉罕,马克·亚伯拉罕,汤姆·希德勒斯顿,伊丽莎白·奥尔森,切莉·琼斯,"['剧情', '音乐', '传记']",123分钟,2015,美国, 英语,6.3
332,亲爱的克拉拉 Geliebte Clara,贺玛·桑德斯-勃拉姆斯,Nicole-Lise Bernheim,马蒂娜·格德克,马立克·兹迪,帕斯卡尔·格雷戈里,"['剧情', '音乐', '传记']",Germany: 107 分钟,2008,德国 / 法国 / 匈牙利, 德语,6.3
333,2000年中央电视台春节联欢晚会,张晓海,朱军,朱军,周涛,倪萍,"['音乐', '歌舞']",270分钟,2000,中国大陆, 汉语普通话,6.3
334,黑人奥菲尔 Orfeu Negro,马赛尔·加谬,Jacques Viot,布雷诺·梅洛,马尔佩萨·唐,马赛尔·加谬,"['剧情', '喜剧', '爱情', '音乐']",100 分钟,1959,巴西 / 法国 / 意大利, 葡萄牙语,6.3
335,续写哈姆雷特 Hamlet 2,安德鲁·弗莱明,Pam Brady,史蒂夫·库根,娜塔莉·阿门努拉,梅罗妮·迪亚兹,"['喜剧', '音乐']",92 分钟,2008,美国, 英语 / 西班牙语,6.3
336,东镇女巫 The Witches of Eastwick,乔治·米勒,迈克尔·克里斯托弗,杰克·尼科尔森,雪儿,苏珊·萨兰登,"['喜剧', '惊悚', '恐怖', '音乐', '奇幻']",118 分钟,1987,美国, 英语,6.3
337,甜心辣舞 2 Honey 2,Bille Woodruff,Alyson Fouse,卡特琳娜·格兰厄姆 Katerina Graham,赛切儿·加布埃尔 Seychelle Gabriel,类型:,"['剧情', '喜剧', '音乐']",110分钟,2011,美国, 英语,6.2
338,穿越乡间路 Crossroads,坦姆拉 戴维斯 (Tamra Davis),珊达·莱梅斯,Britney Spears,Zoe Saldana,Taryn Manning,"['剧情', '喜剧', '爱情', '音乐', '冒险']",93 分钟,2002,美国, 英语,6.2
339,性福大师 The Guru,戴斯·冯·施勒·梅耶,Tracey Jackson,Jimi Mistry,海瑟·格拉汉姆,玛丽莎·托梅,"['喜剧', '爱情', '音乐', '奇幻']",94 分钟,2002,法国 / 英国 / 美国, 北印度语 / 英语,6.2
340,梦幻强尼 Johnny Suede,汤姆·迪西罗,汤姆·迪西罗,布拉德·皮特,凯瑟琳·基纳,塞缪尔·杰克逊,"['喜剧', '爱情', '音乐']",Spain: 95 分钟,1991,法国 / 美国 / 瑞士, 英语,6.2
341,忧愁围绕着我 Low Down,Jeff Preiss,Amy Albany,彼特·丁拉基,艾丽·范宁,琳娜·海蒂,"['剧情', '音乐', '传记']",114分钟,2014,美国, 英语,6.2
342,光之声 Vox Lux,布拉迪·科贝特,布拉迪·科贝特,娜塔莉·波特曼,裘德·洛,拉菲·卡西迪,"['剧情', '音乐']",114分钟,2018,美国, 英语,5.7
343,2012年中央电视台春节联欢晚会,哈文,朱军,朱军,李咏,董卿,"['音乐', '歌舞']",265分钟,2012,中国大陆, 汉语普通话,5.7
344,1995穿越时间 2538 อัลเทอร์มาจีบ,Yanyong Kuruaungkoul,平采娜·乐维瑟派布恩,平采娜·乐维瑟派布恩,Dan Aaron Ramnarong,Achita Pramoj Na Ayudhya,"['喜剧', '爱情', '音乐']",112分钟,2015,泰国, 泰语,5.7
345,夺命钢琴 Grand Piano,尤金尼奥·米拉,达米恩·查泽雷,伊莱贾·伍德,约翰·库萨克,凯瑞·碧许,"['悬疑', '惊悚', '音乐']",90分钟,2013,西班牙 / 美国, 英语,5.7
346,寻找刘三姐,朱枫,未水,苏有朋,黄圣依,魏宗万,"['剧情', '喜剧', '爱情', '音乐', '歌舞']",87分钟,2009,中国大陆, 汉语普通话 / 英语,5.7
347,歌声不绝 Song to Song,泰伦斯·马力克,泰伦斯·马力克,瑞恩·高斯林,鲁妮·玛拉,迈克尔·法斯宾德,"['剧情', '音乐']",129分钟,2017,美国, 英语,5.6
348,萌犬好声音 Pup Star,罗伯特·文斯,克尔斯滕·汉森,麦肯泽·摩斯,凯特林·马希尔,杰德·瑞斯,"['喜剧', '音乐', '冒险']",92分钟,2016,加拿大, 英语,5.6
349,日日摇滚 日々ロック,入江悠,入江悠,野村周平,二阶堂富美,前野朋哉,"['剧情', '音乐']",110分钟,2014,日本, 日语,5.6
350,2014年中央电视台春节联欢晚会,冯小刚,张国立,张国立,朱军,董卿,"['音乐', '歌舞']",258分钟,2014,中国大陆, 汉语普通话,5.5
351,奥兹国的桃乐西 Legends of Oz: Dorothy's Return,威尔·芬,兰迪·巴恩斯,丹·艾克罗伊德,詹姆斯·贝鲁什,凯尔希·格兰莫,"['动画', '音乐', '歌舞', '家庭']",88分钟,2013,美国, 英语,5.5
352,听见下雨的声音 聽見下雨的聲音,方文山,方文山,柯有伦,韩雨洁,徐若瑄,"['爱情', '音乐']",119分钟,2013,台湾 / 中国大陆, 汉语普通话,5.4
353,盛糖乐队,林小莉,贾舒颖,夏花 Hua Xia,浦蒲,李勤勤,"['剧情', '喜剧', '音乐']",100分钟,2011,中国大陆, 汉语普通话,5.4
354,追风战警 No Good Deed,鲍勃·拉菲尔森,Christopher Cannan,塞缪尔·杰克逊,米拉·乔沃维奇,道格·休切逊,"['剧情', '惊悚', '音乐', '犯罪']",Italy: 103 分钟,2002,德国 / 美国, 英语,5.4
355,春&夏事件簿 ハルチカ,市井昌秀,市井昌秀,佐藤胜利,桥本环奈,恒松祐里,"['剧情', '爱情', '音乐']",118分钟,2017,日本, 日语,5.3
356,果,路云飞,路云飞,魏静茹,李媛,应朋,"['剧情', '音乐']",93分钟,2008,中国大陆, 汉语普通话,5.3
357,Minimum-Maximum,Kraftwerk,Ralf Hütter,Ralf Hütter,Florian Schneider,Fritz Hilpert,['音乐'],126 分钟,2005,德国, 德语 / 英语 / 法语 / 日语 / 俄语 / 意大利语,9.6