非常公寓 L'appartement,,吉勒斯·米莫尼,,吉勒斯·米莫尼,,罗曼娜·波琳热,,文森特·卡索,,让-菲利普·艾科菲,"['剧情', '爱情', '悬疑']",116分钟,1996,法国 / 西班牙 / 意大利, 法语 / 英语 / 日语,8.2
信笺故事 The Tale,,珍妮芬·福克斯,,珍妮芬·福克斯,,约翰·赫德,,伊丽莎白·德比茨基,,劳拉·邓恩,['剧情'],114分钟,2018,美国, 英语,8.2
魂断威尼斯 Morte a Venezia,,卢基诺·维斯康蒂,,卢基诺·维斯康蒂,,德克·博加德,,罗慕洛·瓦利,,马克·伯恩斯,"['剧情', '同性']",130分钟,1971,意大利 / 法国 / 美国, 英语 / 意大利语 / 波兰语 / 法语 / 俄语 / 德语,8.2
夜间飞行 야간비행,,李宋喜一,,李宋喜一,,郭时旸,,李在浚,,类型:,"['剧情', '爱情', '同性']",134分钟,2014,韩国, 韩语,8.2
早餐俱乐部 The Breakfast Club,,约翰·休斯,,约翰·休斯,,艾米利奥·艾斯特维兹,,安东尼·迈克尔·豪尔,,约翰·卡普洛斯,"['剧情', '喜剧']",97 分钟,1985,美国, 英语,8.2
GO!大暴走 GO,,行定勋,,宫藤官九郎,,洼冢洋介,,柴崎幸,,细山田隆人,['剧情'],122 分钟,2001,日本, 日语 / 韩语,8.2
虎！虎！虎！ Tora! Tora! Tora!,,理查德·弗莱彻,,拉里·福里斯特,,马丁·鲍尔萨姆,,山村聪,,约瑟夫·科顿,"['剧情', '历史', '战争']",144 分钟,1970,美国 / 日本, 英语 / 日语,8.2
红色小提琴 Le violon rouge,,佛朗索瓦·吉拉德,,Don McKellar,,卡洛·切基,,让-吕克·比多,,张艾嘉,"['剧情', '爱情', '悬疑', '音乐']",130 分钟,1998,加拿大 / 意大利 / 英国, 法语 / 英语 / 汉语普通话 / 意大利语 / 德语,8.2
小妇人 Little Women,,吉莉安·阿姆斯特朗,,Robin Swicord,,薇诺娜·瑞德,,加布里埃尔·伯恩,,翠尼·阿瓦拉多,"['剧情', '爱情', '家庭']",115 分钟,1994,美国 / 加拿大, 英语 / 德语,8.2
小小的白色谎言 Les petits mouchoirs,,吉约姆·卡内,,吉约姆·卡内,,玛丽昂·歌迪亚,,伯努瓦·马吉梅尔,,弗朗索瓦·克鲁塞,"['剧情', '喜剧']",154分钟,2010,法国, 法语,8.2
爱你长久 Il y a longtemps que je t'aime,,菲利浦·克洛代尔,,菲利浦·克洛代尔,,克里斯汀·斯科特·托马斯,,艾尔莎·泽贝斯坦,,塞尔奇·哈赛纳维奇,"['剧情', '悬疑']",117 分钟,2008,法国 / 德国, 法语,8.2
大而不倒 Too Big to Fail,,柯蒂斯·汉森,,皮特·古尔德,,詹姆斯·伍兹,,约翰·赫德,,威廉·赫特,"['剧情', '传记', '历史']",98分钟,2011,美国, 英语,8.2
无人引航 Rudderless,,威廉姆·H·梅西,,威廉姆·H·梅西,,比利·克鲁德普,,安东·叶利钦,,菲丽西提·霍夫曼,"['剧情', '音乐']",105分钟,2014,美国, 英语,8.2
灵魂冲浪人 Soul Surfer,,肖恩·麦克纳马拉,,Michael Berk,,安娜索菲亚·罗伯,,海伦·亨特,,丹尼斯·奎德,"['剧情', '传记', '运动']",106分钟,2011,美国, 英语,8.2
酒神小姐 죽여주는 여자,,李在容,,李在容,,尹汝贞,,全茂松,,尹启相,"['剧情', '传记']",111分钟,2016,韩国, 韩语,8.2
马拉松 말아톤,,郑胤澈,,郑胤澈,,曹承佑,,李基英,,金美淑,['剧情'],119分钟,2005,韩国, 韩语,8.2
女孩 Girl,,卢卡斯·德霍特,,卢卡斯·德霍特,,维克托·波尔斯特,,阿里耶·沃索尔特,,奥利弗·博达特,"['剧情', '同性']",105分钟,2018,比利时 / 荷兰, 法语 / 弗拉芒语 / 英语,8.2
奥兰多 Orlando,,莎莉·波特,,莎莉·波特,,蒂尔达·斯文顿,,比利·赞恩,,昆廷·克里斯普,"['剧情', '爱情']",93 分钟,1992,英国 / 俄罗斯 / 法国 / 意大利 / 荷兰, 英语 / 法语,8.2
无间道3：终极无间 無間道III 終極無間,,刘伟强,,麦兆辉,,梁朝伟,,刘德华,,黎明,"['剧情', '动作', '惊悚', '犯罪']",107分钟(公映版),2003,中国大陆 / 香港, 汉语普通话 / 粤语,7.9
在云端 Up in the Air,,贾森·雷特曼,,贾森·雷特曼,,乔治·克鲁尼,,安娜·肯德里克,,维拉·法米加,"['剧情', '爱情']",109分钟,2009,美国, 英语,7.9
珍珠港 Pearl Harbor,,迈克尔·贝,,兰道尔·华莱士,,本·阿弗莱克,,乔什·哈奈特,,凯特·贝金赛尔,"['剧情', '爱情', '历史', '战争']",183分钟,2001,美国, 英语 / 日语 / 法语 / 汉语普通话,7.9
山河故人,,贾樟柯,,贾樟柯,,赵涛,,张译,,梁景东,"['剧情', '家庭']",126分钟(中国大陆),2015,中国大陆 / 法国 / 日本, 英语 / 山西话 / 汉语普通话 / 上海话,7.9
壁花少年 The Perks of Being a Wallflower,,斯蒂芬·卓博斯基,,斯蒂芬·卓博斯基,,罗根·勒曼,,艾玛·沃森,,埃兹拉·米勒,"['剧情', '爱情']",102分钟,2012,美国, 英语,7.9
燃烧 버닝,,李沧东,,李沧东,,刘亚仁,,史蒂文·元,,全钟瑞,"['剧情', '悬疑']",148分钟,2018,韩国, 韩语,7.9
非常主播 과속스캔들,,姜炯哲,,姜炯哲,,车太贤,,朴宝英,,王晳铉,"['剧情', '喜剧', '音乐']",108 分钟,2008,韩国, 韩语,7.9
起风了 風立ちぬ,,宫崎骏,,宫崎骏,,庵野秀明,,泷本美织,,西岛秀俊,"['剧情', '爱情', '动画']",126分钟,2013,日本, 日语 / 法语 / 德语,7.9
毕业生 The Graduate,,迈克·尼科尔斯,,卡尔德·威灵汉姆,,安妮·班克罗夫特,,达斯汀·霍夫曼,,凯瑟琳·罗斯,"['剧情', '喜剧', '爱情']",106分钟,1967,美国, 英语,7.9
天使之城 City of Angels,,布拉德·塞伯宁,,达娜·史蒂文斯,,尼古拉斯·凯奇,,梅格·瑞恩,,安德鲁·布劳尔,"['剧情', '爱情', '奇幻']",114分钟,1998,美国 / 德国, 英语,7.9
起跑线 Hindi Medium,,萨基特·乔杜里,,萨基特·乔杜里,,伊尔凡·可汗,,萨巴·卡玛尔,,内哈·迪胡皮阿,"['剧情', '喜剧']",132分钟,2017,印度, 印地语 / 英语,7.9
斗牛,,管虎,,管虎,,黄渤,,闫妮,,高虎,"['剧情', '喜剧']",109分钟,2009,中国大陆, 中文 / 日语,7.9
海洋天堂,,薛晓路,,薛晓路,,李连杰,,文章,,桂纶镁,['剧情'],106分钟,2010,中国大陆 / 香港, 汉语普通话,7.9
蓝色茉莉 Blue Jasmine,,伍迪·艾伦,,伍迪·艾伦,,凯特·布兰切特,,莎莉·霍金斯,,亚历克·鲍德温,"['剧情', '家庭']",98分钟,2013,美国, 英语,7.9
红磨坊 Moulin Rouge!,,巴兹·鲁赫曼,,巴兹·鲁赫曼,,妮可·基德曼,,伊万·麦克格雷格,,约翰·雷吉扎莫,"['剧情', '爱情', '歌舞']",127 分钟,2001,澳大利亚 / 美国, 英语 / 法语 / 西班牙语,7.9
孔雀,,顾长卫,,李樯,,张静初,,冯瓅,,吕聿来,"['剧情', '家庭']",136分钟,2005,中国大陆, 汉语普通话 / 晋语,7.9
流感 감기,,金成洙,,金成洙,,张赫,,秀爱,,朴敏荷,"['剧情', '惊悚', '灾难']",122分钟,2013,韩国, 韩语 / 英语 / 印度尼西亚语,7.9
锅匠，裁缝，士兵，间谍 Tinker Tailor Soldier Spy,,托马斯·阿尔弗莱德森,,约翰·勒·卡雷,,加里·奥德曼,,科林·费尔斯,,汤姆·哈迪,"['剧情', '惊悚']",127分钟,2011,英国 / 法国 / 德国, 英语 / 法语 / 俄语 / 匈牙利语 / 土耳其语,7.9
地久天长,,王小帅,,阿美,,王景春,,咏梅,,齐溪,"['剧情', '家庭']",175分钟,2019,中国大陆, 汉语普通话,7.9
虞美人盛开的山坡 コクリコ坂から,,宫崎吾朗,,宫崎骏,,长泽雅美,,冈田准一,,香川照之,"['剧情', '动画']",91分钟,2011,日本, 日语,7.9
投靠女与出走男 駆込み女と駆出し男,,原田真人,,井上厦,,大泉洋,,户田惠梨香,,满岛光,"['剧情', '喜剧']",143分钟（日本）,2015,日本, 日语,8.2
紧急救命 新春特别篇 コード・ブルー -ドクターヘリ緊急救命- 新春スペシャル,,西浦正记,,林宏司,,山下智久,,新垣结衣,,户田惠梨香,['剧情'],107分钟,2009,日本, 日语,8.2
傲慢与偏见 Pride and Prejudice,,罗伯特·Z·伦纳德,,简·奥斯汀,,葛丽亚·嘉逊,,劳伦斯·奥利弗,,莫琳·奥沙利文,"['剧情', '爱情']",118 分钟,1940,美国, 英语,8.2
怒火青春 La haine,,马修·卡索维茨,,马修·卡索维茨,,文森特·卡索,,哈勃·孔黛,,萨伊德·塔格马奥,"['剧情', '犯罪']",98分钟,1995,法国, 法语,8.2
谈谈情跳跳舞 Shall we ダンス?,,周防正行,,周防正行,,役所广司,,草刈民代,,竹中直人,"['剧情', '喜剧', '爱情', '歌舞']",136分钟,1996,日本, 日语,8.2
阿Q正传,,岑范,,陈白尘,,严顺开,,王苏娅,,李纬,['剧情'],125分钟,1981,中国大陆, 汉语普通话,8.2
去年在马里昂巴德 L'année dernière à Marienbad,,阿伦·雷乃,,阿兰·罗布-格里耶,,德菲因·塞里格,,乔治·阿尔贝塔齐,,萨夏·皮托埃夫,"['剧情', '爱情', '悬疑']",94 分钟,1961,法国 / 意大利, 法语,8.2
永远的三丁目的夕阳之1964 Always 三丁目の夕日'64,,山崎贵,,古泽良太,,吉冈秀隆,,堤真一,,小雪,['剧情'],142分钟,2012,日本, 日语,8.2
灵犬雪莉 Belle et Sébastien,,尼古拉·瓦尼埃,,朱丽叶·赛尔斯,,费利克斯·博叙埃,,切基·卡尤,,玛格·夏特莉,"['剧情', '冒险']",104分钟,2013,法国, 法语 / 德语,8.2
幻之光 幻の光,,是枝裕和,,荻田芳久,,江角真纪子,,浅野忠信,,内藤刚志,['剧情'],110分钟,1995,日本, 日语,8.2
穿越美国 Transamerica,,邓肯·塔克,,邓肯·塔克,,菲丽西提·霍夫曼,,凯文·席格斯,,丹尼·伯斯坦,"['剧情', '喜剧', '冒险']",103分钟,2005,美国, 英语 / 西班牙语,8.2
你和我 キミとボク,,窪田崇,,窪田崇,,中村蒼,,坂本真綾,,类型:,['剧情'],45分钟,2011,日本, 日语,8.2
致亲爱的你 あなたへ,,降旗康男,,青岛武 ,,高仓健,,田中裕子,,佐藤浩市,['剧情'],110分钟,2012,日本, 日语,8.2
梅奇知道什么 What Maisie Knew,,斯科特·迈克吉,,Nancy Doyne,,阿娜塔·阿普洛,,亚历山大·斯卡斯加德,,朱丽安·摩尔,['剧情'],99分钟,2012,美国, 英语,8.2
洛奇2 Rocky II,,西尔维斯特·史泰龙,,西尔维斯特·史泰龙,,西尔维斯特·史泰龙,,塔莉娅·夏尔,,波特·杨,"['剧情', '运动']",119 分钟,1979,美国, 英语 / 意大利语,8.2
幸福的黄手帕 幸福の黄色いハンカチ,,山田洋次,,山田洋次,,高仓健,,倍赏千惠子,,桃井薰,"['剧情', '喜剧']",109 分钟(日本),1977,日本, 日语,8.2
爱丽丝梦游仙境 Alice in Wonderland,,诺曼·Z·麦克劳德,,路易斯·卡罗尔,,理查德·阿伦,,罗斯科·阿蒂斯,,威廉姆斯·奥斯汀,"['剧情', '奇幻', '冒险']",76 分钟,1933,美国, 英语,8.2
更好的生活 A Better Life,,克里斯·韦兹,,埃里克·伊森,,德米安·比齐尔,,Jose Julian,,德洛丽丝·赫雷迪亚,"['剧情', '家庭']",98分钟,2011,美国, 英语,8.2
王子复仇记 Hamlet,,劳伦斯·奥利弗,,莎士比亚,,劳伦斯·奥利弗,,巴兹尔·悉尼,,艾琳·赫利,['剧情'],155分钟,1948,英国, 英语,8.2
半梦半醒的人生 Waking Life,,理查德·林克莱特,,理查德·林克莱特,,伊桑·霍克,,朱莉·德尔佩,,肯·韦伯斯特,"['剧情', '动画', '悬疑', '奇幻']",99分钟,2001,美国, 英语,8.2
转山,,杜家毅,,张家鲁,,张书豪,,李晓川,,李桃,"['剧情', '冒险']",90分钟,2011,中国大陆 / 台湾, 汉语普通话 / 藏语,7.9
白兔糖 うさぎドロップ,,萨布,,宇仁田由美,,松山研一,,芦田爱菜,,池胁千鹤,"['剧情', '喜剧']",113分钟,2011,日本, 日语,7.9
守法公民 Law Abiding Citizen,,F·加里·格雷,,科特·维莫,,杰米·福克斯,,杰拉德·巴特勒,,科尔姆·米尼,"['剧情', '惊悚', '犯罪']",108 分钟,2009,美国, 英语,7.9
深夜食堂电影版 映画 深夜食堂,,松冈锭司,,真边克彦,,小林薰,,高冈早纪,,柄本时生,['剧情'],119分钟,2014,日本, 日语,7.9
一念无明 一念無明,,黄进,,黄进,,曾志伟,,余文乐,,方皓玟,"['剧情', '家庭']",101分钟,2016,香港, 粤语,7.9
看上去很美,,张元,,宁岱,,董博文,,宁元元,,李昕芸,"['剧情', '喜剧']",92分钟,2006,中国大陆 / 意大利, 汉语普通话,7.9
黑社会2：以和为贵 黑社會以和為貴,,杜琪峰,,游乃海,,古天乐,,任达华,,张家辉,"['剧情', '惊悚', '犯罪']",92分钟,2006,香港, 汉语普通话 / 粤语,7.9
裂缝 Cracks,,乔丹·斯科特,,乔丹·斯科特,,伊娃·格林,,朱诺·坦普尔,,玛利亚·瓦沃德,"['剧情', '惊悚']",104 分钟,2009,英国 / 爱尔兰 / 西班牙 / 法国 / 瑞士, 英语,7.9
春风沉醉的夜晚,,娄烨,,梅峰,,秦昊,,陈思诚,,谭卓,"['剧情', '同性']",106分钟,2009,中国大陆 / 法国, 汉语普通话 / 粤语,7.9
保镖 The Bodyguard,,米克·杰克逊,,劳伦斯·卡斯丹,,凯文·科斯特纳,,惠特尼·休斯顿,,加里·凯普,"['剧情', '爱情', '音乐']",129分钟,1992,美国, 英语,7.9
秋菊打官司,,张艺谋,,陈源斌,,巩俐,,刘佩琦,,雷恪生,['剧情'],100分钟,1992,中国大陆 / 香港, 陕西话 / 汉语普通话,7.9
裁缝 The Dressmaker,,乔瑟琳·穆尔豪斯,,乔瑟琳·穆尔豪斯,,凯特·温丝莱特,,朱迪·戴维斯,,利亚姆·海姆斯沃斯,['剧情'],118分钟,2015,澳大利亚, 英语,7.9
第六感生死缘 Meet Joe Black,,马丁·布莱斯特,,Ron Osborn,,布拉德·皮特,,安东尼·霍普金斯,,克莱尔·弗兰妮,"['剧情', '爱情', '悬疑', '奇幻']",178 分钟,1998,美国, 英语,7.9
玻璃之城,,张婉婷,,罗启锐,,黎明,,舒淇,,吴彦祖,"['剧情', '爱情']",110分钟,1998,香港, 英语 / 汉语普通话 / 粤语,7.9
冰血暴 Fargo,,乔尔·科恩,,乔尔·科恩,,威廉姆·H·梅西,,史蒂夫·布西密,,彼得·斯特曼,"['剧情', '惊悚', '犯罪']",98分钟,1996,美国 / 英国, 英语,7.9
训练日 Training Day,,安东尼·福奎阿,,大卫·阿耶,,丹泽尔·华盛顿,,伊桑·霍克,,斯科特·格伦,"['剧情', '惊悚', '犯罪']",122分钟,2001,美国 / 澳大利亚, 英语 / 俄语 / 西班牙语 / 汉语普通话,7.9
大明劫,,王竞,,谢晓东,,冯远征,,戴立忍,,冯波,"['剧情', '历史', '古装']",109分钟,2013,中国大陆, 汉语普通话,7.9
依然爱丽丝 Still Alice,,理查德·格雷泽,,理查德·格雷泽,,朱丽安·摩尔,,凯特·波茨沃斯,,肖恩·麦克雷,['剧情'],101分钟,2014,美国 / 法国, 英语,7.9
过春天,,白雪,,白雪,,黄尧,,孙阳,,汤加文,['剧情'],99分钟,2018,中国大陆, 汉语普通话 / 粤语,7.9
夜半歌声 夜半歌聲,,于仁泰,,司徒慧焯,,张国荣,,吴倩莲,,黄磊,"['剧情', '爱情', '惊悚', '音乐']",100 分钟,1995,香港 / 中国大陆 / 新加坡, 汉语普通话,7.9
黄色的眼泪 黄色い涙,,犬童一心,,市川森一,,二宫和也,,相叶雅纪,,樱井翔,['剧情'],128分钟,2007,日本, 日语,8.2
处子之山 Fúsi,,达格·卡利,,达格·卡利,,贡纳·永松,,Ilmur Kristjánsdóttir,,Sigurjón Kjartansson,['剧情'],94分钟,2015,冰岛 / 丹麦, 冰岛语,8.2
不法之徒 Down by Law,,吉姆·贾木许,,吉姆·贾木许,,汤姆·威兹,,约翰·劳瑞,,罗伯托·贝尼尼,"['剧情', '喜剧', '犯罪']",107分钟,1986,美国 / 西德, 英语 / 意大利语,8.2
水中刀 Nóz w wodzie,,罗曼·波兰斯基,,杰库·戈德堡,,里昂·尼梅兹科,,乔兰塔·乌梅卡,,兹古蒙特·马拉诺维兹奇,"['剧情', '惊悚']",94 分钟,1962,波兰, 波兰语,8.2
爸...你好吗？ 爸... 你好嗎？,,张作骥,,张作骥,,高捷,,纪培慧,,张捷,['剧情'],107分钟,2009,台湾, 汉语普通话,8.2
闪电奇迹 Powder,,维克多·萨尔瓦,,维克多·萨尔瓦,,玛丽·斯汀伯根,,肖恩·派特里克·弗兰纳里,,兰斯·亨利克森,"['剧情', '科幻', '悬疑', '惊悚', '奇幻']",111 分钟,1995,美国, 英语,8.2
非法入境 Welcome,,菲利普·里奥雷,,Olivier Adam,,文森特·林顿,,菲拉·阿伊维尔迪,,奥黛丽·达娜,['剧情'],France: 110 分钟,2009,法国, 英语 / 库尔德语 / 法语,8.2
怒海潜将 Men of Honor,,小乔治·提尔曼,,斯科特·马歇尔·史密斯,,罗伯特·德尼罗,,小库珀·古丁,,查理兹·塞隆,"['剧情', '传记']",129 分钟,2000,美国, 英语,8.2
中央舞台 Center Stage,,尼古拉斯·希特纳,,Carol Heikkinen,,彼得·盖勒,,Ilia Kulik,,佐伊·索尔达娜,"['剧情', '歌舞']",115 分钟,2000,美国, 英语,8.2
永远的莉莉亚 Lilya 4-ever,,鲁卡斯·穆迪森,,鲁卡斯·穆迪森,,奥莎娜·阿金什那,,Artyom Bogucharsky,,类型:,"['剧情', '犯罪']",109 分钟,2002,瑞典 / 丹麦, 俄语 / 瑞典语 / 英语,8.2
村戏,,郑大圣,,李保罗,,李志兵,,梁春柱,,王春明,['剧情'],99分钟,2017,中国大陆, 河北井陉话,8.2
简单西蒙 I rymden finns inga känslor,,Andreas Ohman,,Jonathan Sjöberg,,Jimmi Edlund,,Kristoffer Berglund,,Cecilia Forss,"['剧情', '喜剧', '爱情']",85分钟,2010,瑞典, 瑞典语,8.2
神秘列车 Mystery Train,,吉姆·贾木许,,吉姆·贾木许,,永濑正敏,,工藤夕贵,,茱迪·马克尔,"['剧情', '喜剧', '犯罪']",110 分钟,1989,日本 / 美国, 英语 / 日语 / 意大利语,8.2
不道德的审判 Death and the Maiden,,罗曼·波兰斯基,,阿瑞尔·多夫曼,,西格妮·韦弗,,本·金斯利,,斯图亚特·维尔森,"['剧情', '悬疑', '惊悚']",103分钟,1994,英国 / 美国 / 法国, 英语,8.2
野梨树 Ahlat Ağacı,,努里·比格·杰伊兰,,阿克·阿克苏,,岛吾·德米尔考,,穆拉特·杰姆吉尔,,本努·耶勒德热姆拉尔,['剧情'],188分钟,2018,土耳其 / 马其顿 / 法国 / 德国 / 波黑 / 保加利亚 / 瑞典, 土耳其语,8.2
叶塞尼亚 Yesenia,,阿尔弗雷多·克雷维纳,,约兰达·巴尔加斯·达尔西,,杰奎琳·安德瑞,,乔治·拉瓦特,,艾尔玛·洛扎诺,"['剧情', '爱情']",121分钟,1971,墨西哥, 西班牙语,8.2
雪路 눈길,,李娜静,,刘宝拉,,金香起,,金赛纶,,张荣男,"['剧情', '历史', '战争']",122分钟,2015,韩国, 韩语,8.2
吉屋出租 Rent,,克里斯·哥伦布,,克里斯·哥伦布,,安东尼·拉普,,亚当·帕斯考,,罗莎里奥·道森,"['剧情', '爱情', '歌舞']",135 分钟,2005,美国, 英语,8.2
宛如阿修罗 阿修羅のごとく,,森田芳光,,向田邦子,,大竹忍,,黑木瞳,,深津绘里,"['剧情', '喜剧', '家庭']",135分钟,2003,日本, 日语,8.2
红菱艳 The Red Shoes,,埃默里克·普雷斯伯格,,埃默里克·普雷斯伯格,,Moira Shearer,,类型:,,剧情,"['剧情', '爱情', '音乐']",133 分钟,1948,英国, 英语 / 法语 / 俄语,8.2
八月照相馆 8월의 크리스마스,,许秦豪,,许秦豪,,韩石圭,,沈银河,,申久,"['剧情', '爱情']",97 分钟,1998,韩国, 韩语,7.9
机动部队 PTU,,杜琪峰,,欧健儿,,任达华,,邵美琪,,林雪,"['剧情', '犯罪']",88分钟,2003,香港, 粤语,7.9
战略特勤组 Unthinkable,,格雷格·乔丹,,皮特·伍德瓦德,,麦克·辛,,塞缪尔·杰克逊,,凯瑞-安·莫斯,"['剧情', '悬疑', '惊悚']",97 分钟,2010,美国, 英语,7.9
马利和我 Marley & Me,,大卫·弗兰科尔,,斯科特·弗兰克,,欧文·威尔逊,,詹妮弗·安妮斯顿,,埃里克·迪恩,"['剧情', '喜剧', '爱情']",115 分钟,2008,美国, 英语,7.9
我要复仇 복수는 나의 것,,朴赞郁,,朴赞郁,,宋康昊,,申河均,,裴斗娜,"['剧情', '惊悚', '犯罪']",129 分钟,2002,韩国, 韩国手语 / 韩语,7.9
梁祝,,徐克,,许莎朗,,吴奇隆,,杨采妮,,徐锦江,"['剧情', '爱情', '奇幻']",107 分钟,1994,香港, 粤语,7.9
杯酒人生 Sideways,,亚历山大·佩恩,,亚历山大·佩恩,,保罗·吉亚玛提,,托马斯·哈登·丘奇,,维吉妮娅·马德森,"['剧情', '喜剧', '爱情']",126分钟,2004,美国 / 匈牙利, 英语 / 亚美尼亚语,7.9
法官老爹 The Judge,,大卫·道金,,尼克·申克,,小罗伯特·唐尼,,罗伯特·杜瓦尔,,维拉·法米加,['剧情'],141分钟,2014,美国, 英语,7.9
突袭2：暴徒 The Raid 2: Berandal,,加雷斯·埃文斯,,加雷斯·埃文斯,,伊科·乌艾斯,,朱莉·埃斯特尔,,雅彦·鲁伊安,"['剧情', '动作', '犯罪']",150分钟,2014,印度尼西亚 / 美国, 印度尼西亚语 / 日语 / 英语 / 阿拉伯语,7.9
每当变幻时,,罗永昌,,冯志强,,杨千嬅,,陈奕迅,,黄渤,"['剧情', '喜剧', '爱情']",97分钟,2007,中国大陆 / 香港, 粤语,7.9
菊豆,,张艺谋,,刘恒,,巩俐,,李保田,,李纬,['剧情'],95 分钟,1990,中国大陆 / 日本, 汉语普通话,7.9
弗兰克 Frank,,伦尼·阿伯拉罕森,,乔恩·容森,,多姆纳尔·格里森,,迈克尔·法斯宾德,,玛吉·吉伦哈尔,"['剧情', '喜剧', '音乐']",95分钟,2014,英国 / 爱尔兰 / 美国, 英语 / 法语 / 德语,7.9
美国黑帮 American Gangster,,雷德利·斯科特,,斯蒂文·泽里安,,丹泽尔·华盛顿,,罗素·克劳,,切瓦特·埃加福特,"['剧情', '犯罪']",157 分钟,2007,美国, 英语,7.9
潜水钟与蝴蝶 Le scaphandre et le papillon,,朱利安·施纳贝尔,,罗纳德·哈伍德,,马修·阿马立克,,艾玛纽尔·塞尼耶,,玛丽-乔西·克罗兹,"['剧情', '传记']",112 分钟,2007,法国 / 美国, 法语,7.9
巴尔扎克与小裁缝,,戴思杰,,戴思杰,,周迅,,刘烨,,陈坤,"['剧情', '爱情', '传记']",110 分钟,2002,中国大陆 / 法国, 中文 / 法语,7.9
斗士 The Fighter,,大卫·O·拉塞尔,,斯科特·西尔弗,,马克·沃尔伯格,,克里斯蒂安·贝尔,,艾米·亚当斯,"['剧情', '家庭', '传记', '运动']",115分钟,2010,美国, 英语,7.9
可爱的你 五個小孩的校長,,关信辉,,关信辉,,杨千嬅,,古天乐,,王诗雅,['剧情'],113分钟,2015,香港 / 中国大陆, 汉语普通话 / 粤语,7.9
听说桐岛要退部 桐島、部活やめるってよ,,吉田大八,,喜安浩平,,神木隆之介,,桥本爱,,大后寿寿花,['剧情'],103分钟,2012,日本, 日语,7.9
精英部队 Tropa de Elite,,何塞·帕迪里亚,,布罗里欧·曼托伐尼,,瓦格纳·马拉,,卡约·胡恩奎拉,,安德烈·拉米罗,"['剧情', '动作', '惊悚', '犯罪']",115 分钟,2007,巴西 / 美国 / 阿根廷, 葡萄牙语,7.9
神奇队长 Captain Fantastic,,马特·罗斯,,马特·罗斯,,维果·莫腾森,,乔治·麦凯,,萨曼莎·伊斯莱尔,"['剧情', '喜剧', '家庭']",118分钟,2016,美国, 英语 / 世界语 / 汉语普通话,7.9
十诫 The Ten Commandments,,塞西尔·B·戴米尔,,Æneas MacKenzie,,查尔登·海斯顿,,尤·伯连纳,,安妮·巴克斯特,"['剧情', '历史', '冒险']",220分钟,1956,美国, 英语,8.2
胜利之光 Friday Night Lights,,彼得·博格,,Buzz Bissinger,,比利·鲍伯·松顿,,卢卡斯·布莱克,,加内特·赫德兰,"['剧情', '动作', '运动']",118 分钟,2004,美国, 英语,8.2
再过四年 Fyra år till,,Tova Magnusson-Norling,,Wilhelm Behrman,,伯恩·谢尔曼,,Eric Ericson,,亞當·隆格倫 Adam Lundgren,"['剧情', '同性']",87分钟,2010,瑞典, 瑞典语,8.2
捕鼠者 Ratcatcher,,琳恩·拉姆塞,,琳恩·拉姆塞,,汤米·弗拉纳根,,Mandy Matthews,,William Eadie,['剧情'],94 分钟,1999,英国 / 法国, 英语,8.2
钱 L'argent,,罗伯特·布列松,,列夫·托尔斯泰,,Christian Patey,,Vincent Risterucci,,Caroline Lang,"['剧情', '犯罪']",85 分钟,1983,法国 / 瑞士, 法语 / 拉丁语,8.2
奇异的恩典 Amazing Grace,,迈克尔·艾普特,,Steven Knight,,艾恩·格拉法德,,萝玛拉·嘉瑞,,本尼迪克特·康伯巴奇,"['剧情', '爱情', '传记', '历史']",117 分钟,2006,英国 / 美国, 英语,8.2
老枪 Le vieux fusil,,罗贝尔·恩里科,,罗贝尔·恩里科,,菲利普·努瓦雷,,罗密·施奈德,,让·布伊兹,"['剧情', '惊悚', '战争']",103分钟,1975,法国 / 西德, 法语 / 德语,8.2
尼斯·疯狂的心 Nise - O Coração da Loucura,,罗伯托·柏林厄,,弗蕾维亚·卡斯特罗,,格劳瑞·皮尔丝,,罗伯特·罗德里格斯,,费尔南多·埃拉斯,"['剧情', '传记', '历史']",109分钟,2015,巴西, 葡萄牙语,8.2
何处是我家 Nirgendwo in Afrika,,卡罗莉内·林克,,卡罗莉内·林克,,茱莉安·柯勒,,梅拉布·尼尼泽,,Sidede Onyulo,"['剧情', '传记']",141 分钟,2001,德国, 斯瓦希里语 / 德语 / 英语,8.2
香火,,宁浩,,宁浩,,李强,,类型:,,剧情,['剧情'],97分钟,2003,中国大陆, 汉语普通话,8.2
布兰卡和弹吉他的人 ブランカとギター弾き,,长谷井宏纪,,长谷井宏纪,,西德乐·盖贝特罗,,彼得·米拉里,,乔马·比基尤,"['剧情', '音乐']",75分钟,2015,菲律宾 / 日本 / 意大利, 他加禄语,8.2
喜剧之王 The King of Comedy,,马丁·斯科塞斯,,保罗·D·齐默尔曼,,罗伯特·德尼罗,,杰瑞·刘易斯,,戴安娜·阿伯特,"['剧情', '喜剧', '犯罪']",109 分钟,1982,美国, 英语,8.2
白气球 بادکنک سفيد,,贾法·帕纳西,,阿巴斯·基亚罗斯塔米,,Aida Mohammadkhani,,Mohsen Kafili,,Fereshteh Sadre Orafaiy,"['剧情', '家庭']",85 分钟,1995,伊朗, 波斯语,8.2
隐剑鬼爪 隠し剣 鬼の爪,,山田洋次,,山田洋次,,永濑正敏,,松隆子,,小泽征悦,"['剧情', '爱情']",132分钟,2004,日本, 日语,8.2
早春二月,,谢铁骊,,谢铁骊,,孙道临,,谢芳,,上官云珠,"['剧情', '爱情']",108分钟(美国),1963,中国大陆, 汉语普通话,8.2
细雪 細雪,,市川昆,,谷崎润一郎,,岸惠子,,佐久间良子,,吉永小百合,"['剧情', '爱情']",140分钟,1983,日本, 日语,8.2
机动警察剧场版1 機動警察パトレイバー the Movie,,押井守,,伊藤和典,,千叶繁,,古川登志夫,,林原惠美,"['剧情', '动作', '科幻', '动画', '犯罪']",100分钟,1989,日本, 英语 / 日语,8.2
谷子和鲻鱼 La graine et le mulet,,阿布戴·柯西胥,,阿布戴·柯西胥,,哈比·布法莱斯,,阿弗西娅·埃尔奇,,Faridah Benkhetache,['剧情'],151 分钟,2007,法国, 法语 / 阿拉伯语 / 俄语,8.2
星守之犬 星守る犬,,泷本智行,,桥本裕志,,西田敏行,,玉山铁二,,川岛海荷,['剧情'],128分钟,2011,日本, 日语,8.2
二楼传来的歌声 Sånger från andra våningen,,罗伊·安德森,,罗伊·安德森,,Lars Nordh,,Stefan Larsson,,本基特·卡尔森,"['剧情', '喜剧']",98 分钟,2000,丹麦 / 挪威 / 瑞典, 瑞典语,8.2
猎杀U-571 U-571,,乔纳森·莫斯托,,乔纳森·莫斯托,,马修·麦康纳,,比尔·帕克斯顿,,哈威·凯特尔,"['剧情', '动作', '战争']",116 分钟,2000,美国 / 法国, 英语 / 德语,7.9
荆轲刺秦王,,陈凯歌,,陈凯歌,,巩俐,,张丰毅,,李雪健,"['剧情', '历史', '古装']",162分钟,1998,中国大陆 / 日本 / 法国, 汉语普通话,7.9
决战犹马镇 3:10 to Yuma,,詹姆斯·曼高德,,Halsted Sullivan,,罗素·克劳,,克里斯蒂安·贝尔,,罗根·勒曼,"['剧情', '动作', '犯罪', '西部']",122 分钟,2007,美国, 英语,7.9
雾都孤儿 Oliver Twist,,罗曼·波兰斯基,,罗纳德·哈伍德,,巴内·克拉克,,本·金斯利,,Mark Strong,"['剧情', '家庭']",130 分钟,2005,英国 / 捷克 / 法国 / 意大利, 英语,7.9
喊·山,,杨子,,杨子,,郎月婷,,王紫逸,,成泰燊,"['剧情', '爱情', '犯罪']",111分钟(中国大陆),2015,中国大陆, 汉语普通话,7.9
诈欺游戏 电影版 ライアーゲーム　ザ・ファイナルステージ,,松山博昭,,黒岩勉,,户田惠梨香,,松田翔太,,铃木浩介,"['剧情', '惊悚']",133分钟,2010,日本, 日语,7.9
辣手神探,,吴宇森,,黄炳耀,,周润发,,梁朝伟,,毛舜筠,"['剧情', '动作', '惊悚', '犯罪']",128 分钟,1992,香港, 粤语,7.9
少女小渔 少女小漁,,张艾嘉,,张艾嘉,,刘若英,,庹宗华,,丹尼尔·J·特拉万提,['剧情'],104分钟,1995,台湾, 汉语普通话 / 英语 / 粤语,7.9
暖春,,乌兰塔娜,,乌兰塔娜,,田成仁,,张妍,,郝洋,"['剧情', '家庭']",85分钟,2003,中国大陆, 汉语普通话,7.9
阿波罗13号 Apollo 13,,朗·霍华德,,小威廉·保尔斯,,汤姆·汉克斯,,比尔·帕克斯顿,,凯文·贝肯,"['剧情', '历史', '冒险']",140 分钟,1995,美国, 英语,7.9
血迷宫 Blood Simple,,乔尔·科恩,,伊桑·科恩,,约翰·盖兹,,弗兰西斯·麦克多蒙德,,丹·哈达亚,"['剧情', '惊悚', '犯罪']",99分钟,1984,美国, 英语,7.9
末代独裁 The Last King of Scotland,,凯文·麦克唐纳,,皮特·摩根,,福里斯特·惠特克,,詹姆斯·麦卡沃伊,,凯丽·华盛顿,"['剧情', '传记', '历史']",123分钟,2006,英国 / 德国, 英语 / 法语 / 德语 / 斯瓦希里语,7.9
伯纳德行动 Die Fälscher,,斯戴芬·卢佐维茨基,,斯戴芬·卢佐维茨基,,卡尔·马克维斯,,奥古斯特·迪赫,,大卫·史崔梭德,"['剧情', '战争', '犯罪']",98 分钟,2007,德国 / 奥地利, 德语 / 俄语 / 英语 / 希伯来语,7.9
警戒结束 End of Watch,,大卫·阿耶,,大卫·阿耶,,杰克·吉伦哈尔,,迈克尔·佩纳,,安娜·肯德里克,"['剧情', '动作', '犯罪']",109分钟,2012,美国, 英语,7.9
野马 Mustang,,蒂尼斯·艾葛温,,蒂尼斯·艾葛温,,艾贝尔克·佩克詹,,布拉克·伊依特,,艾丽特·伊斯坎,['剧情'],97分钟,2015,土耳其 / 法国 / 卡塔尔 / 德国, 土耳其语,7.9
冰风暴 The Ice Storm,,李安,,詹姆斯·夏慕斯,,凯文·克莱恩,,琼·艾伦,,西格妮·韦弗,"['剧情', '家庭']",112分钟,1997,美国, 英语,7.9
爸妈不在家 爸媽不在家,,陈哲艺,,陈哲艺,,杨雁雁,,陈天文,,安吉莉·芭雅妮,"['剧情', '家庭']",99分钟,2013,新加坡, 汉语普通话 / 他加禄语 / 英语 / 闽南语,7.9
我是你爸爸,,王朔,,王朔,,冯小刚,,胡小培,,徐帆,"['剧情', '喜剧']",94分钟,2000,中国大陆, 汉语普通话,7.9
我不在那儿 I'm Not There,,托德·海因斯,,托德·海因斯,,凯特·布兰切特,,本·卫肖,,克里斯蒂安·贝尔,"['剧情', '音乐', '传记']",135分钟(美国),2007,美国 / 德国 / 加拿大, 英语,7.9
樱桃的滋味 طعم گيلاس,,阿巴斯·基亚罗斯塔米,,阿巴斯·基亚罗斯塔米,,胡马云·埃沙迪,,Abdolrahman Bagheri,,Afshin Khorshid Bakhtiari,['剧情'],95 分钟,1997,法国 / 伊朗, 波斯语,7.9
桃色血案 Anatomy of a Murder,,奥托·普雷明格,,温德尔·梅斯,,詹姆斯·斯图尔特,,丽·莱米克,,本·戈扎那,"['剧情', '悬疑', '犯罪']",160分钟,1959,美国, 英语,8.2
小说,,吕乐,,刘仪伟,,王志文,,王彤,,王朔,"['剧情', '爱情']",90分钟,2007,中国大陆, 汉语普通话,8.2
为你钟情2 If These Walls Could Talk 2,,安·海切,,Alex Sichel,,瓦妮莎·雷德格瑞夫,,米歇尔·威廉姆斯,,科洛·塞维尼,"['剧情', '爱情', '同性']",96分钟,2000,美国, 英语,8.2
勇者无惧 Amistad,,史蒂文·斯皮尔伯格,,大卫·弗兰佐尼,,摩根·弗里曼,,奈杰尔·霍桑,,安东尼·霍普金斯,"['剧情', '悬疑', '历史']",155 分钟,1997,美国, 英语 / Mende / 西班牙语,8.2
杜玛 Duma,,卡罗尔·巴拉德,,Karen Janszen,,Alex Michaeletos,,坎贝尔·斯科特,,霍普·戴维斯,"['剧情', '冒险']",Australia: 100 分钟,2005,美国, 英语,8.2
你还活着 Du levande,,罗伊·安德森,,罗伊·安德森,,Elisabeth Helander,,Björn Englund,,Jessika Lundberg,"['剧情', '喜剧']",95分钟,2007,瑞典 / 德国 / 法国 / 丹麦 / 挪威 / 日本, 瑞典语,8.2
白色婚礼 Noce blanche,,让-克洛德·布里索,,让-克洛德·布里索,,凡妮莎·帕拉迪丝,,布律诺·克雷梅,,卢德米拉·米卡埃尔,"['剧情', '爱情']",92分钟,1989,法国, 法语,8.2
斯黛拉 Stella,,Sylvie Verheyde,,Sylvie Verheyde,,莱奥娜·芭芭拉,,Mélissa Rodriguez,,Laëtitia Guerard,['剧情'],Argentina: 103 分钟,2008,法国, 法语,8.2
"阿基尔，上帝的愤怒 Aguirre, der Zorn Gottes",,沃纳·赫尔佐格,,沃纳·赫尔佐格,,克劳斯·金斯基,,彼得·贝尔林,,海伦娜·罗霍,"['剧情', '传记', '历史', '冒险']",93 分钟,1972,西德, 德语,8.2
勇往直前 Gegen die Wand,,法提赫·阿金,,法提赫·阿金,,波热尔·尤内尔,,古文.凯拉齐,,萨拉·简·麦肯齐,"['剧情', '爱情']",121 分钟,2004,德国 / 土耳其, 德语 / 土耳其语 / 英语,8.2
似水流年,,严浩,,严浩,,斯琴高娃,,顾美华,,谢伟雄,['剧情'],94分钟,1984,香港 / 中国大陆, 汉语普通话 / 粤语,8.2
男孩的生活 This Boy's Life,,迈克尔·卡顿-琼斯,,Tobias Wolff,,罗伯特·德尼罗,,艾伦·巴金,,莱昂纳多·迪卡普里奥,"['剧情', '传记']",115 分钟,1993,美国, 英语,8.2
煤气灯下 Gaslight,,乔治·库克,,约翰·范·德鲁登,,查尔斯·博耶,,英格丽·褒曼,,约瑟夫·科顿,"['剧情', '犯罪', '黑色电影']",114分钟,1944,美国, 英语,8.2
"幸福是一条温暖的毛毯 Happiness Is a Warm Blanket, Charlie Brown",,Andrew Beall,,Charles M. Schulz,,Trenton Rogers,,Shane Baumel,,Blesst Bowden,"['剧情', '喜剧', '动画', '家庭']",46分钟,2011,美国, 英语,8.2
茶泡饭之味 お茶漬の味,,小津安二郎,,野田高梧,,木暮实千代,,鹤田浩二,,佐分利信,"['剧情', '家庭']",115分钟,1952,日本, 日语,8.2
冲浪英豪 Chasing Mavericks,,迈克尔·艾普特,,卡里奥·塞勒姆,,杰拉德·巴特勒,,乔尼·维斯顿,,伊丽莎白·苏,"['剧情', '运动']",120分钟,2012,美国, 英语,8.2
往日情怀 The Way We Were,,西德尼·波拉克,,亚瑟·劳伦特斯,,芭芭拉·史翠珊,,罗伯特·雷德福,,洛伊丝·奇利斯,"['剧情', '爱情']",118 分钟,1973,美国, 英语,8.2
红与黑 Le rouge et le noir,,让-丹尼尔·维哈吉,,卡洛尔·布盖,,卡洛尔·布盖,,吉姆·罗斯·斯图尔特,,朱迪丝·哥德雷科,"['剧情', '爱情']",207分钟,1997,法国 / 意大利 / 德国, 法语,8.2
蜘蛛女之吻 Kiss of the Spider Woman,,海科特·巴班克,,莱纳德·施拉德,,威廉·赫特,,劳尔·胡里亚,,索尼娅·布拉加,"['剧情', '同性']",120 分钟,1985,美国 / 巴西, 英语 / 法语 / 葡萄牙语 / 德语,8.2
第25小时 25th Hour,,斯派克·李,,戴维·贝尼奥夫,,爱德华·诺顿,,菲利普·塞默·霍夫曼,,巴里·佩珀,"['剧情', '犯罪']",135 分钟,2002,美国, 英语,7.9
黄土地,,陈凯歌,,张子良,,薛白,,王学圻,,谭托,"['剧情', '音乐']",89分钟(德国),1984,中国大陆, 汉语普通话 / 陕西方言,7.9
星月童话 星月童話,,李仁港,,罗志良,,张国荣,,常盘贵子,,星野有香,"['剧情', '爱情', '惊悚']",106 分钟,1999,香港, 粤语 / 日语 / 普通话,7.9
大毒枭 Blow,,泰德·戴米,,尼克·卡萨维茨,,约翰尼·德普,,佩内洛普·克鲁兹,,弗朗卡·波滕特,"['剧情', '传记', '犯罪']",124 分钟,2001,美国, 英语,7.9
冠军 챔프,,李焕庆,,李焕庆,,车太贤,,朴河宣,,刘五性,"['剧情', '运动']",122分钟,2011,韩国, 韩语,7.9
卡波特 Capote,,贝尼特·米勒,,丹·福特曼,,菲利普·塞默·霍夫曼,,凯瑟琳·基纳,,小克利夫顿·克林斯,"['剧情', '同性', '传记', '犯罪']",114 分钟,2005,加拿大 / 美国, 英语,7.9
吉娅 Gia,,迈克尔·克里斯托弗,,杰伊·麦金纳尼,,安吉丽娜·朱莉,,伊丽莎白·米切尔,,费·唐纳薇,"['剧情', '爱情', '同性', '传记']",117分钟,1998,美国, 英语,7.9
马斯顿教授与神奇女侠 Professor Marston and the Wonder Women,,安吉拉·罗宾森,,安吉拉·罗宾森,,卢克·伊万斯,,丽贝卡·豪尔,,贝拉·希思科特,"['剧情', '爱情', '同性', '传记']",108分钟,2017,美国, 英语,7.9
污泥 Mud,,杰夫·尼克尔斯,,杰夫·尼克尔斯,,泰伊·谢里丹,,马修·麦康纳,,瑞茜·威瑟斯彭,['剧情'],130分钟,2012,美国, 英语,7.9
着魔 Possession,,安德烈·祖拉斯基,,安德烈·祖拉斯基,,伊莎贝尔·阿佳妮,,山姆·尼尔,,玛吉特·卡斯滕森,"['剧情', '恐怖']",124分钟,1981,法国 / 西德, 英语,7.9
上车走吧,,管虎,,马晓东,,高虎,,黄渤,,陈宁,['剧情'],113分钟,2000,中国大陆, 青岛话 / 汉语普通话 / 北京话,7.9
开罗时间 Cairo Time,,鲁巴·纳达,,鲁巴·纳达,,派翠西娅·克拉克森,,亚历山大·希迪格,,埃伦娜·安纳亚,"['剧情', '爱情']",90 分钟,2009,加拿大 / 爱尔兰 / 埃及, 英语 / 阿拉伯语,7.9
巴黎烟云 Head in the Clouds,,约翰·杜根,,约翰·杜根,,查理兹·塞隆,,佩内洛普·克鲁兹,,斯图尔特·汤森德,"['剧情', '爱情', '战争']",121分钟,2004,英国 / 加拿大, 英语 / 德语 / 法语 / 西班牙语,7.9
旅行终点 The End of the Tour,,詹姆斯·庞索特,,唐纳德·马格利斯,,杰森·席格尔,,杰西·艾森伯格,,安娜·克鲁姆斯基,['剧情'],106分钟,2015,美国, 英语,7.9
屋顶上的轻骑兵 Le hussard sur le toit,,让-保罗·拉佩诺,,尚·乔诺,,朱丽叶·比诺什,,奥利维埃·马丁内斯,,皮埃尔·阿迪提,"['剧情', '爱情', '冒险']",135分钟,1995,法国, 法语 / 意大利语,7.9
回来的路 The Way Back,,彼得·威尔,,彼得·威尔,,吉姆·斯特吉斯,,艾德·哈里斯,,西尔莎·罗南,"['剧情', '冒险']",133分钟,2010,美国, 英语 / 波兰语 Polish / 俄语,7.9
金矿 Gold,,斯蒂芬·加汉,,派屈克·马塞特,,马修·麦康纳,,埃德加·拉米雷兹,,布莱丝·达拉斯·霍华德,"['剧情', '惊悚', '冒险']",121分钟,2016,美国, 英语,7.9
法国中尉的女人 The French Lieutenant's Woman,,卡雷尔·赖兹,,哈罗德·品特,,梅丽尔·斯特里普,,杰瑞米·艾恩斯,,希尔顿·麦克雷,"['剧情', '爱情']",124 分钟,1981,英国, 英语,7.9
42号传奇 42,,布莱恩·海尔格兰德,,布莱恩·海尔格兰德,,查德维克·博斯曼,,哈里森·福特,,妮可·贝哈瑞 ,"['剧情', '传记', '运动']",128分钟,2013,美国, 英语,7.9
暖,,霍建起,,思芜,,郭晓东,,李佳,,香川照之,"['剧情', '爱情']",109分钟,2003,中国大陆, 汉语普通话,7.9
何时是读书天 いつか読書する日,,绪方明,,青木研次,,田中裕子,,岸部一德,,仁科亚季子,"['剧情', '爱情']",127分钟,2005,日本, 日语,8.2
动物农场 Animal Farm,,约翰·哈拉斯,,Borden Mace,,Gordon Heath,,莫瑞斯·德纳姆,,类型:,"['剧情', '动画']",72 分钟,1954,英国, 英语,8.2
我是城堡之王 Je suis le seigneur du château,,雷吉斯·瓦格涅,,苏珊·希尔,,让·雷谢夫,,多米尼克·布隆,,类型:,"['剧情', '惊悚']",90 分钟,1989,法国, 法语,8.2
日出时让悲伤终结 Tous les matins du monde,,阿兰·科诺,,阿兰·科诺,,热拉尔·德帕迪约,,让-皮埃尔·马里埃尔,,安妮·波诺什,"['剧情', '爱情', '音乐', '传记']",115 分钟,1991,法国, 法语,8.2
沙滩上的宝莲 Pauline à la plage,,埃里克·侯麦,,埃里克·侯麦,,阿曼达·朗格勒,,阿丽尔·朵巴丝勒,,帕斯卡尔·格雷戈里,"['剧情', '喜剧', '爱情']",94 分钟,1983,法国, 法语,8.2
四次 Le quattro volte,,米开朗基罗·弗兰马汀诺,,米开朗基罗·弗兰马汀诺,,Giuseppe Fuda,,Bruno Timpano,,Nazareno Timpano,['剧情'],88分钟,2010,意大利 / 德国 / 瑞士, 无对白,8.2
心碎往事 House of D,,大卫·杜楚尼,,大卫·杜楚尼,,安东·叶利钦,,罗宾·威廉姆斯,,蒂娅·里欧妮,"['剧情', '喜剧']",USA: 96 分钟(Tribeca Film Festival),2004,美国, 英语 / 法语,8.2
严密监视的列车 Ostre sledované vlaky,,伊利·曼佐,,博胡米尔·赫拉巴尔,,瓦茨拉夫·内茨卡,,约瑟夫·索姆尔,,伏拉基米尔·布劳德斯基,"['剧情', '喜剧', '战争']",93 分钟,1966,捷克斯洛伐克, 捷克语 / 德语,8.2
举起金刚 킹콩을 들다,,朴建龙,,裴世英,,李凡秀,,赵安,,李尹熙,"['剧情', '喜剧']",120分钟,2009,韩国, 韩语,8.2
迎春阁之风波 迎春閣之風波,,胡金铨,,胡金铨,,李丽华,,乔宏,,田丰,"['剧情', '动作', '悬疑', '武侠', '古装']",105分钟,1973,香港 / 台湾, 汉语普通话,8.2
黄金时代 The Best Years of Our Lives,,威廉·惠勒,,罗伯特·E·舍伍德,,玛娜·洛伊,,弗雷德里克·马奇,,达纳·安德鲁斯,"['剧情', '爱情', '战争']",172 分钟,1946,美国, 英语,8.2
一袋弹子 Un sac de billes,,克里斯丁·杜瓦,,克里斯丁·杜瓦,,多里安·勒·克利奇,,巴蒂斯特·弗勒里埃尔,,帕特里克·布鲁尔,"['剧情', '历史', '战争']",110分钟,2017,法国 / 加拿大 / 捷克, 法语 / 德语 / 意第绪语 / 俄语,8.2
欢乐谷 Pleasantville,,盖瑞·罗斯,,盖瑞·罗斯,,托比·马奎尔,,瑞茜·威瑟斯彭,,威廉姆·H·梅西,"['剧情', '喜剧', '奇幻']",124 分钟,1998,美国, 英语,8.2
杀戮禁区 Beyond the Gates,,迈克尔·卡顿-琼斯,,大卫·沃斯登克罗夫特,,约翰·赫特,,休·丹西,,多米尼克·霍卫兹,"['剧情', '历史']",115 分钟,2005,英国 / 德国, 英语 / 法语,8.2
朱门巧妇 Cat on a Hot Tin Roof,,理查德·布鲁克斯,,理查德·布鲁克斯,,伊丽莎白·泰勒,,保罗·纽曼,,伯尔·艾弗斯,['剧情'],108 分钟,1958,美国, 英语,8.2
天与地 Heaven & Earth,,奥利佛·斯通,,奥利佛·斯通,,黎氏侠,,汤米·李·琼斯,,吴汉润,"['剧情', '动作', '传记', '历史', '战争']",140 分钟,1993,法国 / 美国, 英语 / 越南语,8.2
秘密与谎言 Secrets & Lies,,迈克·李,,迈克·李,,蒂莫西·斯波,,菲利斯·洛根,,布兰达·布莱斯,"['剧情', '喜剧', '家庭']",136分钟,1996,英国 / 法国, 英语,8.2
ABC谋杀案 Poirot: The ABC Murders,,安德鲁·格里弗,,克里夫·埃克斯顿,,大卫·苏切,,休·弗拉瑟,,菲利普·杰克森,"['剧情', '悬疑', '犯罪']",102分钟,1992,英国, 英语,8.2
白夜 Le notti bianche,,卢基诺·维斯康蒂,,苏索·切基·达米科,,玛丽亚·雪儿,,马塞洛·马斯楚安尼,,让·马雷,"['剧情', '爱情']",Germany: 97 分钟,1957,意大利 / 法国, 意大利语,8.2
周恩来,,丁荫楠,,丁荫楠,,王铁成,,郑小娟,,张云立,"['剧情', '传记']",164 分钟,1992,中国大陆, 汉语普通话,8.2
控制 Control,,安东·寇班,,马特·格林哈尔什,,萨姆·赖利,,萨曼莎·莫顿,,亚历山德拉·玛丽亚·拉娜,"['剧情', '音乐', '传记']",122 分钟,2007,英国 / 美国 / 澳大利亚 / 日本, 英语,7.9
青少年哪吒,,蔡明亮,,蔡明亮,,李康生,,王渝文,,陈昭荣,['剧情'],106分钟,1992,台湾, 汉语普通话 / 台语,7.9
匿名者 Anonymous,,罗兰·艾默里奇,,约翰·奥罗夫,,瑞斯·伊凡斯,,瓦妮莎·雷德格瑞夫,,大卫·休里斯,"['剧情', '悬疑', '惊悚']",130分钟,2011,英国 / 德国, 英语 / 法语 / 意大利语,7.9
双面劳伦斯 Laurence Anyways,,泽维尔·多兰,,泽维尔·多兰,,梅尔维尔·珀波,,苏珊娜·克莱蒙,,纳塔莉·贝伊,"['剧情', '爱情']",168分钟,2012,加拿大, 法语,7.9
一公升的眼泪 1リットルの涙,,冈村力,,江头美智留 ,,加藤和子,,大西麻惠,,松金米子,['剧情'],98分钟,2005,日本, 日语,7.9
家在水草丰茂的地方,,李睿珺,,李睿珺,,汤龙,,郭嵩涛,,白文信,"['剧情', '儿童']",103分钟,2014,中国大陆, 裕固语 / 甘肃方言 / 汉语普通话,7.9
爱情故事 Love Story,,阿瑟·希勒,,埃里奇·西格尔,,艾丽·麦古奥,,瑞安·奥尼尔,,约翰·马利,"['剧情', '爱情']",99 分钟,1970,美国, 英语,7.9
寻：电影版 Looking: The Movie,,安德鲁·海格,,迈克尔·兰南,,乔纳森·格罗夫,,弗兰克·J·阿尔瓦雷斯,,穆雷·巴特利特,"['剧情', '爱情', '同性']",81分钟,2016,美国, 英语,7.9
水中生活 The Life Aquatic with Steve Zissou,,韦斯·安德森,,韦斯·安德森,,比尔·默瑞,,欧文·威尔逊,,凯特·布兰切特,"['剧情', '喜剧', '冒险']",119 分钟,2004,美国, 英语 / 冰岛语 / 菲律宾语 / 葡萄牙语 / 法语 / 塔加路族语 / 德语 / 意大利语,7.9
合法副本 Copie conforme,,阿巴斯·基亚罗斯塔米,,阿巴斯·基亚罗斯塔米,,朱丽叶·比诺什,,威廉姆·西梅尔,,让-克洛德·卡里埃,['剧情'],106分钟,2010,法国 / 意大利 / 比利时 / 伊朗, 法语 / 英语 / 意大利语,7.9
幽灵世界 Ghost World,,泰利·茨威戈夫,,丹尼尔·克洛维斯,,索拉·伯奇,,斯嘉丽·约翰逊,,史蒂夫·布西密,"['剧情', '喜剧']",111 分钟,2001,美国 / 英国 / 德国, 英语,7.9
老井,,吴天明,,郑义,,张艺谋,,梁玉瑾,,吕丽萍,"['剧情', '爱情']",130分钟,1986,中国大陆, 汉语普通话,7.9
美梦成真 What Dreams May Come,,文森特·沃德,,罗纳德·巴斯,,罗宾·威廉姆斯,,小库珀·古丁,,安娜贝拉·莎拉,"['剧情', '爱情', '奇幻']",113 分钟,1998,美国 / 新西兰, 英语,7.9
怪房客 Le locataire,,罗曼·波兰斯基,,热拉尔·布拉什,,罗曼·波兰斯基,,伊莎贝尔·阿佳妮,,茂文·道格拉斯,"['剧情', '悬疑', '惊悚']",126分钟,1976,法国, 法语 / 英语,7.9
码头风云 On the Waterfront,,伊利亚·卡赞,,巴德·舒尔伯格,,马龙·白兰度,,卡尔·莫尔登,,李·科布,"['剧情', '爱情', '犯罪']",108 分钟,1954,美国, 英语,7.9
简爱 Jane Eyre,,Franco Zeffirelli,,夏洛蒂·勃朗特,,William Hurt,,Charlotte Gainsbourg,,Anna Paquin,"['剧情', '爱情']",112 分钟,1996,法国 / 意大利 / 英国 / 美国, 英语 / 法语,7.9
好人寥寥 A Few Good Men,,罗伯·莱纳,,艾伦·索金,,汤姆·克鲁斯,,杰克·尼科尔森,,黛米·摩尔,"['剧情', '悬疑', '惊悚', '犯罪']",138 分钟,1992,美国, 英语,7.9
向日葵 해바라기,,姜锡范,,姜锡范,,金来沅,,韩正洙,,金海淑,"['剧情', '动作']",116分钟,2006,韩国, 韩语,7.9
青春祭,,张暖忻,,张暖忻,,李凤绪,,冯远征,,松涛,['剧情'],96分钟,1985,中国大陆, 汉语普通话,8.2
小孤星 Ponette,,雅克·杜瓦隆,,雅克·杜瓦隆,,薇朵儿·希维索,,Delphine Schiltz,,Matiaz Bureau Caton,"['剧情', '喜剧']",97 分钟,1996,法国, 法语,8.2
校园规则 Ondskan,,米凯尔·哈弗斯特罗姆,,Hans Gunnarsson,,安德鲁斯·威尔森,,Henrik Lundström,,古斯塔·斯卡斯加德,"['剧情', '运动']",113 分钟,2003,瑞典 / 丹麦, 瑞典语 / 芬兰语,8.2
青山翠谷 How Green Was My Valley,,约翰·福特,,菲利普·邓恩,,沃尔特·皮金,,玛琳·奥哈拉,,安娜·李,"['剧情', '家庭']",118 分钟,1941,美国, 英语,8.2
诗人之血 Le Sang d'un Poète,,让·谷克多,,让·谷克多,,恩里克·里韦罗斯,,伊丽莎白·李·米勒,,波利娜·卡尔东,"['剧情', '奇幻']",55分钟,1932,法国, 法语,8.2
跑吧孩子 Homerun,,梁智强,,梁智强,,李创锐,,郑智允,,洪赐健,"['剧情', '家庭']",108 分钟,2003,新加坡, 汉语普通话,8.2
"有梦就去闯 Have Dreams, Will Travel",,Brad Isaacs,,Brad Isaacs,,凯登·博伊德,,安娜索菲亚·罗伯,,方·基默,"['剧情', '爱情']",86分钟,2007,美国, 英语,8.2
雪季过客 Snow Cake,,马克·埃文斯,,Angela Pell,,艾伦·瑞克曼,,埃米丽·汉普希尔,,Jackie Brown,"['剧情', '爱情']",112 分钟,2006,英国 / 加拿大, 英语,8.2
卡门 Carmen,,卡洛斯·绍拉,,卡洛斯·绍拉,,安东尼奥·加德斯,,劳拉·德尔·索尔,,帕科·德·卢西亚,"['剧情', '爱情', '音乐', '歌舞']",102 分钟,1983,西班牙, 西班牙语,8.2
骗子 Il Bidone,,费德里科·费里尼,,费德里科·费里尼,,布罗德里克·克劳福德,,朱丽叶塔·马西纳,,理查德·贝斯哈特,['剧情'],Argentina: 100 分钟,1955,意大利 / 法国, 意大利语 / 英语,8.2
哈姆雷特 Hamlet,,肯尼思·布拉纳,,莎士比亚,,理查德·阿滕伯勒,,大卫·布莱尔,,布耐恩·布莱塞得,"['剧情', '爱情', '惊悚', '犯罪']",242 分钟,1996,英国 / 美国, 英语,8.2
明日的记忆 明日の記憶,,堤幸彦,,砂本量,,渡边谦,,樋口可南子,,坂口宪二,['剧情'],122分钟,2006,日本, 日语,8.2
赤胆屠龙 Rio Bravo,,霍华德·霍克斯,,利·布拉克特,,约翰·韦恩,,迪恩·马丁,,瑞奇·尼尔森,"['剧情', '喜剧', '爱情', '西部']",141 分钟,1959,美国, 英语 / 西班牙语,8.2
雾都孤儿 Oliver Twist,,大卫·里恩,,大卫·里恩,,约翰·霍华德·戴维斯,,罗伯特·牛顿,,亚历克·吉尼斯,"['剧情', '犯罪', '冒险']",116 分钟,1948,英国, 英语,8.2
双虎屠龙 The Man Who Shot Liberty Valance,,约翰·福特,,詹姆斯·华纳·贝拉,,约翰·韦恩,,詹姆斯·斯图尔特,,维拉·迈尔斯,"['剧情', '爱情', '西部']",123分钟,1962,美国, 英语,8.2
激情年代 The Crucible,,尼古拉斯·希特纳,,阿瑟·米勒,,丹尼尔·戴-刘易斯,,薇诺娜·瑞德,,保罗·斯科菲尔德,"['剧情', '历史']",124 分钟,1996,美国, 英语,8.2
等爱的女孩 Ladies in Lavender,,查尔斯·丹斯,,查尔斯·丹斯,,朱迪·丹奇,,玛吉·史密斯,,娜塔莎·麦克艾霍恩,"['剧情', '爱情', '悬疑', '音乐']",104 分钟,2004,英国, 英语 / 德语 / 波兰语 / 法语,8.2
早春,,小津安二郎,,野田高梧,,淡岛千景,,池部良,,高桥贞二,"['剧情', '家庭']",144 分钟,1956,日本, 日语,8.2
欧洲特快车 Europa,,拉斯·冯·提尔,,拉斯·冯·提尔,,让-马克·巴尔,,巴巴拉·苏科瓦,,乌多·基尔,"['剧情', '战争']",112分钟,1991,丹麦 / 法国 / 德国 / 瑞典 / 瑞士, 英语 / 德语,8.2
定罪 Conviction,,托尼·戈德温,,帕梅拉·格雷,,希拉里·斯万克,,山姆·洛克威尔,,梅丽莎·里奥,"['剧情', '传记']",107 分钟,2010,美国, 英语,7.9
边城,,凌子风,,沈从文,,冯汉元,,戴呐,,刘汉璞,['剧情'],95分钟,1984,中国大陆, 汉语普通话,7.9
红颜,,李玉,,方励,,刘谊,,黄梓城,,王乙竹,['剧情'],86分钟,2005,中国大陆 / 法国, 汉语普通话 / 四川话,7.9
我们假期做了什么 What We Did On Our Holiday,,Andy Hamilton,,Andy Hamilton,,大卫·田纳特,,裴淳华,,比利·康诺利,"['剧情', '喜剧']",95分钟,2014,英国, 英语,7.9
武士的一分 武士の一分,,山田洋次,,山田洋次,,木村拓哉,,檀丽,,桃井薰,"['剧情', '爱情']",Germany: 121 分钟(Berlin International Film Festival),2006,日本, 日语,7.9
鳗鱼 うなぎ,,今村昌平,,天愿大介,,役所广司,,清水美沙,,柄本明,"['剧情', '犯罪']",117分钟,1997,日本, 日语,7.9
天堂之日 Days of Heaven,,泰伦斯·马力克,,泰伦斯·马力克,,理查·基尔,,布鲁克·亚当斯,,山姆·夏普德,"['剧情', '爱情']",94 分钟,1978,美国, 英语 / 意大利语,7.9
米勒的十字路口 Miller's Crossing,,伊桑·科恩,,伊桑·科恩,,加布里埃尔·伯恩,,马西娅·盖伊·哈登,,约翰·特托罗,"['剧情', '惊悚', '犯罪']",115 分钟,1990,美国, 英语 / 意大利语 / 爱尔兰盖尔语 / 意第绪语,7.9
斯巴达克斯 Spartacus,,斯坦利·库布里克,,达尔顿·特朗勃,,柯克·道格拉斯,,劳伦斯·奥利弗,,简·西蒙斯,"['剧情', '动作', '传记', '历史', '冒险']",184 分钟(premiere version),1960,美国, 英语,7.9
美国女孩的秘密 Kit Kittredge: An American Girl,,帕特丽夏·罗兹玛,,Ann Peacock,,阿比盖尔·布蕾斯琳,,朱莉娅·奥蒙德,,克里斯·奥唐纳,"['剧情', '家庭']",101 分钟,2008,美国 / 加拿大, 英语,7.9
选秀日 Draft Day,,伊万·雷特曼,,斯科特·罗思曼,,凯文·科斯特纳,,詹妮弗·加纳,,克里斯·伯曼,"['剧情', '运动']",110分钟,2014,美国, 英语,7.9
小公女 소공녀,,全高云,,全高云,,李絮,,安在洪,,姜臻雅,"['剧情', '爱情']",106分钟,2018,韩国, 韩语,7.9
岁月风云之上海皇帝 歲月風雲之上海皇帝,,潘文杰,,麦当雄,,吕良伟,,郑则仕,,徐锦江,"['剧情', '悬疑', '犯罪']",150 分钟,1993,香港, 粤语,7.9
"晚安，好运 Good Night, and Good Luck.",,乔治·克鲁尼,,乔治·克鲁尼,,大卫·斯特雷泽恩,,派翠西娅·克拉克森,,乔治·克鲁尼,"['剧情', '历史']",93 分钟,2005,美国 / 英国 / 法国 / 日本, 英语,7.9
苏默斯小镇 Somers Town,,西恩·迈德斯,,Paul Fraser,,Thomas Turgoose,,Ireneusz Czop,,Perry Benson,"['剧情', '喜剧']",71 分钟,2008,英国, 英语 / 波兰语 / 法语,7.9
儿子的房间 La stanza del figlio,,南尼·莫莱蒂,,南尼·莫莱蒂,,南尼·莫莱蒂,,劳拉·莫兰特,,杰丝敏·特丽卡,"['剧情', '悬疑', '家庭']",99分钟,2001,法国 / 意大利, 意大利语 / 拉丁语,7.9
洛奇3 Rocky III,,西尔维斯特·史泰龙,,西尔维斯特·史泰龙,,西尔维斯特·史泰龙,,塔莉娅·夏尔,,波特·杨,"['剧情', '动作', '运动']",99 分钟,1982,美国, 英语,7.9
红潮风暴 Crimson Tide,,托尼·斯科特,,迈克尔·希弗,,丹泽尔·华盛顿,,吉恩·哈克曼,,马特·克拉文,"['剧情', '动作', '惊悚']",116 分钟,1995,美国, 英语,7.9
情迷高跟鞋 Tacones lejanos,,佩德罗·阿莫多瓦,,佩德罗·阿莫多瓦,,维多利亚·阿夫里尔,,玛丽萨·帕雷德斯,,米盖尔·波斯,"['剧情', '喜剧', '爱情']",112 分钟,1991,西班牙 / 法国, 西班牙语,7.9
蓝色青春 青い春,,丰田利晃,,松本大洋,,松田龙平,,新井浩文,,高冈奏辅,['剧情'],83分钟,2001,日本, 日语,7.9
山丘之王 King of the Hill,,史蒂文·索德伯格,,史蒂文·索德伯格,,杰西·布拉德福特,,杰罗恩·克拉比,,丽莎·艾科恩,"['剧情', '历史']",103 分钟,1993,美国, 英语,8.2
找乐,,宁瀛,,宁瀛,,黄宗洛,,黄文捷,,韩善续,"['剧情', '喜剧']",97 分钟,1993,中国大陆, 汉语普通话,8.2
失控的校园 Klass,,伊马·瑞格,,伊马·瑞格,,Vallo Kirs,,Pärt Uusberg,,Lauri Pedaja,['剧情'],99 分钟,2007,爱沙尼亚, 爱沙尼亚语,8.2
日本昆虫记 にっぽん昆虫記,,今村昌平,,长谷部庆次,,左幸子,,河津清三郎,,北林谷荣,['剧情'],123 分钟,1963,日本, 日语,8.2
男情难了 Lilies - Les feluettes,,John Greyson,,米歇尔·马克·布沙尔,,丹尼·吉尔摩尔,,Jason Cadieux,,布伦特·卡沃,"['剧情', '爱情', '同性', '奇幻']",95分钟,1996,加拿大, 英语 / 法语,8.2
波希米亚生活 La vie de bohème,,阿基·考里斯马基,,阿基·考里斯马基,,马蒂·佩龙帕,,Evelyne Didi,,André Wilms,"['剧情', '喜剧']",Germany: 100 分钟,1992,芬兰 / 法国 / 瑞典 / 德国, 法语,8.2
那些年，我们一起追的女孩 那些年，我們一起追的女孩,,九把刀,,九把刀,,柯震东,,陈妍希,,敖犬,"['剧情', '喜剧', '爱情']",110分钟,2011,台湾, 汉语普通话,8.1
无名之辈,,饶晓志,,饶晓志,,陈建斌,,任素汐,,潘斌龙,"['剧情', '喜剧']",108分钟,2018,中国大陆, 汉语普通话 / 贵州话,8.1
无双 無雙,,庄文强,,庄文强,,周润发,,郭富城,,张静初,"['剧情', '动作', '悬疑', '犯罪']",130分钟,2018,中国大陆 / 香港, 汉语普通话 / 粤语 / 英语 / 泰语 / 波兰语,8.1
风声,,陈国富,,陈国富,,周迅,,李冰冰,,张涵予,"['剧情', '惊悚', '战争', '犯罪']",118分钟,2009,中国大陆, 汉语普通话 / 日语,8.1
我的野蛮女友 엽기적인 그녀,,郭在容,,郭在容,,车太贤,,全智贤,,金仁文,"['剧情', '喜剧', '爱情']",123分钟(韩国),2001,韩国, 英语 / 韩语,8.1
社交网络 The Social Network,,大卫·芬奇,,艾伦·索金,,杰西·艾森伯格,,安德鲁·加菲尔德,,贾斯汀·汀布莱克,"['剧情', '传记']",120 分钟,2010,美国, 英语 / 法语,8.1
听说 聽說,,郑芬芬,,郑芬芬,,彭于晏,,陈意涵,,陈妍希,"['剧情', '爱情']",107分钟(中国大陆),2009,台湾, 汉语普通话 / 台湾手语 / 闽南语,8.1
猩球崛起 Rise of the Planet of the Apes,,鲁伯特·瓦耶特,,里克·杰法,,詹姆斯·弗兰科,,安迪·瑟金斯,,汤姆·费尔顿,"['剧情', '动作', '科幻']",105分钟,2011,美国, 英语 / 美国手语,8.1
卧虎藏龙 臥虎藏龍,,李安,,王蕙玲,,周润发,,杨紫琼,,章子怡,"['剧情', '爱情', '武侠']",120分钟,2000,台湾 / 香港 / 美国 / 中国大陆, 汉语普通话,8.1
闪灵 The Shining,,斯坦利·库布里克,,斯坦利·库布里克,,杰克·尼科尔森,,谢莉·杜瓦尔,,丹尼·劳埃德,"['剧情', '悬疑', '恐怖']",119分钟(欧洲版),1980,英国 / 美国, 英语,8.1
师父,,徐浩峰,,徐浩峰,,廖凡,,宋佳,,蒋雯丽,"['剧情', '动作', '武侠']",109分钟,2015,中国大陆, 汉语普通话,8.1
战马 War Horse,,史蒂文·斯皮尔伯格,,李·哈尔,,杰瑞米·艾文,,彼得·穆兰,,艾米丽·沃森,"['剧情', '战争']",146分钟,2011,美国, 英语 / 德语,8.1
老无所依 No Country for Old Men,,伊桑·科恩,,乔尔·科恩,,汤米·李·琼斯,,哈维尔·巴登,,乔什·布洛林,"['剧情', '惊悚', '犯罪']",122 分钟,2007,美国, 英语 / 西班牙语,8.1
独自等待,,伍仕贤,,伍仕贤,,夏雨,,李冰冰,,龚蓓苾,"['剧情', '喜剧', '爱情']",107 分钟,2005,中国大陆, 汉语普通话,8.1
大亨游戏 Glengarry Glen Ross,,詹姆斯·弗雷,,大卫·马梅,,阿尔·帕西诺,,杰克·莱蒙,,亚历克·鲍德温,['剧情'],100分钟,1992,美国, 英语,7.9
小孩不笨 I Not Stupid,,梁智强,,梁智强,,梁智强,,向云,,黄博儒,"['剧情', '喜剧']",105分钟,2002,新加坡, 英语 / 汉语普通话 / 闽南语,7.9
陆军野战医院 MASH,,罗伯特·奥特曼,,小瑞因·拉德纳,,唐纳德·萨瑟兰,,埃利奥特·古尔德,,汤姆·斯凯里特,"['剧情', '喜剧', '战争']",116 分钟,1970,美国, 英语 / 日语 / 韩语,7.9
牧马人,,谢晋,,李准,,朱时茂,,丛珊,,刘琼,"['剧情', '爱情']",99分钟,1982,中国, 汉语普通话,7.9
地下铁 Subway,,吕克·贝松,,Alain Le Henry,,伊莎贝尔·阿佳妮,,克里斯多弗·兰伯特,,让·雨果·安格拉德,"['剧情', '喜剧', '爱情', '惊悚', '犯罪']",104 分钟,1985,法国, 法语,7.9
学校风云 學校風雲,,林岭东,,南燕,,袁洁莹,,张耀扬,,刘松仁,"['剧情', '动作', '惊悚', '犯罪']",103分钟,1988,香港, 粤语,7.9
一件幸福的事 Un heureux événement,,雷米·贝占松,,雷米·贝占松,,露易丝·布尔昆,,皮奥·马麦,,若西安·巴拉斯科,"['剧情', '喜剧', '爱情', '家庭']",107分钟,2011,法国, 法语,7.9
畸形人 Freaks,,托德·布朗宁,,托德·罗宾斯,,华莱士·福特,,丽拉·海厄姆斯,,奥尔加·巴古拉诺娃,"['剧情', '恐怖']",64 分钟,1932,美国, 英语,7.9
第十二个人 Den 12. mann,,哈罗德·兹瓦特,,彼特·斯卡弗兰,,乔纳森·莱斯·梅耶斯,,托马斯·古勒斯塔德,,玛丽·布洛克胡斯,"['剧情', '历史', '战争']",135分钟,2017,挪威, 英语 / 挪威语 / 德语 / 萨米语,7.9
"罗马，不设防的城市 Roma, città aperta",,罗伯托·罗西里尼,,赛尔乔·阿米德伊,,阿尔多·法布里齐,,安娜·马尼亚尼,,马塞洛·巴格利埃罗,"['剧情', '战争']",103分钟,1945,意大利, 意大利语 / 德语,7.9
青梅竹马 青梅竹馬,,杨德昌,,杨德昌,,侯孝贤,,蔡琴,,柯一正,"['剧情', '家庭']",120分钟,1985,台湾, 闽南语 / 汉语普通话,7.9
国家代表 국가대표,,金容华,,金容华,,河正宇,,金东旭,,金知硕,"['剧情', '运动']",137分钟,2009,韩国, 韩语,7.9
九三年夏天 Estiu 1993,,卡拉·西蒙·皮坡,,卡拉·西蒙·皮坡,,布鲁娜·库希,,莱娅·阿蒂加斯,,保拉·罗伯斯,"['剧情', '家庭']",97分钟,2017,西班牙, 加泰罗尼亚语,7.9
贪吃树 Otesánek,,杨·史云梅耶,,杨·史云梅耶,,Veronika Zilková,,Jan Hartl,,Jaroslava Kretschmerová,"['剧情', '喜剧', '惊悚', '奇幻']",132 分钟,2000,捷克 / 日本 / 英国, 捷克语,7.9
一封陌生女子的来信 Letter from an Unknown Woman,,马克斯·奥菲尔斯,,霍华德·科克,,琼·芳登,,路易斯·乔丹,,麦迪·克里斯蒂安斯,"['剧情', '爱情', '音乐']",86 分钟,1948,美国, 英语,7.9
勒阿弗尔 Le Havre,,阿基·考里斯马基,,阿基·考里斯马基,,安德烈·维尔姆斯,,卡蒂·奥廷宁,,让-皮埃尔·达鲁森,['剧情'],93 分钟,2011,芬兰 / 法国 / 德国, 芬兰语 / 法语,7.9
花牌情缘：结 ちはやふる 結び,,小泉德宏,,小泉德宏,,广濑铃,,野村周平,,新田真剑佑,['剧情'],128分钟,2018,日本, 日语,7.9
暗金丑岛君2 闇金ウシジマくん Part2,,山口雅俊,,Shôhei Manabe,,山田孝之,,绫野刚,,崎本大海,"['剧情', '喜剧', '犯罪']",133分钟,2014,日本, 日语,7.9
深蓝即是黑 Azul oscuro casi negro,,丹尼尔·桑切斯·阿雷瓦洛,,丹尼尔·桑切斯·阿雷瓦洛,,基姆·古铁雷斯,,玛尔塔·埃图拉,,安东尼奥·德·拉·托雷,['剧情'],105 分钟,2006,西班牙, 西班牙语,7.9
一个国家的诞生 The Birth of a Nation,,大卫·格里菲斯,,大卫·格里菲斯,,丽莲·吉许,,梅·马什,,亨利·B·沃斯奥,"['剧情', '爱情', '历史', '战争', '西部']",190 分钟(16 fps),1915,美国, 无对白,7.9
小姐 아가씨,,朴赞郁,,郑瑞景,,金敏喜,,金泰梨,,河正宇,"['剧情', '悬疑', '同性']",145分钟,2016,韩国, 韩语 / 日语,8.1
小岛惊魂 The Others,,亚历杭德罗·阿梅纳瓦尔,,亚历杭德罗·阿梅纳瓦尔,,妮可·基德曼,,菲奥纽拉·弗拉纳根,,克里斯托弗·埃克莱斯顿,"['剧情', '悬疑', '恐怖']",104分钟,2001,美国 / 西班牙 / 法国 / 意大利, 英语,8.1
花与爱丽丝 花とアリス,,岩井俊二,,岩井俊二,,铃木杏,,苍井优,,郭智博,"['剧情', '喜剧']",135分钟,2004,日本, 日语,8.1
百鸟朝凤,,吴天明,,吴天明,,陶泽如,,李岷城,,嵇波,['剧情'],108分钟,2013,中国大陆, 汉语普通话,8.1
蒂凡尼的早餐 Breakfast at Tiffany's,,布莱克·爱德华兹,,杜鲁门·卡波特,,奥黛丽·赫本,,乔治·佩帕德,,帕德里夏·妮尔,"['剧情', '喜剧', '爱情']",115 分钟,1961,美国, 英语 / 葡萄牙语,8.1
蓝宇 藍宇,,关锦鹏,,魏绍恩,,胡军,,刘烨,,苏瑾,"['剧情', '爱情', '同性']",86分钟(香港),2001,中国大陆 / 香港, 汉语普通话,8.1
太阳照常升起,,姜文,,过士行,,房祖名,,周韵,,姜文,"['剧情', '奇幻']",116 分钟,2007,中国大陆, 汉语普通话 / 温州话 / 俄语 / 维吾尔语,8.1
孤胆特工 아저씨,,李桢凡,,李桢凡,,元斌,,金赛纶,,坦纳永·王特拉库,"['剧情', '动作', '惊悚', '犯罪']",119分钟(韩国),2010,韩国, 韩语,8.1
情人 L'amant,,让-雅克·阿诺,,让-雅克·阿诺,,珍·玛奇,,梁家辉,,Frédérique Meininger,"['剧情', '爱情', '情色', '传记']",115分钟,1992,法国 / 英国 / 越南, 英语 / 粤语,8.1
一树梨花压海棠 Lolita,,阿德里安·莱恩,,弗拉基米尔·纳博科夫,,杰瑞米·艾恩斯,,梅兰尼·格里菲斯,,弗兰克·兰格拉,"['剧情', '爱情', '情色']",137分钟,1997,美国 / 法国, 英语,8.1
附注：我爱你 P.S. I Love You,,理查德·拉·格拉文斯,,理查德·拉·格拉文斯,,希拉里·斯万克,,杰拉德·巴特勒,,凯西·贝茨,"['剧情', '爱情']",126 分钟,2007,美国, 英语,8.1
赛末点 Match Point,,伍迪·艾伦,,伍迪·艾伦,,乔纳森·莱斯·梅耶斯,,斯嘉丽·约翰逊,,马修·古迪,"['剧情', '爱情', '悬疑']",124 分钟,2005,英国 / 美国 / 爱尔兰 / 俄罗斯, 英语,8.1
赌神 賭神,,王晶,,王晶,,周润发,,刘德华,,王祖贤,"['剧情', '喜剧']",126 分钟,1989,香港, 粤语 / 日语 / 英语,8.1
127小时 127 Hours,,丹尼·博伊尔,,西蒙·博福伊,,詹姆斯·弗兰科,,丽兹·卡潘,,凯特·玛拉,"['剧情', '传记', '冒险']",94分钟,2010,美国 / 英国, 英语,8.1
冷山 Cold Mountain,,安东尼·明格拉,,安东尼·明格拉,,裘德·洛,,妮可·基德曼,,蕾妮·齐薇格,"['剧情', '爱情', '战争']",154 分钟,2003,美国, 英语,8.1
杀手没有假期 In Bruges,,马丁·麦克唐纳,,马丁·麦克唐纳,,科林·法瑞尔,,布莱丹·格里森,,克蕾曼丝·波西,"['剧情', '喜剧', '犯罪']",107分钟,2008,英国 / 美国, 英语 / 德语,8.1
七磅 Seven Pounds,,加布里埃莱·穆奇诺,,Grant Nieporte,,威尔·史密斯,,罗莎里奥·道森,,伍迪·哈里森,['剧情'],123 分钟,2008,美国, 英语 / 西班牙语,8.1
风雨哈佛路 Homeless to Harvard: The Liz Murray Story,,彼得·勒文,,Ronni Kern,,索拉·伯奇,,Makyla Smith,,凯莉·林奇,"['剧情', '传记']",104分钟,2003,美国, 英语 / 葡萄牙语 / 巴西手语,8.1
黑社会 黑社會,,杜琪峰,,游乃海,,任达华,,梁家辉,,古天乐,"['剧情', '惊悚', '犯罪']",100 分钟,2005,香港, 汉语普通话 / 粤语,8.1
立春,,顾长卫,,李樯,,蒋雯丽,,张瑶,,李光洁,['剧情'],101分钟,2007,中国大陆, 晋语 / 汉语普通话,8.1
总统班底 All the President's Men,,艾伦·J·帕库拉,,威廉姆·高德曼,,达斯汀·霍夫曼,,罗伯特·雷德福,,杰克·瓦尔登,"['剧情', '惊悚', '历史']",138 分钟,1976,美国, 英语 / 西班牙语,7.9
看车人的七月,,安战军,,张挺,,范伟,,陈小艺,,赵君,['剧情'],95分钟,2004,中国大陆, 汉语普通话,7.9
孩子 L'enfant,,让-皮埃尔·达内,,让-皮埃尔·达内,,杰瑞米·雷乃,,黛博拉·弗朗索瓦,,杰瑞米·瑟卡拉,"['剧情', '爱情', '犯罪']",95分钟(法国),2005,比利时 / 法国, 法语,7.9
玫瑰之名 Der Name der Rose,,让-雅克·阿诺,,翁贝托·埃科,,肖恩·康纳利,,克里斯蒂安·史莱特,,赫尔穆特·夸尔廷格,"['剧情', '悬疑', '犯罪']",130 分钟,1986,意大利 / 法国 / 西德, 英语 / 拉丁语,7.9
崭新的生活 여행자,,乌妮·勒孔特,,乌妮·勒孔特,,金赛纶,,朴度妍,,高雅星,['剧情'],92 分钟,2009,韩国 / 法国, 韩语,7.9
势不两立 The Edge,,李·塔玛霍瑞,,大卫·马梅,,安东尼·霍普金斯,,亚历克·鲍德温,,艾拉·麦克弗森,"['剧情', '动作', '惊悚', '冒险']",117 分钟,1997,美国, 英语,7.9
子狐物语 子ぎつねヘレン,,河野圭太,,竹田津实,,大泽隆夫,,松雪泰子,,深泽岚,"['剧情', '家庭']",Japan: 104 分钟,2006,日本, 日语,7.9
生日卡片 バースデーカード,,吉田康弘,,吉田康弘,,桥本爱,,中村苍,,须贺健太,"['剧情', '爱情']",123分钟,2016,日本, 日语,7.9
女收藏家 La collectionneuse,,埃里克·侯麦,,埃里克·侯麦,,帕特里克·波查,,哈蒂·波丽托弗,,Daniel Pommereulle,"['剧情', '喜剧', '爱情']",89 分钟,1967,法国, 法语 / 英语,7.9
关于施密特 About Schmidt,,亚历山大·佩恩,,亚历山大·佩恩,,杰克·尼科尔森,,凯西·贝茨,,霍普·戴维斯,"['剧情', '喜剧']",125 分钟,2002,美国, 英语,7.9
春琴抄 Shunkinsho,,西河克己,,谷崎润一郎,,山口百惠,,三浦友和,,绘泽萠子,['剧情'],97 分钟,1976,日本, 日语,7.9
海豚的故事 Dolphin Tale,,查尔斯·马丁·史密斯,,凯伦·詹森,,小哈里·康尼克,,艾什莉·贾德,,内森·甘宝,"['剧情', '家庭']",113分钟,2011,美国, 英语,7.9
女人就是女人 Une femme est une femme,,让-吕克·戈达尔,,让-吕克·戈达尔,,让-克洛德·布里亚利,,安娜·卡里娜,,让-保罗·贝尔蒙多,"['剧情', '喜剧', '爱情', '歌舞']",85分钟,1961,法国 / 意大利, 法语,7.9
神的病历簿2 神様のカルテ2,,深川荣洋,,后藤法子,,樱井翔,,宫崎葵,,藤原龙也,['剧情'],120分钟,2014,日本, 日语,7.9
决不让步 North Country,,妮琪·卡罗,,迈克尔·谢兹曼,,查理兹·塞隆,,托马斯·库蒂斯,,艾莉·彼得森,['剧情'],126 分钟,2005,美国, 英语,7.9
一轮明月,,陈家林,,杨捷,,濮存昕,,徐若瑄,,李建群,"['剧情', '传记']",105分钟,2005,中国大陆, 汉语普通话,7.9
克莱尔的膝盖 Le genou de Claire,,埃里克·侯麦,,埃里克·侯麦,,让-克洛德·布里亚利,,Aurora Cornu,,碧翠丝·罗曼德,"['剧情', '爱情']",105 分钟,1970,法国, 法语,7.9
暴劫梨花 The Accused,,乔纳森·卡普兰,,Tom Topor,,朱迪·福斯特,,凯莉·麦吉利斯,,Bernie Coulson,"['剧情', '犯罪']",111 分钟,1988,加拿大 / 美国, 英语,7.9
挑战星期天 Any Given Sunday,,奥利佛·斯通,,约翰·洛根,,阿尔·帕西诺,,卡梅隆·迪亚兹,,丹尼斯·奎德,"['剧情', '运动']",150 分钟,1999,美国, 英语,7.9
周末夜狂热 Saturday Night Fever,,约翰·班德汉姆,,Nik Cohn,,约翰·特拉沃尔塔,,凯伦·琳恩·高妮,,保罗·佩普,"['剧情', '爱情', '音乐']",118 分钟,1977,美国, 英语 / 意大利语,7.9
国家公敌 Enemy of the State,,托尼·斯科特,,大卫·马可尼,,威尔·史密斯,,吉恩·哈克曼,,强·沃特,"['剧情', '动作', '惊悚']",132分钟,1998,美国, 英语,8.1
醉乡民谣 Inside Llewyn Davis,,伊桑·科恩,,乔尔·科恩,,奥斯卡·伊萨克,,凯瑞·穆里根,,约翰·古德曼,"['剧情', '音乐']",105分钟,2013,美国 / 英国 / 法国, 英语,8.1
三峡好人,,贾樟柯,,贾樟柯,,赵涛,,韩三明,,王宏伟,"['剧情', '爱情']",107分钟,2006,中国大陆, 四川话 / 晋语,8.1
间谍之桥 Bridge of Spies,,史蒂文·斯皮尔伯格,,马特·查曼,,汤姆·汉克斯,,马克·里朗斯,,斯科特· 谢泼德,"['剧情', '传记', '历史']",141分钟,2015,美国 / 德国 / 印度, 英语 / 德语 / 俄语,8.1
恐袭波士顿 Patriots Day,,彼得·博格,,彼得·博格,,马克·沃尔伯格,,凯文·贝肯,,约翰·古德曼,"['剧情', '惊悚', '历史']",133分钟,2016,美国, 英语,8.1
花魁 さくらん,,蜷川实花,,安野梦洋子,,土屋安娜,,木村佳乃,,安藤政信,"['剧情', '历史']",111分钟,2006,日本, 日语,8.1
窈窕淑女 My Fair Lady,,乔治·库克,,艾伦·杰伊·勒纳,,奥黛丽·赫本,,雷克斯·哈里森,,斯坦利·霍洛威,"['剧情', '爱情', '歌舞']",172分钟,1964,美国, 英语,8.1
狗狗与我的十个约定 犬と私の10の約束,,本木克英,,泽本嘉光,,田中丽奈,,加濑亮,,福田麻由子,"['剧情', '喜剧', '爱情']",117 分钟,2008,日本, 日语,8.1
我和厄尔以及将死的女孩 Me and Earl and the Dying Girl,,阿方索·戈麦斯-雷洪,,杰西·安德鲁斯,,托马斯·曼,,奥利维亚·库克,,RJ·赛勒,"['剧情', '喜剧']",105分钟,2015,美国, 英语,8.1
漫长的婚约 Un long dimanche de fiançailles,,让-皮埃尔·热内,,塞巴斯蒂安·雅普里佐,,奥黛丽·塔图,,加斯帕德·尤利尔,,多米尼克·皮侬,"['剧情', '爱情', '悬疑', '战争']",133 分钟,2004,法国 / 美国, 法语 / 德语,8.1
布拉格之恋 The Unbearable Lightness of Being,,菲利普·考夫曼,,让-克洛德·卡里埃,,丹尼尔·戴-刘易斯,,朱丽叶·比诺什,,莉娜·奥琳,"['剧情', '爱情']",171 分钟,1988,美国, 英语,8.1
十二夜,,林爱华,,林爱华,,张柏芝,,陈奕迅,,卢巧音,['剧情'],92分钟,2000,香港, 粤语,8.1
罗马 Roma,,阿方索·卡隆,,阿方索·卡隆,,雅利扎·阿巴里西奥,,玛丽娜·德·塔维拉,,迭戈·科蒂娜·奥特里,"['剧情', '家庭']",135分钟,2018,墨西哥 / 美国, 西班牙语 / 米斯特克语 / 英语,8.1
金鸡,,赵良骏,,赵良骏,,吴君如,,曾志伟,,陈奕迅,"['剧情', '喜剧']",106分钟(多伦多电影节),2002,香港, 粤语 / 普通话,8.1
丈夫得了抑郁症 ツレがうつになりまして。,,佐佐部清,,青岛武 ,,宫崎葵,,堺雅人,,余贵美子,"['剧情', '爱情', '家庭']",121分钟,2011,日本, 日语,8.1
怒火救援 Man on Fire,,托尼·斯科特,,A·J·昆奈尔,,丹泽尔·华盛顿,,达科塔·范宁,,拉达·米切尔,"['剧情', '动作', '惊悚']",146 分钟,2004,美国 / 英国, 英语 / 西班牙语,8.1
欢迎来到东莫村 웰컴 투 동막골,,朴光铉,,张镇,,申河均,,郑在咏,,姜惠贞,"['剧情', '喜剧', '战争']",133 分钟,2005,韩国, 英语 / 韩语,8.1
托斯卡纳艳阳下 Under the Tuscan Sun,,奥黛丽·威尔斯,,奥黛丽·威尔斯,,戴安·琳恩,,吴珊卓,,琳赛·邓肯,"['剧情', '喜剧', '爱情']",113分钟,2003,美国 / 意大利, 英语 / 意大利语 / 波兰语 / 法语 / 西班牙语 / 德语,8.1
硫磺岛的来信 Letters from Iwo Jima,,克林特·伊斯特伍德,,Iris Yamashita,,渡边谦,,二宫和也,,加濑亮,"['剧情', '历史', '战争']",141 分钟,2006,美国, 英语 / 日语,8.1
紫日,,冯小宁,,冯小宁,,富大龙,,前田知惠,,安娜·捷尼拉洛娃,"['剧情', '战争']",106分钟,2001,中国大陆, 汉语普通话 / 俄语 / 日语,8.1
环游世界八十天 Around The World In 80 Days,,巴兹·库里克,,约翰·盖伊,,皮尔斯·布鲁斯南,,艾瑞克·爱都,,朱莉娅·尼克森,"['剧情', '科幻', '冒险']",Spain: 210 分钟,1989,美国 / 意大利 / 西德 / 南斯拉夫, 英语 / 法语,7.9
一个烂赌的传说,,麦子善,,麦子善,,吴镇宇,,关秀媚,,李灿森,['剧情'],94分钟,2001,香港, 粤语,7.9
失去的周末 The Lost Weekend,,比利·怀德,,查尔斯·布拉克特,,雷·米兰德,,简·怀曼,,菲利普·特里,"['剧情', '黑色电影']",101 分钟,1945,美国, 英语,7.9
柠檬树 עץ לימון,,Eran Riklis,,Suha Arraf,,西娅姆·阿巴斯,,Rona Doron,,Ali Suliman,['剧情'],Germany: 106 分钟(Berlin International Film Festival),2008,以色列 / 德国 / 法国, 阿拉伯语 / 希伯来语 / 法语 / 英语,7.9
女友礼拜五 His Girl Friday,,霍华德·霍克斯,,查尔斯·莱德勒,,加里·格兰特,,罗莎琳德·拉塞尔,,拉尔夫·贝拉米,"['剧情', '喜剧', '爱情']",92 分钟,1940,美国, 英语 / 法语,7.9
绝恋 Jude,,迈克尔·温特伯顿,,霍辛·阿米尼,,克里斯托弗·埃克莱斯顿,,凯特·温丝莱特,,利亚姆·坎宁安,"['剧情', '爱情']",123 分钟,1996,英国, 英语 / 拉丁语,7.9
惊爆十三天 Thirteen Days,,罗杰·唐纳森,,David Self,,凯文·科斯特纳,,布鲁斯·格林伍德,,斯蒂芬尼·罗曼诺夫,"['剧情', '惊悚', '历史']",145 分钟,2000,美国, 英语 / 俄语,7.9
莉莉玛莲 Lili Marleen,,赖纳·维尔纳·法斯宾德,,赖纳·维尔纳·法斯宾德,,吉安卡罗·吉安尼尼,,汉娜·许古拉,,梅尔·费勒,"['剧情', '爱情', '音乐', '战争']",120分钟,1981,西德, 英语 / 德语,7.9
为爱毁灭 Fanaa,,Kunal Kohli,,Kajol,,Kajol,,阿米尔·汗,,Tabu,"['剧情', '爱情', '惊悚', '歌舞']",168 分钟,2006,印度, 北印度语,7.9
热带疾病 สัตว์ประหลาด,,阿彼察邦·韦拉斯哈古,,阿彼察邦·韦拉斯哈古,,Banlop Lomnoi,,萨卡达·卡温巴迪,,Huai Dessom,"['剧情', '爱情', '同性', '奇幻']",118分钟,2004,泰国, 泰语,7.9
何必有我?,,郑则仕,,黄百鸣,,郑则仕,,郑文雅,,周润发,['剧情'],91 分钟,1985,香港, 粤语,7.9
勇气 Courageous,,Alex Kendrick,,Alex Kendrick,,Alex Kendrick,,Kevin Downes,,Ben Davies,['剧情'],130分钟,2011,美国, 英语,7.9
幸福已逝 Grace Is Gone,,James C. Strouse,,James C. Strouse,,约翰·库萨克,,Shélan O'Keefe,,Gracie Bednarczyk,"['剧情', '家庭']",85分钟,2007,美国, 英语,7.9
孟买日记 Dhobi Ghat,,基兰·饶,,基兰·饶,,阿米尔·汗,,普拉提克·巴巴尔,,莫妮卡.朵格拉,['剧情'],103分钟,2011,印度, 北印度语,7.9
灵欲春宵 Who's Afraid of Virginia Woolf?,,迈克·尼科尔斯,,恩斯特·莱赫曼,,伊丽莎白·泰勒,,理查德·伯顿,,乔治·席格,['剧情'],131 分钟,1966,美国, 英语 / 拉丁语 / 西班牙语,7.9
莫迪里阿尼 Modigliani,,米克·戴维斯,,米克·戴维斯,,安迪·加西亚,,艾尔莎·泽贝斯坦,,欧米德·吉亚李利,"['剧情', '传记']",128 分钟,2004,英国 / 德国 / 罗马尼亚 / 法国 / 意大利, 英语,7.9
薄暮之光 Laitakaupungin valot,,阿基·考里斯马基,,阿基·考里斯马基,,Janne Hyytiäinen,,Maria Heiskanen,,伊尔卡·克伊瓦拉,"['剧情', '犯罪']",78 分钟,2006,芬兰 / 法国 / 德国, 芬兰语 / 俄语,7.9
赤裸裸 Naked,,迈克·李,,迈克·李,,大卫·休里斯,,莱斯利·夏普,,凯特琳·卡特利吉,['剧情'],131 分钟,1993,英国, 英语,7.9
银色·性·男女 Short Cuts,,罗伯特·奥特曼,,罗伯特·奥特曼,,安迪·麦克道威尔,,布鲁斯·戴维森,,朱丽安·摩尔,"['剧情', '喜剧']",187 分钟,1993,美国, 英语,7.9
东尼泷谷 トニー滝谷,,市川准,,市川準,,尾形一成,,宫泽理惠,,西岛秀俊,['剧情'],76分钟,2004,日本, 日语,7.9
天若有情,,陈木胜,,阮世生,,刘德华,,吴倩莲,,吴孟达,"['剧情', '动作', '爱情']",87分钟,1990,香港, 粤语,8.1
深夜食堂2 続・深夜食堂,,松冈锭司,,真边克彦,,小林薰,,河井青叶,,佐藤浩市,['剧情'],108分钟,2016,日本, 日语,8.1
忠奸人 Donnie Brasco,,迈克·内威尔,,保罗·阿塔那斯奥,,阿尔·帕西诺,,约翰尼·德普,,迈克尔·马德森,"['剧情', '惊悚', '犯罪']",127 分钟,1997,美国, 英语,8.1
男孩别哭 Boys Don't Cry,,金伯莉·皮尔斯,,金伯莉·皮尔斯,,希拉里·斯万克,,科洛·塞维尼,,彼得·萨斯加德,"['剧情', '爱情', '同性', '犯罪']",118分钟,1999,美国, 英语,8.1
小飞侠彼得潘 Peter Pan,,P·J·霍根,,P·J·霍根,,杰瑞米·桑普特,,蕾切儿·哈伍德,,詹森·艾萨克,"['剧情', '儿童', '奇幻', '冒险']",113分钟,2003,英国 / 澳大利亚 / 美国, 英语,8.1
珍爱 Precious,,李·丹尼尔斯,,格弗瑞·弗莱彻,,加布蕾·丝迪贝,,莫妮克,,宝拉·巴顿,['剧情'],110分钟,2009,美国, 英语,8.1
追捕野蛮人 Hunt for the Wilderpeople,,塔伊加·维迪提,,塔伊加·维迪提,,朱利安·迪尼森,,山姆·尼尔,,瑞玛·特·维塔,"['剧情', '喜剧', '冒险']",101分钟,2016,新西兰, 英语,8.1
新桥恋人 Les amants du Pont-Neuf,,莱奥·卡拉克斯,,莱奥·卡拉克斯,,朱丽叶·比诺什,,德尼·拉旺,,类型:,"['剧情', '爱情']",125分钟,1991,法国, 法语,8.1
海上花,,侯孝贤,,朱天文,,梁朝伟,,羽田美智子,,刘嘉玲,['剧情'],130 分钟,1998,台湾, 上海话 / 粤语,8.1
回归 Volver,,佩德罗·阿莫多瓦,,佩德罗·阿莫多瓦,,佩内洛普·克鲁兹,,卡门·毛拉,,洛拉·杜埃尼亚斯,"['剧情', '喜剧', '悬疑', '犯罪']",121 分钟,2006,西班牙, 西班牙语,8.1
香港制造,,陈果,,陈果,,李灿森,,严栩慈,,李栋全,"['剧情', '喜剧', '爱情', '犯罪']",108 分钟,1997,香港, 粤语,8.1
光棍儿,,郝杰,,郝启田,,杨振君,,叶兰,,粱有忠,"['剧情', '喜剧', '同性']",94分钟,2010,中国大陆, 晋语,8.1
穿裘皮的维纳斯 La Vénus à la fourrure,,罗曼·波兰斯基,,罗曼·波兰斯基,,艾玛纽尔·塞尼耶,,马修·阿马立克,,类型:,['剧情'],96分钟,2013,法国 / 波兰, 法语 / 德语,8.1
离开拉斯维加斯 Leaving Las Vegas,,迈克·菲吉斯,,迈克·菲吉斯,,尼古拉斯·凯奇,,伊丽莎白·苏,,朱利安·山德斯,"['剧情', '爱情']",111 分钟,1995,美国 / 法国 / 英国, 英语 / 俄语,8.1
爱国者 The Patriot,,罗兰·艾默里奇,,罗伯特·罗达特,,梅尔·吉布森,,希斯·莱杰,,乔莉·理查德森,"['剧情', '动作', '战争']",165分钟,2000,美国 / 德国, 英语,8.1
天才一族 The Royal Tenenbaums,,韦斯·安德森,,韦斯·安德森,,吉恩·哈克曼,,安杰丽卡·休斯顿,,本·斯蒂勒,"['剧情', '喜剧', '家庭']",110 分钟,2001,美国, 英语,8.1
蝴蝶君 M. Butterfly,,大卫·柯南伯格,,黄哲伦,,杰瑞米·艾恩斯,,尊龙,,巴巴拉·苏科瓦,"['剧情', '爱情', '同性']",101 分钟,1993,美国, 英语,8.1
帝一之国 帝一の國,,永井聪,,泉吉纮,,菅田将晖,,野村周平,,竹内凉真,"['剧情', '喜剧']",118分钟,2017,日本, 日语,8.1
巴顿将军 Patton,,富兰克林·沙夫纳,,弗朗西斯·福特·科波拉,,乔治·C·斯科特,,卡尔·莫尔登,,斯蒂芬·杨,"['剧情', '传记', '战争']",172 分钟,1970,美国, 英语 / 德语 / 法语 / 俄语 / 阿拉伯语,8.1
////////////////80-60
