自由坠落 Freier Fall,,斯蒂芬·拉坎特,,斯蒂芬·拉坎特,,汉诺·科夫勒,,马克思·雷迈特,,Attila Borlan,"['剧情', '爱情', '同性']",100分钟,2013,德国, 德语 / 英语,7.7
梦女孩 Dreamgirls,,比尔·康顿,,比尔·康顿,,杰米·福克斯,,碧昂丝·诺尔斯,,艾迪·墨菲,"['剧情', '音乐', '歌舞']",130分钟,2006,美国, 英语,7.7
非常父女档 No se aceptan devoluciones,,欧赫尼奥·德尔维斯,,Guillermo Ríos,,欧赫尼奥·德尔维斯,,杰西卡·林赛,,洛蕾托·帕拉尔塔,"['剧情', '喜剧', '家庭']",122分钟,2013,墨西哥, 西班牙语 / 英语,7.7
一切尽失 All Is Lost,,J·C·尚多尔,,J·C·尚多尔,,罗伯特·雷德福,,类型:,,剧情,"['剧情', '灾难']",100分钟,2013,美国, 英语,7.7
爱情限时恋未尽 5 to 7,,维克多·列文,,维克多·列文,,安东·叶利钦,,贝纳尼丝·玛尔洛,,奥莉薇·瑟尔比,"['剧情', '喜剧', '爱情']",95分钟,2014,美国, 英语 / 法语,7.7
终极斗士3：赎罪 Undisputed III: Redemption,,Isaac Florentine,,大卫·N·怀特,,Scott Adkins,,Shaun Gerardo,,类型:,"['剧情', '动作', '犯罪']",96分钟,2010,美国, 英语 / 西班牙语 / 葡萄牙语,7.7
波特小姐 Miss Potter,,克里斯·努安,,理查德·迈特比,,蕾妮·齐薇格,,伊万·麦克格雷格,,艾米丽·沃森,"['剧情', '传记']",88分钟,2006,英国 / 美国 / 马恩岛, 英语,7.7
预言者 Un prophète,,雅克·欧迪亚,,托马斯·彼得葛恩,,塔哈·拉希姆,,尼尔斯·阿贺斯图普,,阿德尔·本谢里夫,"['剧情', '犯罪']",155 分钟,2009,法国 / 意大利, 法语 / 阿拉伯语 / 科西嘉语,7.7
利维坦 Левиафан,,安德烈·萨金塞夫,,奥莱格·涅金,,阿列克谢·谢列布里亚科夫,,叶莲娜·利亚多娃,,弗拉季米尔·弗多维琴科夫,['剧情'],140分钟,2014,俄罗斯, 俄语,7.7
贝隆夫人 Evita,,艾伦·帕克,,艾伦·帕克,,麦当娜,,安东尼奥·班德拉斯,,乔纳森·普雷斯,"['剧情', '歌舞', '传记']",135分钟,1996,美国, 英语,7.7
东京！ Tokyo!,,米歇尔·贡德里,,Gabrielle Bell,,藤谷文子,,加濑亮,,伊藤步,"['剧情', '喜剧', '奇幻']",112 分钟,2008,法国 / 日本 / 德国 / 韩国, 日语 / 法语,7.7
神圣车行 Holy Motors,,莱奥·卡拉克斯,,莱奥·卡拉克斯,,德尼·拉旺,,爱迪丝·斯考博,,凯莉·米洛,"['剧情', '奇幻']",115分钟,2012,法国 / 德国, 法语 / 英语 / 汉语普通话,7.7
电击女孩 เมย์ไหน...ไฟแรงเฟร่อ,,查亚诺普·布恩帕拉科布,,查亚诺普·布恩帕拉科布,,苏卡达·顾珑希,,提顶·玛哈由踏纳,,朋抔·里拉塔纳卡邹,"['剧情', '喜剧']",117分钟,2015,泰国, 泰语,7.7
呼啸山庄 Wuthering Heights,,科奇·吉尔佐,,汤姆·哈迪,,汤姆·哈迪,,夏洛特·莱利,,安德鲁·林肯,"['剧情', '爱情']",142分钟(电视电影),2009,英国, 英语,7.7
到阜阳六百里,,邓勇星,,杨南倩,,秦海璐,,唐群,,李彬彬,['剧情'],89分钟,2011,中国大陆 / 台湾, 汉语普通话 / 上海话,7.7
我的军中情人 יעל מבקרת בקולנוע - יוסי וג'אגר,,伊藤·福克斯,,Avner Bernheimer,,欧哈德·诺勒,,耶和达·勒维,,阿西·科恩,"['剧情', '爱情', '同性', '战争']",65 分钟,2002,以色列, 希伯来语,7.7
阿基拉和拼字大赛 Akeelah and the Bee,,Doug Atchison,,Doug Atchison,,柯柯·帕尔莫,,劳伦斯·菲什伯恩,,柯蒂斯·阿姆斯壮,['剧情'],112 分钟,2006,美国, 英语,7.7
阿育王 Asoka,,桑托什·斯万,,阿巴斯·特里瓦拉,,沙鲁克·汗,,卡琳娜·卡普尔,,丹尼·邓宗帕,"['剧情', '动作', '爱情', '历史', '战争']",169 分钟(International version),2001,印度, 印地语,7.7
监狱生活 Felon,,里克·罗曼·沃夫,,里克·罗曼·沃夫,,斯蒂芬·多尔夫,,马利索·妮可,,Vincent Miller,"['剧情', '犯罪']",104 分钟,2008,美国, 英语,7.7
兵临城下之决战要塞 Брестская Крепость,,亚历山大·科特,,Aleksey Dudarev,,安德烈·梅尔兹利金,,叶甫盖尼·齐加诺夫,,帕维尔·杰列维扬科,"['剧情', '动作', '历史', '战争']",138分钟(白俄罗斯),2010,俄罗斯 / 白俄罗斯, 俄语 / 乌克兰语 / 白俄罗斯语,7.7
真心英雄 眞心英雄,,杜琪峰,,司徒锦源,,刘青云,,黎明,,梁艺龄,"['剧情', '动作', '犯罪']",97分钟,1998,香港, 粤语,7.7
///////////////////////
自由坠落 Freier Fall,,斯蒂芬·拉坎特,,斯蒂芬·拉坎特,,汉诺·科夫勒,,马克思·雷迈特,,Attila Borlan,"['剧情', '爱情', '同性']",100分钟,2013,德国, 德语 / 英语,7.7
梦女孩 Dreamgirls,,比尔·康顿,,比尔·康顿,,杰米·福克斯,,碧昂丝·诺尔斯,,艾迪·墨菲,"['剧情', '音乐', '歌舞']",130分钟,2006,美国, 英语,7.7
非常父女档 No se aceptan devoluciones,,欧赫尼奥·德尔维斯,,Guillermo Ríos,,欧赫尼奥·德尔维斯,,杰西卡·林赛,,洛蕾托·帕拉尔塔,"['剧情', '喜剧', '家庭']",122分钟,2013,墨西哥, 西班牙语 / 英语,7.7
一切尽失 All Is Lost,,J·C·尚多尔,,J·C·尚多尔,,罗伯特·雷德福,,类型:,,剧情,"['剧情', '灾难']",100分钟,2013,美国, 英语,7.7
爱情限时恋未尽 5 to 7,,维克多·列文,,维克多·列文,,安东·叶利钦,,贝纳尼丝·玛尔洛,,奥莉薇·瑟尔比,"['剧情', '喜剧', '爱情']",95分钟,2014,美国, 英语 / 法语,7.7
终极斗士3：赎罪 Undisputed III: Redemption,,Isaac Florentine,,大卫·N·怀特,,Scott Adkins,,Shaun Gerardo,,类型:,"['剧情', '动作', '犯罪']",96分钟,2010,美国, 英语 / 西班牙语 / 葡萄牙语,7.7
波特小姐 Miss Potter,,克里斯·努安,,理查德·迈特比,,蕾妮·齐薇格,,伊万·麦克格雷格,,艾米丽·沃森,"['剧情', '传记']",88分钟,2006,英国 / 美国 / 马恩岛, 英语,7.7
预言者 Un prophète,,雅克·欧迪亚,,托马斯·彼得葛恩,,塔哈·拉希姆,,尼尔斯·阿贺斯图普,,阿德尔·本谢里夫,"['剧情', '犯罪']",155 分钟,2009,法国 / 意大利, 法语 / 阿拉伯语 / 科西嘉语,7.7
利维坦 Левиафан,,安德烈·萨金塞夫,,奥莱格·涅金,,阿列克谢·谢列布里亚科夫,,叶莲娜·利亚多娃,,弗拉季米尔·弗多维琴科夫,['剧情'],140分钟,2014,俄罗斯, 俄语,7.7
贝隆夫人 Evita,,艾伦·帕克,,艾伦·帕克,,麦当娜,,安东尼奥·班德拉斯,,乔纳森·普雷斯,"['剧情', '歌舞', '传记']",135分钟,1996,美国, 英语,7.7
东京！ Tokyo!,,米歇尔·贡德里,,Gabrielle Bell,,藤谷文子,,加濑亮,,伊藤步,"['剧情', '喜剧', '奇幻']",112 分钟,2008,法国 / 日本 / 德国 / 韩国, 日语 / 法语,7.7
神圣车行 Holy Motors,,莱奥·卡拉克斯,,莱奥·卡拉克斯,,德尼·拉旺,,爱迪丝·斯考博,,凯莉·米洛,"['剧情', '奇幻']",115分钟,2012,法国 / 德国, 法语 / 英语 / 汉语普通话,7.7
电击女孩 เมย์ไหน...ไฟแรงเฟร่อ,,查亚诺普·布恩帕拉科布,,查亚诺普·布恩帕拉科布,,苏卡达·顾珑希,,提顶·玛哈由踏纳,,朋抔·里拉塔纳卡邹,"['剧情', '喜剧']",117分钟,2015,泰国, 泰语,7.7
呼啸山庄 Wuthering Heights,,科奇·吉尔佐,,汤姆·哈迪,,汤姆·哈迪,,夏洛特·莱利,,安德鲁·林肯,"['剧情', '爱情']",142分钟(电视电影),2009,英国, 英语,7.7
到阜阳六百里,,邓勇星,,杨南倩,,秦海璐,,唐群,,李彬彬,['剧情'],89分钟,2011,中国大陆 / 台湾, 汉语普通话 / 上海话,7.7
我的军中情人 יעל מבקרת בקולנוע - יוסי וג'אגר,,伊藤·福克斯,,Avner Bernheimer,,欧哈德·诺勒,,耶和达·勒维,,阿西·科恩,"['剧情', '爱情', '同性', '战争']",65 分钟,2002,以色列, 希伯来语,7.7
阿基拉和拼字大赛 Akeelah and the Bee,,Doug Atchison,,Doug Atchison,,柯柯·帕尔莫,,劳伦斯·菲什伯恩,,柯蒂斯·阿姆斯壮,['剧情'],112 分钟,2006,美国, 英语,7.7
阿育王 Asoka,,桑托什·斯万,,阿巴斯·特里瓦拉,,沙鲁克·汗,,卡琳娜·卡普尔,,丹尼·邓宗帕,"['剧情', '动作', '爱情', '历史', '战争']",169 分钟(International version),2001,印度, 印地语,7.7
监狱生活 Felon,,里克·罗曼·沃夫,,里克·罗曼·沃夫,,斯蒂芬·多尔夫,,马利索·妮可,,Vincent Miller,"['剧情', '犯罪']",104 分钟,2008,美国, 英语,7.7
兵临城下之决战要塞 Брестская Крепость,,亚历山大·科特,,Aleksey Dudarev,,安德烈·梅尔兹利金,,叶甫盖尼·齐加诺夫,,帕维尔·杰列维扬科,"['剧情', '动作', '历史', '战争']",138分钟(白俄罗斯),2010,俄罗斯 / 白俄罗斯, 俄语 / 乌克兰语 / 白俄罗斯语,7.7
真心英雄 眞心英雄,,杜琪峰,,司徒锦源,,刘青云,,黎明,,梁艺龄,"['剧情', '动作', '犯罪']",97分钟,1998,香港, 粤语,7.7
铁面无私 The Untouchables,,布莱恩·德·帕尔玛,,大卫·马梅,,凯文·科斯特纳,,肖恩·康纳利,,罗伯特·德尼罗,"['剧情', '惊悚', '历史', '犯罪']",119 分钟,1987,美国, 英语,7.7
冲出康普顿 Straight Outta Compton,,F·加里·格雷,,乔纳森·赫尔曼,,科里·霍金斯,,杰森·米切尔,,小奥谢拉·杰克逊,"['剧情', '音乐', '传记']",147分钟,2015,美国, 英语,7.7
太阳之歌 タイヨウのうた,,小泉德宏,,坂东贤治,,吉冈唯,,塚本高史,,麻木久仁子,"['剧情', '爱情']",119 分钟,2006,日本, 日语,7.7
塔洛,,万玛才旦,,万玛才旦,,西德尼玛,,杨秀措,,类型:,['剧情'],123分钟(公映版),2015,中国大陆, 藏语,7.7
席德与南茜 Sid and Nancy,,亚力克斯·考克斯,,亚力克斯·考克斯,,加里·奥德曼,,科洛·韦伯,,David Hayman,"['剧情', '音乐', '传记']",112 分钟,1986,英国, 英语,7.7
与外婆同行 Grandma,,保罗·韦兹,,保罗·韦兹,,莉莉·汤姆林,,朱莉娅·加纳,,马西娅·盖伊·哈登,"['剧情', '喜剧', '同性', '家庭']",79分钟,2015,美国, 英语,7.7
告密者 The Whistleblower,,拉尔沙·康达基,,艾利克斯·基尔万,,蕾切尔·薇兹,,莫妮卡·贝鲁奇,,本尼迪克特·康伯巴奇,"['剧情', '传记', '犯罪']",112分钟,2010,德国 / 加拿大 / 美国, 英语 / 罗马尼亚语 / 俄语 / 塞尔维亚语,7.7
一九八四 Nineteen Eighty-Four,,迈克尔·莱德福,,迈克尔·莱德福,,约翰·赫特,,理查德·伯顿,,苏珊娜·汉密尔顿,"['剧情', '爱情', '科幻', '惊悚']",113分钟,1984,英国, 英语,7.7
劝导 Persuasion,,亚德里安·谢尔高德,,西蒙·伯克,,莎莉·霍金斯,,艾丽丝·克里奇,,鲁伯特·彭利-琼斯,"['剧情', '爱情']",92分钟,2007,英国 / 美国, 英语,7.7
生于七月四日 Born on the Fourth of July,,奥利佛·斯通,,奥利佛·斯通,,汤姆·克鲁斯,,雷蒙德·J·巴里,,卡罗琳·卡瓦,"['剧情', '传记', '战争']",145 分钟,1989,美国, 英语,7.7
三分之一 サンブンノイチ,,品川祐,,品川祐,,藤原龙也,,中岛美嘉,,田中圣,"['剧情', '喜剧']",119分钟,2014,日本, 日语,7.7
四头狮子 Four Lions,,克里斯多夫·莫利斯,,克里斯多夫·莫利斯,,Preeya Kalidas,,凯万·诺瓦克,,里兹·阿迈德 Riz Ahmed,"['剧情', '喜剧']",97 分钟,2010,英国, 英语,7.7
死亡游戏 Game of Death,,罗伯特·高洛斯,,罗伯特·高洛斯,,李小龙,,考林·加普,,洪金宝,"['剧情', '动作', '惊悚', '犯罪']",85分钟,1978,香港 / 美国, 英语 / 汉语普通话 / 粤语,7.7
我的国王 Mon roi,,麦温,,艾蒂安·科马尔,,文森特·卡索,,艾玛纽尔·贝克特,,路易·加瑞尔,"['剧情', '爱情']",124分钟,2015,法国, 法语,7.7
K-19：寡妇制造者 K-19: The Widowmaker,,凯瑟琳·毕格罗,,Christopher Kyle,,哈里森·福特,,连姆·尼森,,Sam Spruell,"['剧情', '惊悚', '历史']",138 分钟,2002,英国 / 德国 / 美国 / 加拿大, 英语 / 俄语,7.7
鱿鱼和鲸 The Squid and the Whale,,诺亚·鲍姆巴赫,,诺亚·鲍姆巴赫,,欧文·克莱恩,,杰夫·丹尼尔斯,,劳拉·琳妮,"['剧情', '喜剧', '家庭']",81分钟,2005,美国, 英语,7.7
我被爸爸绑架了 キッドナップ・ツアー,,岸善幸,,岸善幸,,妻夫木聪,,丰岛花,,木南晴夏,"['剧情', '家庭']",72分钟,2016,日本, 日语,7.7
你好布拉德 Brad's Status,,麦克·怀特,,麦克·怀特,,本·斯蒂勒,,奥斯汀·艾布拉姆斯,,珍娜·费舍,"['剧情', '喜剧', '音乐']",102分钟,2017,美国, 英语,7.7
乌鸦的拇指 カラスの親指,,伊藤匡史,,伊藤匡史,,阿部宽,,石原里美,,村上昭二,"['剧情', '悬疑']",160分钟,2012,日本, 日语,7.7
当男人爱上女人 When a Man Loves a Woman,,路易斯·曼多基,,艾尔·弗兰肯,,安迪·加西亚,,梅格·瑞恩,,艾伦·伯斯汀,"['剧情', '爱情']",126分钟,1994,美国, 英语 / 泰语,7.7
英雄儿女,,武兆堤,,毛烽,,田方,,周文彬,,刘尚娴,"['剧情', '战争']",110分钟,1964,中国大陆, 汉语普通话,7.7
///////////////////////////////////////////////////////////////////////////////
自由坠落 Freier Fall,,斯蒂芬·拉坎特,,斯蒂芬·拉坎特,,汉诺·科夫勒,,马克思·雷迈特,,Attila Borlan,"['剧情', '爱情', '同性']",100分钟,2013,德国, 德语 / 英语,7.7
梦女孩 Dreamgirls,,比尔·康顿,,比尔·康顿,,杰米·福克斯,,碧昂丝·诺尔斯,,艾迪·墨菲,"['剧情', '音乐', '歌舞']",130分钟,2006,美国, 英语,7.7
非常父女档 No se aceptan devoluciones,,欧赫尼奥·德尔维斯,,Guillermo Ríos,,欧赫尼奥·德尔维斯,,杰西卡·林赛,,洛蕾托·帕拉尔塔,"['剧情', '喜剧', '家庭']",122分钟,2013,墨西哥, 西班牙语 / 英语,7.7
一切尽失 All Is Lost,,J·C·尚多尔,,J·C·尚多尔,,罗伯特·雷德福,,类型:,,剧情,"['剧情', '灾难']",100分钟,2013,美国, 英语,7.7
爱情限时恋未尽 5 to 7,,维克多·列文,,维克多·列文,,安东·叶利钦,,贝纳尼丝·玛尔洛,,奥莉薇·瑟尔比,"['剧情', '喜剧', '爱情']",95分钟,2014,美国, 英语 / 法语,7.7
终极斗士3：赎罪 Undisputed III: Redemption,,Isaac Florentine,,大卫·N·怀特,,Scott Adkins,,Shaun Gerardo,,类型:,"['剧情', '动作', '犯罪']",96分钟,2010,美国, 英语 / 西班牙语 / 葡萄牙语,7.7
波特小姐 Miss Potter,,克里斯·努安,,理查德·迈特比,,蕾妮·齐薇格,,伊万·麦克格雷格,,艾米丽·沃森,"['剧情', '传记']",88分钟,2006,英国 / 美国 / 马恩岛, 英语,7.7
预言者 Un prophète,,雅克·欧迪亚,,托马斯·彼得葛恩,,塔哈·拉希姆,,尼尔斯·阿贺斯图普,,阿德尔·本谢里夫,"['剧情', '犯罪']",155 分钟,2009,法国 / 意大利, 法语 / 阿拉伯语 / 科西嘉语,7.7
利维坦 Левиафан,,安德烈·萨金塞夫,,奥莱格·涅金,,阿列克谢·谢列布里亚科夫,,叶莲娜·利亚多娃,,弗拉季米尔·弗多维琴科夫,['剧情'],140分钟,2014,俄罗斯, 俄语,7.7
贝隆夫人 Evita,,艾伦·帕克,,艾伦·帕克,,麦当娜,,安东尼奥·班德拉斯,,乔纳森·普雷斯,"['剧情', '歌舞', '传记']",135分钟,1996,美国, 英语,7.7
东京！ Tokyo!,,米歇尔·贡德里,,Gabrielle Bell,,藤谷文子,,加濑亮,,伊藤步,"['剧情', '喜剧', '奇幻']",112 分钟,2008,法国 / 日本 / 德国 / 韩国, 日语 / 法语,7.7
神圣车行 Holy Motors,,莱奥·卡拉克斯,,莱奥·卡拉克斯,,德尼·拉旺,,爱迪丝·斯考博,,凯莉·米洛,"['剧情', '奇幻']",115分钟,2012,法国 / 德国, 法语 / 英语 / 汉语普通话,7.7
电击女孩 เมย์ไหน...ไฟแรงเฟร่อ,,查亚诺普·布恩帕拉科布,,查亚诺普·布恩帕拉科布,,苏卡达·顾珑希,,提顶·玛哈由踏纳,,朋抔·里拉塔纳卡邹,"['剧情', '喜剧']",117分钟,2015,泰国, 泰语,7.7
呼啸山庄 Wuthering Heights,,科奇·吉尔佐,,汤姆·哈迪,,汤姆·哈迪,,夏洛特·莱利,,安德鲁·林肯,"['剧情', '爱情']",142分钟(电视电影),2009,英国, 英语,7.7
我的军中情人 יעל מבקרת בקולנוע - יוסי וג'אגר,,伊藤·福克斯,,Avner Bernheimer,,欧哈德·诺勒,,耶和达·勒维,,阿西·科恩,"['剧情', '爱情', '同性', '战争']",65 分钟,2002,以色列, 希伯来语,7.7
阿基拉和拼字大赛 Akeelah and the Bee,,Doug Atchison,,Doug Atchison,,柯柯·帕尔莫,,劳伦斯·菲什伯恩,,柯蒂斯·阿姆斯壮,['剧情'],112 分钟,2006,美国, 英语,7.7
阿育王 Asoka,,桑托什·斯万,,阿巴斯·特里瓦拉,,沙鲁克·汗,,卡琳娜·卡普尔,,丹尼·邓宗帕,"['剧情', '动作', '爱情', '历史', '战争']",169 分钟(International version),2001,印度, 印地语,7.7
监狱生活 Felon,,里克·罗曼·沃夫,,里克·罗曼·沃夫,,斯蒂芬·多尔夫,,马利索·妮可,,Vincent Miller,"['剧情', '犯罪']",104 分钟,2008,美国, 英语,7.7
兵临城下之决战要塞 Брестская Крепость,,亚历山大·科特,,Aleksey Dudarev,,安德烈·梅尔兹利金,,叶甫盖尼·齐加诺夫,,帕维尔·杰列维扬科,"['剧情', '动作', '历史', '战争']",138分钟(白俄罗斯),2010,俄罗斯 / 白俄罗斯, 俄语 / 乌克兰语 / 白俄罗斯语,7.7
真心英雄 眞心英雄,,杜琪峰,,司徒锦源,,刘青云,,黎明,,梁艺龄,"['剧情', '动作', '犯罪']",97分钟,1998,香港, 粤语,7.7
铁面无私 The Untouchables,,布莱恩·德·帕尔玛,,大卫·马梅,,凯文·科斯特纳,,肖恩·康纳利,,罗伯特·德尼罗,"['剧情', '惊悚', '历史', '犯罪']",119 分钟,1987,美国, 英语,7.7
冲出康普顿 Straight Outta Compton,,F·加里·格雷,,乔纳森·赫尔曼,,科里·霍金斯,,杰森·米切尔,,小奥谢拉·杰克逊,"['剧情', '音乐', '传记']",147分钟,2015,美国, 英语,7.7
太阳之歌 タイヨウのうた,,小泉德宏,,坂东贤治,,吉冈唯,,塚本高史,,麻木久仁子,"['剧情', '爱情']",119 分钟,2006,日本, 日语,7.7
塔洛,,万玛才旦,,万玛才旦,,西德尼玛,,杨秀措,,类型:,['剧情'],123分钟(公映版),2015,中国大陆, 藏语,7.7
席德与南茜 Sid and Nancy,,亚力克斯·考克斯,,亚力克斯·考克斯,,加里·奥德曼,,科洛·韦伯,,David Hayman,"['剧情', '音乐', '传记']",112 分钟,1986,英国, 英语,7.7
与外婆同行 Grandma,,保罗·韦兹,,保罗·韦兹,,莉莉·汤姆林,,朱莉娅·加纳,,马西娅·盖伊·哈登,"['剧情', '喜剧', '同性', '家庭']",79分钟,2015,美国, 英语,7.7
告密者 The Whistleblower,,拉尔沙·康达基,,艾利克斯·基尔万,,蕾切尔·薇兹,,莫妮卡·贝鲁奇,,本尼迪克特·康伯巴奇,"['剧情', '传记', '犯罪']",112分钟,2010,德国 / 加拿大 / 美国, 英语 / 罗马尼亚语 / 俄语 / 塞尔维亚语,7.7
一九八四 Nineteen Eighty-Four,,迈克尔·莱德福,,迈克尔·莱德福,,约翰·赫特,,理查德·伯顿,,苏珊娜·汉密尔顿,"['剧情', '爱情', '科幻', '惊悚']",113分钟,1984,英国, 英语,7.7
劝导 Persuasion,,亚德里安·谢尔高德,,西蒙·伯克,,莎莉·霍金斯,,艾丽丝·克里奇,,鲁伯特·彭利-琼斯,"['剧情', '爱情']",92分钟,2007,英国 / 美国, 英语,7.7
生于七月四日 Born on the Fourth of July,,奥利佛·斯通,,奥利佛·斯通,,汤姆·克鲁斯,,雷蒙德·J·巴里,,卡罗琳·卡瓦,"['剧情', '传记', '战争']",145 分钟,1989,美国, 英语,7.7
三分之一 サンブンノイチ,,品川祐,,品川祐,,藤原龙也,,中岛美嘉,,田中圣,"['剧情', '喜剧']",119分钟,2014,日本, 日语,7.7
四头狮子 Four Lions,,克里斯多夫·莫利斯,,克里斯多夫·莫利斯,,Preeya Kalidas,,凯万·诺瓦克,,里兹·阿迈德 Riz Ahmed,"['剧情', '喜剧']",97 分钟,2010,英国, 英语,7.7
死亡游戏 Game of Death,,罗伯特·高洛斯,,罗伯特·高洛斯,,李小龙,,考林·加普,,洪金宝,"['剧情', '动作', '惊悚', '犯罪']",85分钟,1978,香港 / 美国, 英语 / 汉语普通话 / 粤语,7.7
我的国王 Mon roi,,麦温,,艾蒂安·科马尔,,文森特·卡索,,艾玛纽尔·贝克特,,路易·加瑞尔,"['剧情', '爱情']",124分钟,2015,法国, 法语,7.7
K-19：寡妇制造者 K-19: The Widowmaker,,凯瑟琳·毕格罗,,Christopher Kyle,,哈里森·福特,,连姆·尼森,,Sam Spruell,"['剧情', '惊悚', '历史']",138 分钟,2002,英国 / 德国 / 美国 / 加拿大, 英语 / 俄语,7.7
鱿鱼和鲸 The Squid and the Whale,,诺亚·鲍姆巴赫,,诺亚·鲍姆巴赫,,欧文·克莱恩,,杰夫·丹尼尔斯,,劳拉·琳妮,"['剧情', '喜剧', '家庭']",81分钟,2005,美国, 英语,7.7
我被爸爸绑架了 キッドナップ・ツアー,,岸善幸,,岸善幸,,妻夫木聪,,丰岛花,,木南晴夏,"['剧情', '家庭']",72分钟,2016,日本, 日语,7.7
你好布拉德 Brad's Status,,麦克·怀特,,麦克·怀特,,本·斯蒂勒,,奥斯汀·艾布拉姆斯,,珍娜·费舍,"['剧情', '喜剧', '音乐']",102分钟,2017,美国, 英语,7.7
乌鸦的拇指 カラスの親指,,伊藤匡史,,伊藤匡史,,阿部宽,,石原里美,,村上昭二,"['剧情', '悬疑']",160分钟,2012,日本, 日语,7.7
当男人爱上女人 When a Man Loves a Woman,,路易斯·曼多基,,艾尔·弗兰肯,,安迪·加西亚,,梅格·瑞恩,,艾伦·伯斯汀,"['剧情', '爱情']",126分钟,1994,美国, 英语 / 泰语,7.7
英雄儿女,,武兆堤,,毛烽,,田方,,周文彬,,刘尚娴,"['剧情', '战争']",110分钟,1964,中国大陆, 汉语普通话,7.7
脱欧：无理之战 Brexit: The Uncivil War,,托比·海恩斯,,詹姆斯·格拉厄姆,,本尼迪克特·康伯巴奇,,李·博德曼,,奥利弗·莫尔特曼,['剧情'],92分钟,2019,英国 / 美国, 英语,7.7
父亲与伊藤先生 お父さんと伊藤さん,,棚田由纪,,黑泽久子,,上野树里,,中川雅也,,藤龙也,"['剧情', '喜剧', '家庭']",119分钟,2016,日本, 日语,7.7
光阴的故事 光陰的故事,,杨德昌,,杨德昌,,张艾嘉,,石安妮,,李立群,['剧情'],106分钟(台湾),1982,台湾, 汉语普通话,7.7
特朗勃 Trumbo,,杰伊·罗奇,,约翰·麦克纳马拉,,布莱恩·科兰斯顿,,戴安·琳恩,,海伦·米伦,"['剧情', '传记']",124分钟,2015,美国, 英语,7.7
决战以拉谷 In The Valley of Elah,,保罗·哈吉斯,,保罗·哈吉斯,,汤米·李·琼斯,,查理兹·塞隆,,杰森·帕特里克,"['剧情', '悬疑', '犯罪']",121 分钟,2007,美国, 英语,7.7
雷雨,,孙道临,,孙道临,,孙道临,,顾永菲,,马晓伟,"['剧情', '家庭']",113分钟,1984,中国大陆, 汉语普通话,7.7
马文的房间 Marvin's Room,,杰瑞·扎克斯,,斯科特·麦克弗森,,梅丽尔·斯特里普,,莱昂纳多·迪卡普里奥,,黛安·基顿,"['剧情', '家庭']",98分钟,1996,美国, 英语,7.7
书店 The Bookshop,,伊莎贝尔·科赛特,,伊莎贝尔·科赛特,,艾米莉·莫迪默,,比尔·奈伊,,派翠西娅·克拉克森,['剧情'],113分钟,2017,英国 / 西班牙 / 德国, 英语,7.7
上甘岭 上甘嶺,,沙蒙,,林杉,,高保成,,徐林格,,张亮,"['剧情', '战争']",124分钟,1956,中国大陆, 汉语普通话,7.7
最后一班地铁 Le dernier métro,,弗朗索瓦·特吕弗,,弗朗索瓦·特吕弗,,凯瑟琳·德纳芙,,热拉尔·德帕迪约,,让·普瓦雷,"['剧情', '爱情']",131分钟,1980,法国, 法语 / 德语,7.7
我是爱 Io sono l'amore,,卢卡·瓜达尼诺,,Barbara Alberti,,蒂尔达·斯文顿,,马里莎·贝伦森,,阿尔巴·罗尔瓦赫尔,['剧情'],120分钟,2009,意大利, 意大利语 / 俄语 / 英语,7.7
同窗的爱 Fucking Åmål,,鲁卡斯·穆迪森,,鲁卡斯·穆迪森,,亚历桑德拉·达尔斯托姆,,瑞贝卡·里尔杰伯格,,艾丽卡·卡尔松 Erica Carlson,"['剧情', '喜剧', '爱情', '同性']",89 分钟,1998,瑞典 / 丹麦, 瑞典语,7.7
赵先生,,吕乐,,述平,,施京明,,张芝华,,蒋雯丽,['剧情'],89 分钟,1998,香港 / 中国大陆, 汉语普通话 / 上海话,7.7
在人海中遇见你 Medianeras,,加斯塔夫·塔雷托,,加斯塔夫·塔雷托,,哈维尔·多罗拉斯,,皮拉尔·洛佩斯·德·阿亚拉,,Miguel Dedovich,"['剧情', '喜剧']",94分钟,2011,阿根廷 / 西班牙 / 德国, 西班牙语 / 法语 / 英语 / 意大利语 / 德语,7.7
初缠恋后的2人世界,,葛民辉,,叶念琛,,葛民辉,,金城武,,莫文蔚,['剧情'],96分钟,1997,香港, 粤语 / 汉语普通话,7.7
凶暴的男人 その男、凶暴につき,,北野武,,北野武,,北野武,,川上麻衣子,,平泉成,"['剧情', '动作', '惊悚', '犯罪']",103 分钟,1989,日本, 日语,7.7
美好的一天 Un día perfecto,,费尔南多·莱昂·德·阿拉诺亚,,费尔南多·莱昂·德·阿拉诺亚,,本尼西奥·德尔·托罗,,欧嘉·柯瑞兰寇,,蒂姆·罗宾斯,"['剧情', '喜剧', '战争']",106分钟,2015,西班牙, 英语 / 塞尔维亚语 / 西班牙语 / 法语,7.7
圣诞传说 Joulutarina,,卓哈·沃里诸基,,马尔科·雷诺,,汉努-佩卡·约克曼,,奥托·古斯塔夫松,,乔纳斯·里尼,"['剧情', '家庭', '奇幻']",83分钟,2007,芬兰, 芬兰语,7.7
同栖生活 パレード,,行定勋,,行定勋,,藤原龙也,,香里奈,,贯地谷栞,['剧情'],118分钟,2009,日本, 日语,7.7
洛奇5 Rocky V,,约翰·G·艾维尔森,,西尔维斯特·史泰龙,,西尔维斯特·史泰龙,,塔莉娅·夏尔,,波特·杨,"['剧情', '运动']",104分钟,1990,美国, 英语,7.7
表姐，你好嘢！ 表姐，妳好嘢！,,张坚庭,,张坚庭,,郑裕玲,,梁家辉,,张坚庭,"['剧情', '喜剧', '动作']",96分钟,1990,香港, 粤语 / 汉语普通话 / 四川话,7.7
课室风云 Entre les murs,,劳伦·冈泰,,弗朗索瓦·贝高多,,François Bégaudeau,,Agame Malembo-Emene,,Angélica Sancio,['剧情'],128分钟,2008,法国, 法语,7.7
双峰：与火同行 Twin Peaks: Fire Walk with Me,,大卫·林奇,,大卫·林奇,,雪莉·李,,雷·怀斯,,梅晨·阿米克,"['剧情', '悬疑', '惊悚', '恐怖']",135 分钟,1992,法国 / 美国, 英语,7.7
城市岛屿 City Island,,雷蒙德·德·费里塔,,雷蒙德·德·费里塔,,安迪·加西亚,,朱丽安娜· 玛格丽丝,,史蒂文·斯崔特,"['剧情', '喜剧', '家庭']",104 分钟,2009,美国, 英语,7.7
舞动天地 Take the Lead,,里兹·弗德兰德,,戴安妮·休斯顿,,安东尼奥·班德拉斯,,罗伯·布朗,,阿尔法·伍达德,"['剧情', '音乐']",118 分钟,2006,美国, 英语,7.7
生死劫,,李少红,,廖一梅,,吴军忱,,周迅,,蔡明,['剧情'],90 分钟,2005,中国, 汉语普通话,7.7
埋伏,,黄建新,,孙毅安,,冯巩,,江珊,,滕汝骏,"['剧情', '喜剧']",100分钟,1997,中国大陆, 汉语普通话,7.7
神的病历簿 神様のカルテ,,深川荣洋,,后藤法子,,樱井翔,,宫崎葵,,要润,['剧情'],128分钟,2011,日本, 日语,7.7
有人赞美聪慧，有人则不,,杨瑾,,杨瑾,,李书晨,,王琛,,卫永邵,"['剧情', '家庭', '儿童']",108分钟,2012,中国大陆 / 韩国, 汉语普通话 / 汉语方言,7.7
胜利大逃亡 Victory,,约翰·休斯顿,,雅铂·布隆斯基 ,,西尔维斯特·史泰龙,,迈克尔·凯恩,,贝利,"['剧情', '运动']",116分钟,1981,英国 / 美国 / 意大利, 英语,7.7
美国情事 An American Affair,,威廉·奥尔森,,Alex Metcalf,,Jimmy Bellinger,,卡梅隆·布莱特,,杰梅因·克劳福德,['剧情'],Germany: 96 分钟(European Film Market),2009,美国, 英语,7.7
权力的游戏：征服与反抗 Game of Thrones: Conquest and Rebellion,,乔治·马丁,,尼古拉·科斯特-瓦尔道,,尼古拉·科斯特-瓦尔道,,皮鲁·埃斯贝克,,苏菲·特纳,"['剧情', '动画']",45分钟,2017,美国, 英语,7.7
光荣岁月 Indigènes,,拉契得·波查拉,,拉契得·波查拉,,贾梅尔·杜布兹,,萨米·纳塞利,,罗什迪·泽姆,"['剧情', '战争']",128分钟,2006,阿尔及利亚 / 法国 / 摩洛哥 / 比利时, 法语 / 阿拉伯语,7.7
恋爱诊疗中 ฟรีแลนซ์..ห้ามป่วย ห้ามพัก ห้ามรักหมอ,,纳瓦彭·坦荣瓜塔纳利,,纳瓦彭·坦荣瓜塔纳利,,桑尼·苏瓦美塔农,,黛薇卡·霍内,,班庄·比辛达拿刚,"['剧情', '喜剧', '爱情']",130分钟,2015,泰国, 泰语,7.7
火线追凶之血色刀锋,,邓衍成,,吴峥,,钟汉良,,释小龙,,齐芳,"['剧情', '动作']",93分钟,2009,中国, 汉语普通话,7.7
夏日时光 L'heure d'été,,奥利维耶·阿萨亚斯,,奥利维耶·阿萨亚斯,,朱丽叶·比诺什,,夏尔·贝尔林,,杰瑞米·雷乃,"['剧情', '家庭']",103分钟,2008,法国, 法语 / 英语,7.7
火星的孩子 Martian Child,,Menno Meyjes,,Seth Bass,,约翰·库萨克,,鲍比·科尔曼,,阿曼达·皮特,"['剧情', '家庭']",106 分钟,2007,美国, 英语,7.7
24小时：救赎 24: Redemption,,强·卡萨,,霍华德·戈登,,基弗·萨瑟兰,,切莉·琼斯,,鲍勃·冈顿,"['剧情', '动作', '惊悚', '战争']",102分钟,2008,美国, 英语,7.7
冷血惊魂 Repulsion,,罗曼·波兰斯基,,罗曼·波兰斯基,,凯瑟琳·德纳芙,,伊恩·亨德里,,约翰·弗拉瑟,"['剧情', '惊悚']",105 分钟,1965,英国, 英语,7.7
天方异谈,,周浩晖,,周浩晖,,葛布,,刘浩,,王初伊,"['剧情', '悬疑', '奇幻']",94分钟,2018,中国大陆, 汉语普通话,7.7
黑暗中的孩子们 闇の子供たち,,阪本顺治,,阪本顺治,,江口洋介,,丰原功补,,宫崎葵,"['剧情', '惊悚', '犯罪']",138分钟,2008,日本, 日语 / 泰语 / 英语,7.7
超越边界 Beyond Borders,,马丁·坎贝尔,,Caspian Tredwell-Owen,,安吉丽娜·朱莉,,克里夫·欧文,,特莉·保罗,"['剧情', '爱情', '战争', '冒险']",127 分钟,2003,美国 / 德国, 英语 / 阿姆哈拉语 / 高棉语 / 德语 / 车臣语,7.7
红男爵 Der Rote Baron,,Nikolai Müllerschön,,Nikolai Müllerschön,,马提亚斯·施维赫夫,,马克西姆·梅米特,,汉诺·科夫勒,"['剧情', '传记', '战争']",106 分钟,2008,德国 / 英国, 德语 / 英语 / 法语,7.7
赛马皮特 Lean on Pete,,安德鲁·海格,,安德鲁·海格,,崔维斯·费米尔,,史蒂夫·茨恩,,查理·普拉默,"['剧情', '冒险']",121分钟,2017,英国, 英语,7.7
火线追凶之绝命狙击,,胡明凯,,吴峥,,钟汉良,,释小龙,,齐芳,"['剧情', '动作']",92分钟,2009,中国, 汉语普通话,7.7
"阿尔法城 Alphaville, une étrange aventure de Lemmy Caution",,让-吕克·戈达尔,,让-吕克·戈达尔,,埃迪·康斯坦丁,,安娜·卡里娜,,阿基姆·坦米罗夫,"['剧情', '科幻', '悬疑']",99 分钟,1965,法国 / 意大利, 法语,7.7
儿童法案 The Children Act,,理查德·艾尔,,伊恩·麦克尤恩,,菲恩·怀特海德,,艾玛·汤普森,,斯坦利·图齐,['剧情'],105分钟,2017,英国 / 美国, 英语,7.7
睡沙发的人,,龙飞,,黄佳,,刘霖,,邱玲,,袁忠远,"['剧情', '喜剧', '家庭']",80分钟,2017,中国大陆, 汉语普通话,7.7
偷窥狂 Peeping Tom,,迈克尔·鲍威尔,,里奥·马克思,,卡尔海因茨·伯姆,,莫伊拉·希勒,,安娜·玛西,"['剧情', '惊悚', '犯罪']",101 分钟,1960,英国, 英语,7.7
证人 증인,,李翰,,文智媛,,郑雨盛,,金香起,,李圭亨,"['剧情', '惊悚']",129分钟,2019,韩国, 韩语,7.7
女神们 Divines,,侯达·本亚闵纳,,亚辛·侯伊卡,,欧莱雅·阿玛拉,,黛博拉·卢库穆娜,,凯文·米契尔,"['剧情', '犯罪']",105分钟,2016,法国 / 卡塔尔, 法语,7.7
苏菲的世界 Sofies verden,,埃里克·古斯达夫逊,,乔斯坦·贾德,,西莉亚·史都斯坦,,托马斯·冯·布罗姆森,,Andrine Sæther,"['剧情', '历史', '奇幻']",113分钟,1999,挪威 / 瑞典, 挪威语 / 德语 / 英语 / 意大利语 / 瑞典语,7.7
夏天的滋味 Mùa hè chiều thẳng đứng,,陈英雄,,陈英雄,,陈女燕溪,,黎卿,,吴光海,['剧情'],112分钟,2000,越南 / 法国 / 德国, 越南语,7.7
火线追凶之狂魔再现,,胡明凯,,吴峥,,钟汉良,,释小龙,,齐芳,"['剧情', '动作']",95分钟,2009,中国大陆, 普通话/国语,7.7
天堂此时 Paradise Now,,汉尼·阿布-阿萨德,,汉尼·阿布-阿萨德,,Kais Nashef,,Ali Suliman,,Lubna Azabal,"['剧情', '犯罪']",90 分钟,2005,巴勒斯坦被占领区 / 法国 / 德国 / 荷兰 / 以色列, 阿拉伯语 / 英语,7.7
万夫莫敌 Invincible,,Ericson Core,,Brad Gann,,马克·沃尔伯格,,格雷戈·金尼尔,,伊丽莎白·班克斯,"['剧情', '传记', '运动']",105 分钟,2006,美国, 英语,7.7
那就是我的世界 그것만이 내 세상,,崔成贤,,崔成贤,,李秉宪,,朴正民,,尹汝贞,['剧情'],120分钟,2018,韩国, 韩语,7.7
凶线 Blow Out,,布莱恩·德·帕尔玛,,布莱恩·德·帕尔玛,,约翰·特拉沃尔塔,,南茜·艾伦,,约翰·利思戈,"['剧情', '悬疑', '惊悚', '犯罪']",107分钟,1981,美国, 英语,7.7
香草 허브,,许仁茂,,许仁茂,,姜惠贞,,裴宗玉,,郑京浩,['剧情'],South Korea: 113 分钟,2007,韩国, 韩语,7.7
萨维奇一家 The Savages,,塔玛拉·詹金斯,,塔玛拉·詹金斯,,劳拉·琳妮,,菲利普·塞默·霍夫曼,,菲利普·博斯科,"['剧情', '喜剧']",114 分钟,2007,美国, 英语 / 德语 / 粤语,7.7
火线追凶之冲破黑幕,,胡明凯,,吴峥,,钟汉良,,释小龙,,齐芳,"['剧情', '动作']",94分钟,2009,中国, 汉语普通话,7.7
缄默的迷宫 Im Labyrinth des Schweigens,,朱利奥·里奇尔利,,伊丽莎白·巴特尔,,亚历山大·费林,,安德烈·谢曼斯基,,弗里德里克·贝得勒支,"['剧情', '历史']",124分钟,2014,德国, 德语,7.7
伦敦上空的鹰 La battaglia d'Inghilterra,,恩佐·卡斯特拉里,,蒂托·卡尔皮,,弗雷德里克·斯坦福德,,范·强生,,弗朗西斯科·拉瓦尔,"['剧情', '战争']",110分钟(意大利),1969,意大利 / 法国 / 西班牙, 英语 / 意大利语,7.7
你是我的命运 너는 내 운명,,朴珍杓,,朴珍杓,,全度妍,,黄政民,,金尚河,"['剧情', '爱情']",121分钟,2005,韩国, 韩语,7.7
修罗雪姬 修羅雪姫,,藤田敏八,,小池一雄,,梶芽衣子,,黑泽年男,,大门正明,"['剧情', '动作', '惊悚']",97 分钟,1973,日本, 日语,7.7
围捕 La rafle,,罗丝·博斯,,罗丝·博斯,,梅拉尼·罗兰,,让·雷诺,,塞缪尔·勒·比汉,"['剧情', '历史', '战争']",125分钟,2010,法国 / 德国 / 匈牙利, 法语 / 德语 / 意第绪语,7.7
心之石 Hjartasteinn,,古德蒙达尔·阿诺尔·古德蒙松,,古德蒙达尔·阿诺尔·古德蒙松,,巴尔德尔·埃纳尔松,,布勒·辛瑞克松,,迪尔娅·瓦尔斯多提,"['剧情', '同性']",129分钟,2016,冰岛 / 丹麦, 冰岛语,7.7
生活的发现 생활의 발견,,洪尚秀,,洪尚秀,,金相庆,,秋相美,,艺智苑,"['剧情', '爱情']",115分钟,2002,韩国, 韩语,7.7
红松鼠杀人事件 La ardilla roja,,胡里奥·密谭,,胡里奥·密谭,,埃玛·苏亚雷斯,,南乔·诺沃,,玛丽亚·巴兰科,"['剧情', '喜剧', '爱情', '悬疑', '音乐']",114 分钟,1993,西班牙, 西班牙语 / 德语,7.7
黄克功案件,,王放放,,王兴东,,成泰燊,,王凯,,毛孩,"['剧情', '悬疑', '历史']",92分钟,2014,中国大陆, 汉语普通话,7.7
家有杰克 Jack,,弗朗西斯·福特·科波拉,,James DeMonaco,,罗宾·威廉姆斯,,戴安·琳恩,,布莱恩·科尔文,"['剧情', '喜剧', '奇幻']",113 分钟,1996,美国, 英语 / 西班牙语,7.7
最后的城堡 The Last Castle,,罗德·拉里,,大卫·斯卡尔帕,,罗伯特·雷德福,,詹姆斯·甘多菲尼,,马克·鲁弗洛,"['剧情', '动作']",131分钟,2001,美国, 英语,7.7
爱因斯坦与爱丁顿 Einstein and Eddington,,Philip Martin,,Peter Moffat,,大卫·田纳特,,安迪·瑟金斯,,丽贝卡·豪尔,"['剧情', '传记', '历史']",94分钟,2008,英国 / 美国, 英语,7.7
无手的少女 La jeune fille sans mains,,塞巴斯蒂安·劳德巴克,,塞巴斯蒂安·劳德巴克,,阿娜伊斯·德穆斯蒂埃,,杰瑞米·埃尔卡伊姆,,菲利普·劳登巴赫,"['剧情', '动画']",76分钟,2016,法国, 法语,7.7
"对不起，谢谢你 미안해, 고마워",,林顺礼,,朴兴植,,金智昊,,文正熙,,徐泰和,['剧情'],114分钟,2011,韩国, 韩语,7.7
恶童日记 A nagy füzet,,杨诺·萨斯,,雅歌塔·克里斯多夫Agota Kristof (novel),,皮洛斯卡·莫尔纳,,László Gyémánt,,András Gyémánt,['剧情'],100分钟,2013,德国 / 法国 / 匈牙利 / 奥地利, 匈牙利语,7.7
永远的北极熊 Infinitely Polar Bear,,玛雅·福布斯,,玛雅·福布斯,,佐伊·索尔达娜,,马克·鲁弗洛,,凯尔·杜拉,"['剧情', '喜剧']",90分钟,2014,美国, 英语,7.7
年年有今日,,高志森,,司徒伟健,,梁家辉,,袁咏仪,,吴君如,"['剧情', '喜剧']",100 分钟,1994,香港, 粤语,7.7
大玩家 The Player,,罗伯特·奥特曼,,迈克尔·托尔金,,蒂姆·罗宾斯,,格列塔·斯卡奇,,弗莱德·沃德,"['剧情', '喜剧', '犯罪']",124 分钟,1992,美国, 英语,7.7
马背上的法庭,,刘杰,,杨亚宁,,李保田,,吕聿来,,杨亚宁,['剧情'],101分钟,2006,中国大陆, 汉语普通话,7.7
五毒,,张彻,,张彻,,郭追,,孙建,,江生,"['剧情', '动作', '古装']",Hong Kong: 97 分钟,1978,香港, 汉语普通话,7.7
芳心何处 Where the Heart Is,,Matt Williams,,巴巴罗 曼德尔 (Babaloo Mandel),,娜塔莉·波特曼,,艾什莉·贾德,,斯托卡特·詹宁,"['剧情', '喜剧', '爱情']",120 分钟,2000,美国, 英语,7.7
暧昧不明关系研究学会 曖昧不明關係研究學會,,麦曦茵,,麦曦茵,,梁晓丰 Anjo Leung,,王敏奕 Venus Wong,,江嘉敏,"['剧情', '爱情']",118分钟,2014,香港, 粤语,7.7
美国风情画 American Graffiti,,乔治·卢卡斯,,乔治·卢卡斯,,理查德·德莱弗斯,,朗·霍华德,,保罗·勒马特,"['剧情', '喜剧', '爱情']",110 分钟,1973,美国, 英语,7.7
野芦苇 Les roseaux sauvages,,安德烈·泰希内,,Olivier Massart,,埃洛迪·布歇,,加埃尔·莫雷尔,,斯特凡·里多,"['剧情', '同性']",110 分钟,1994,法国, 法语,7.7
孽扣 Dead Ringers,,大卫·柯南伯格,,大卫·柯南伯格,,杰瑞米·艾恩斯,,詹妮薇芙·布卓,,Heidi von Palleske,"['剧情', '爱情', '惊悚']",116 分钟,1988,加拿大 / 美国, 英语,7.7
二次旅程 Retake,,尼克·科尔波龙,,尼克·科尔波龙,,塔克·霍金斯,,德文·格拉耶,,德里克·菲利普斯,"['剧情', '爱情', '同性']",98分钟,2016,美国, 英语,7.7
我是你的眼 Le Coeur en braille,,米歇尔·布杰纳,,米歇尔·布杰纳,,阿利克斯·魏洛特,,让-斯坦·杜·帕克,,夏尔·贝尔林,"['剧情', '喜剧']",85分钟,2016,法国 / 比利时, 法语,7.7
只是爱的问题 Juste une question d'amour,,克里斯蒂安·富尔,,克里斯蒂安·富尔,,西里尔·索文尼,,斯戴芬·古林-提列,,伊娃·达尔兰,"['剧情', '爱情', '同性', '家庭']",92分钟,2000,法国 / 比利时, 法语,7.7
大饭店 Grand Hotel,,爱德芒德·古尔丁,,威廉·A·德拉克,,葛丽泰·嘉宝,,约翰·巴里摩尔,,琼·克劳馥,"['剧情', '爱情']",112 分钟(Turner library print),1932,美国, 英语,7.7
启功,,丁荫楠,,丁震,,马恩然,,王馥荔,,孔祥玉,"['剧情', '传记']",100分钟,2015,中国大陆, 汉语普通话,7.7
水泥花园 The Cement Garden,,安德鲁·伯金,,安德鲁·伯金,,安德鲁·罗伯森,,夏洛特·甘斯布,,Alice Coulthard,['剧情'],105 分钟,1993,法国 / 德国 / 英国, 英语,7.7
守灵夜 寝ずの番,,津川雅彦,,大森寿美男,,中井贵一,,木村佳乃,,堺正章,"['剧情', '喜剧']",110分钟,2005,日本, 日语,7.7
邮差的白夜 Белые ночи почтальона Алексея Тряпицына,,安德烈·康查洛夫斯基,,安德烈·康查洛夫斯基,,Aleksey Tryapitsyn,,Timur Bondarenko,,Irina Ermolova,['剧情'],91分钟,2014,俄罗斯, 俄语,7.7
炎热的夜晚 In the Heat of the Night,,诺曼·杰威森,,斯特林·西利芬特,,西德尼·波蒂埃,,罗德·斯泰格尔,,沃伦·奥茨,"['剧情', '悬疑', '惊悚', '犯罪']",109 分钟,1967,美国, 英语,7.7
"钢琴，独奏 Piano, solo",,瑞卡多·米拉尼,,瑞卡多·米拉尼,,吉姆·罗斯·斯图尔特,,米凯莱·普拉奇多,,杰丝敏·特丽卡,"['剧情', '传记']",104分钟,2007,意大利, 意大利语,7.7
与个人无关 Nothing Personal,,乌祖拉·安东尼娅克,,乌祖拉·安东尼娅克,,洛特·弗贝克,,斯蒂芬·瑞,,保罗·罗南,['剧情'],Argentina: 85 分钟(Mar del Plata Film Festival),2009,爱尔兰 / 荷兰, 英语,7.7
柯达克罗姆胶卷 Kodachrome,,马克·拉索,,乔纳森· 崔普尔,,艾德·哈里斯,,杰森·苏戴奇斯,,伊丽莎白·奥尔森,['剧情'],105分钟,2017,加拿大 / 美国, 英语,7.7
恋爱症候群 แสงศตวรรษ,,阿彼察邦·韦拉斯哈古,,阿彼察邦·韦拉斯哈古,,Arkanae Cherkam,,Jaruchai Iamaram,,萨卡达·卡温巴迪,['剧情'],Canada: 105 分钟(Toronto International Film Festival),2006,泰国 / 法国 / 奥地利, 泰语,7.7
自私的巨人 The Selfish Giant,,克里欧·巴纳德,,克里欧·巴纳德,,康纳·查普曼,,肖恩·托马斯,,拉尔夫·尹爱森,['剧情'],91分钟,2013,英国, 英语,7.7
脚注 הערת שוליים,,约瑟夫·斯达,,约瑟夫·斯达,,利奥尔·阿什肯纳齐,,阿尔玛·扎克,,Shlomo Bar Aba,['剧情'],106分钟,2011,以色列, 希伯来语,7.7
罗西与苹果酒 Cider With Rosie,,Philippa Lowthrope,,洛瑞·李,,萨曼莎·莫顿,,杰西卡·海因斯,,琼恩·维特费尔德,['剧情'],90分钟,2015,英国, 英语,7.7
拉扎老师 Monsieur Lazhar,,菲利普·法拉多,,菲利普·法拉多,,穆罕默德·费拉格,,苏菲·奈丽丝,,Émilien Néron,"['剧情', '喜剧']",94分钟,2011,加拿大, 法语,7.7
后继有人 We Are Marshall,,约瑟夫·麦克金提·尼彻,,Jamie Linden,,马修·麦康纳,,马修·福克斯,,大卫·斯特雷泽恩,"['剧情', '运动']",131分钟,2006,美国, 英语,7.7
江湖浪子 The Hustler,,罗伯特·罗森,,罗伯特·罗森,,保罗·纽曼,,杰基·格利森,,派珀·劳瑞,"['剧情', '爱情', '运动']",134 分钟,1961,美国, 英语,7.7
定理 Teorema,,皮埃尔·保罗·帕索里尼,,皮埃尔·保罗·帕索里尼,,西尔瓦娜·曼加诺,,特伦斯·斯坦普,,马西莫·吉洛蒂,"['剧情', '悬疑', '情色']",105 分钟,1968,意大利, 意大利语 / 英语,7.7
怪钟疑案 Poirot: The Clocks,,查理·帕尔默,,斯图尔特·哈考特,,大卫·苏切,,汤姆·伯克,,安娜·玛西,"['剧情', '悬疑', '犯罪']",89分钟,2009,英国, 英语,7.7
国境南边 국경의남쪽,,安畔锡,,安畔锡,,车胜元,,赵依珍,,沈惠珍,['剧情'],109分钟,2006,韩国, 韩语,7.7
再生缘 Om Shanti Om,,法拉·可汗,,法拉·可汗,,沙鲁克·汗,,迪皮卡·帕度柯妮,,阿俊·拉姆鲍,"['剧情', '喜剧', '动作']",162 分钟,2007,印度, 北印度语 / 乌尔都语,7.7
强风吹拂 風が強く吹いている,,大森寿美男,,大森寿美男,,小出惠介,,林遣都,,中村优一,"['剧情', '运动']",133分钟,2009,日本, 日语,7.7
美丽谎言 The Good Lie,,菲利普·法拉多,,玛格丽特·奈格尔,,瑞茜·威瑟斯彭,,阿诺德·奥康,,格·达尼,['剧情'],110分钟,2014,美国, 英语,7.7
肥皂泡 しゃぼん玉,,东伸儿,,东伸儿,,林遣都,,市原悦子,,藤井美菜,['剧情'],108分钟,2017,日本, 日语,7.7
水中漫步 Walk On Water,,伊藤·福克斯,,盖尔·乌齐斯基,,利奥尔·阿什肯纳齐,,克努特·贝格尔,,卡罗琳·彼得斯,"['剧情', '悬疑', '惊悚', '同性']",103分钟,2004,以色列 / 瑞典, 英语 / 德语 / 希伯来语 / 意大利语 / 土耳其语 / 阿拉伯语,7.7
词典 말모이,,严宥娜,,严宥娜,,柳海真,,尹启相,,金弘波,"['剧情', '历史']",135分钟,2018,韩国, 韩语,7.7
芳华,,冯小刚,,严歌苓,,黄轩,,苗苗,,钟楚曦,"['剧情', '历史', '战争']",136分钟,2017,中国大陆, 汉语普通话,7.6
无问西东,,李芳芳,,李芳芳,,章子怡,,黄晓明,,张震,"['剧情', '爱情', '战争']",138分钟,2018,中国大陆, 汉语普通话,7.6
中国合伙人,,陈可辛,,周智勇,,黄晓明,,邓超,,佟大为,['剧情'],112分钟,2013,中国大陆 / 香港, 英语 / 汉语普通话,7.6
七月与安生,,曾国祥,,林咏琛,,周冬雨,,马思纯,,李程彬,"['剧情', '爱情']",109分钟,2016,中国大陆 / 香港, 汉语普通话,7.6
惊天魔盗团 Now You See Me,,路易斯·莱特里尔,,鲍兹·亚金,,杰西·艾森伯格,,艾拉·菲舍尔,,伍迪·哈里森,"['剧情', '悬疑', '犯罪']",115分钟,2013,美国 / 法国, 英语 / 法语,7.6
唐山大地震,,冯小刚,,思芜,,徐帆,,张静初,,李晨,"['剧情', '历史', '灾难']",139分钟,2010,中国大陆 / 香港, 汉语普通话 / 唐山话,7.6
催眠大师,,陈正道,,任鹏,,徐峥,,莫文蔚,,胡静,"['剧情', '悬疑', '惊悚']",104分钟,2014,中国大陆, 汉语普通话,7.6
叶问 葉問,,叶伟信,,黄子桓,,甄子丹,,任达华,,熊黛林,"['剧情', '动作', '传记', '历史']",106分钟,2008,香港 / 中国大陆, 粤语 / 汉语普通话 / 日语,7.6
猩球崛起2：黎明之战 Dawn of the Planet of the Apes,,马特·里夫斯,,马克·鲍姆贝克,,安迪·瑟金斯,,杰森·克拉克,,加里·奥德曼,"['剧情', '动作', '科幻']",130分钟,2014,美国, 英语 / 美国手语,7.6
一九四二,,冯小刚,,刘震云,,张国立,,张默,,徐帆,"['剧情', '历史', '战争', '灾难']",146分钟,2012,中国大陆, 河南方言 / 英语 / 日语 / 汉语普通话,7.6
如果·爱,,陈可辛,,杜国威,,周迅,,金城武,,张学友,"['剧情', '爱情', '歌舞']",108分钟,2005,中国大陆 / 香港 / 马来西亚, 汉语普通话 / 粤语 / 英语,7.6
门徒 門徒,,尔冬升,,尔冬升,,刘德华,,吴彦祖,,古天乐,"['剧情', '惊悚', '犯罪']",106 分钟,2007,香港, 粤语 / 英语 / 泰语 / 汉语普通话,7.6
雨果 Hugo,,马丁·斯科塞斯,,约翰·洛根,,阿萨·巴特菲尔德,,科洛·莫瑞兹,,本·金斯利,"['剧情', '儿童', '奇幻', '冒险']",127分钟,2011,美国, 英语,7.6
第36个故事 第36個故事,,萧雅全,,萧雅全,,桂纶镁,,林辰唏,,张翰,"['剧情', '喜剧']",82分钟,2010,台湾, 汉语普通话,7.6
风中有朵雨做的云,,娄烨,,梅峰,,井柏然,,宋佳,,马思纯,"['剧情', '悬疑', '犯罪']",124分钟(中国大陆),2018,中国大陆, 汉语普通话 / 粤语,7.6
蓝莓之夜 My Blueberry Nights,,王家卫,,王家卫,,诺拉·琼斯,,裘德·洛,,娜塔莉·波特曼,"['剧情', '爱情']",95 分钟,2007,中国大陆 / 香港 / 法国, 英语,7.6
赌侠 賭俠,,王晶,,王晶,,刘德华,,周星驰,,向华强,"['剧情', '喜剧']",104分钟,1990,香港, 粤语,7.6
亲切的金子 친절한 금자씨,,朴赞郁,,郑瑞景,,李英爱,,崔岷植,,吴达洙,"['剧情', '惊悚', '犯罪']",115分钟,2005,韩国, 韩语 / 英语 / 日语,7.6
"纽约，我爱你 New York, I Love You",,法提赫·阿金,,埃曼纽·本比,,海登·克里斯滕森,,娜塔莉·波特曼,,奥兰多·布鲁姆,"['剧情', '爱情']",103 分钟,2009,美国, 英语 / 俄语 / 依地语 / 粤语 / 法语 / 闽南语 / 汉语普通话,7.6
牛仔裤的夏天 The Sisterhood of the Traveling Pants,,肯·卡皮斯,,Ann Brashares,,爱波·塔布琳,,阿丽克西斯·布莱德尔,,亚美莉卡·费雷拉,"['剧情', '喜剧', '爱情']",119 分钟,2005,美国, 英语 / 希腊语 / 西班牙语,7.6
龙虾 The Lobster,,欧格斯·兰斯莫斯,,欧格斯·兰斯莫斯,,科林·法瑞尔,,蕾切尔·薇兹,,约翰·C·赖利,"['剧情', '喜剧', '奇幻']",118分钟,2015,爱尔兰 / 英国 / 希腊 / 法国 / 荷兰, 英语 / 法语,7.6
机械师 The Machinist,,布拉德·安德森,,斯科特·考萨,,克里斯蒂安·贝尔,,詹妮弗·杰森·李,,艾塔娜·桑切斯-希洪,"['剧情', '悬疑', '惊悚']",101分钟,2004,西班牙 / 美国, 英语,7.6
魔术师 The Illusionist,,尼尔·博格,,尼尔·博格,,爱德华·诺顿,,保罗·吉亚玛提,,杰西卡·贝尔,"['剧情', '爱情', '悬疑']",110分钟,2006,美国 / 捷克, 英语,7.6
Hello！树先生,,韩杰,,韩杰,,王宝强,,谭卓,,何洁,['剧情'],88分钟,2011,中国大陆, 汉语普通话,7.6
泰山 Tarzan,,Chris Buck,,Tab Murphy,,托尼·戈德温,,明妮·德里弗,,格伦·克洛斯,"['剧情', '动画', '家庭', '冒险']",88 分钟,1999,美国, 英语,7.6
舞出我人生 Step Up,,安妮·弗莱彻,,杜安·阿德勒,,查宁·塔图姆,,珍娜·迪万,,马里奥,"['剧情', '爱情', '歌舞']",104分钟,2006,美国, 英语,7.6
云中行走 The Walk,,罗伯特·泽米吉斯,,罗伯特·泽米吉斯,,约瑟夫·高登-莱维特,,本·金斯利,,夏洛特·勒·邦,"['剧情', '传记', '冒险']",123分钟,2015,美国, 英语 / 法语 / 捷克语,7.6
最好的时光 最好的時光,,侯孝贤,,朱天文,,舒淇,,张震,,梅芳,"['剧情', '爱情']",130分钟,2005,台湾, 汉语普通话 / 闽南语,7.6
黑暗侵袭 The Descent,,尼尔·马歇尔,,尼尔·马歇尔,,肖娜·麦克唐纳,,娜塔莉·杰克逊·门多萨,,阿里克斯·瑞德,"['剧情', '悬疑', '恐怖']",99 分钟,2005,英国, 英语,7.6
给朱丽叶的信 Letters to Juliet,,盖瑞·温尼克,,约瑟·里韦拉,,阿曼达·塞弗里德,,盖尔·加西亚·贝纳尔,,克里斯托弗·艾甘,"['剧情', '喜剧', '爱情']",106分钟（美国）,2010,美国, 英语,7.6
落叶归根,,张杨,,王要,,赵本山,,郭德纲,,洪启文,"['剧情', '喜剧']",110分钟(香港),2007,中国大陆 / 香港, 汉语普通话,7.6
八面埋伏 Mindhunters,,雷尼·哈林,,韦恩·克莱默,,艾恩·贝利,,小克利夫顿·克林斯,,威尔·坎普,"['剧情', '悬疑', '惊悚', '犯罪']",106分钟,2004,美国 / 荷兰 / 英国 / 芬兰, 英语,7.6
伊莎贝拉,,彭浩翔,,彭浩翔,,杜汶泽,,梁洛施,,黄秋生,['剧情'],91分钟,2006,香港, 粤语,7.6
没完没了,,冯小刚,,王小柱,,葛优,,吴倩莲,,傅彪,"['剧情', '喜剧']",95分钟,1999,中国大陆, 汉语普通话,7.6
爱有来生,,俞飞鸿,,俞飞鸿,,俞飞鸿,,段奕宏,,李佳,"['剧情', '爱情']",96分钟,2009,中国大陆, 汉语普通话,7.6
铁娘子：坚固柔情 The Iron Lady,,菲利达·劳埃德,,艾比·摩根,,梅丽尔·斯特里普,,吉姆·布劳德本特,,安东尼·海德,"['剧情', '传记', '历史']",105分钟,2011,英国 / 法国, 英语,7.6
古惑仔2之猛龙过江,,刘伟强,,许莎朗,,郑伊健,,陈小春,,黎姿,"['剧情', '动作']",101 分钟,1996,香港, 粤语 / 英语 / 汉语普通话,7.6
老手 베테랑,,柳昇完,,柳昇完,,黄政民,,刘亚仁,,柳海真,"['剧情', '动作']",124分钟,2015,韩国, 韩语,7.6
古惑仔3之只手遮天 古惑仔3之隻手遮天,,刘伟强,,文隽,,郑伊健,,陈小春,,张耀扬,"['剧情', '动作']",98 分钟,1996,香港, 粤语 / 英语 / 汉语普通话 / 荷兰语,7.6
印度合伙人 Padman,,R·巴尔基,,R·巴尔基,,阿克谢·库玛尔,,拉迪卡·艾普特,,索娜姆·卡普尔,"['剧情', '喜剧', '传记']",140分钟,2018,印度, 印地语,7.6
闯入者,,王小帅,,王小帅,,吕中,,冯远征,,秦海璐,"['剧情', '惊悚', '犯罪']",106分钟(中国大陆),2014,中国大陆, 汉语普通话,7.6
海啸奇迹 Lo imposible,,胡安·安东尼奥·巴亚纳,,塞尔希奥·G·桑切斯,,娜奥米·沃茨,,伊万·麦克格雷格,,汤姆·赫兰德,"['剧情', '家庭', '灾难']",113分钟(中国大陆),2012,西班牙 / 美国, 英语 / 泰语 / 瑞典语,7.6
壮志凌云 Top Gun,,托尼·斯科特,,吉姆·卡什,,汤姆·克鲁斯,,凯莉·麦吉利斯,,方·基默,"['剧情', '动作', '爱情']",110分钟,1986,美国, 英语,7.6
猎杀本·拉登 Zero Dark Thirty,,凯瑟琳·毕格罗,,马克·鲍尔,,杰西卡·查斯坦,,杰森·克拉克,,乔尔·埃哲顿,"['剧情', '惊悚', '历史']",157分钟,2012,美国, 英语 / 阿拉伯语,7.6
在世界中心呼唤爱 世界の中心で、愛をさけぶ,,行定勋,,坂元裕二,,大泽隆夫,,柴崎幸,,长泽雅美,"['剧情', '爱情']",138 分钟,2004,日本, 日语 / 英语,7.6
天气预报员 The Weather Man,,戈尔·维宾斯基,,斯蒂夫·康拉德,,尼古拉斯·凯奇,,迈克尔·凯恩,,霍普·戴维斯,"['剧情', '喜剧']",102 分钟,2005,美国 / 德国, 英语,7.6
充气娃娃之恋 Lars and the Real Girl,,克雷格·吉勒斯佩,,南希·奥利弗,,瑞恩·高斯林,,艾米莉·莫迪默,,派翠西娅·克拉克森,"['剧情', '喜剧']",106 分钟,2007,美国, 英语 / 西班牙语,7.6
相见恨早 A Lot Like Love,,奈吉·柯尔,,Colin Patrick Lynch,,阿曼达·皮特,,阿什顿·库彻,,塔恩·曼宁,"['剧情', '喜剧', '爱情']",107 分钟,2005,美国, 英语 / 美国手语,7.6
黄河绝恋,,冯小宁,,冯小宁,,宁静,,保罗·克塞,,王新军,"['剧情', '战争']",105分钟(美国),1999,中国大陆, 汉语普通话,7.6
故事的故事 Il racconto dei racconti,,马提欧·加洛尼,,马提欧·加洛尼,,萨尔玛·海耶克,,文森特·卡索,,托比·琼斯,"['剧情', '恐怖', '奇幻']",133分钟,2015,意大利 / 法国 / 英国, 英语 / 意大利语,7.6
傻瓜 바보,,金正权,,姜道英,,车太贤,,河智苑,,李基英,"['剧情', '爱情']",104分钟,2008,韩国, 韩语,7.6
斯诺登 Snowden,,奥利佛·斯通,,基兰·菲茨杰拉德,,约瑟夫·高登-莱维特,,谢琳·伍德蕾,,梅丽莎·里奥,"['剧情', '惊悚', '传记']",134分钟,2016,美国 / 德国, 英语,7.6
明日的我与昨日的你约会 ぼくは明日、昨日のきみとデートする,,三木孝浩,,吉田智子,,福士苍汰,,小松菜奈,,东出昌大,"['剧情', '爱情', '奇幻']",111分钟,2016,日本, 日语,7.6
爱的成人式 イニシエーション・ラブ,,堤幸彦,,井上テテ,,松田翔太,,前田敦子,,木村文乃,"['剧情', '爱情', '悬疑']",110分钟,2015,日本, 日语,7.6
"性、谎言和录像带 Sex, Lies, and Videotape",,史蒂文·索德伯格,,史蒂文·索德伯格,,安迪·麦克道威尔,,詹姆斯·斯派德,,彼得·盖勒,['剧情'],100 分钟,1989,美国, 英语,7.6
王者 더 킹,,韩在林,,韩在林,,赵寅成,,郑雨盛,,裴晟祐,"['剧情', '动作', '犯罪']",134分钟,2017,韩国, 韩语,7.6
特别响，非常近 Extremely Loud and Incredibly Close,,史蒂芬·戴德利,,艾瑞克·罗斯,,桑德拉·布洛克,,汤姆·汉克斯,,马克斯·冯·叙多夫,"['剧情', '悬疑', '家庭', '冒险']",129分钟,2011,美国, 英语,7.6
杀死汝爱 Kill Your Darlings,,约翰·克洛基达斯,,奥斯汀·邦恩,,丹尼尔·雷德克里夫,,戴恩·德哈恩,,伊丽莎白·奥尔森,"['剧情', '同性', '传记']",104分钟,2013,美国, 英语,7.6
勇者行动 Act of Valor,,迈克·麦科伊,,库尔特·约恩斯塔德,,罗塞莉·桑切斯,,埃米里奥·瑞弗拉,,内斯特·塞拉诺,"['剧情', '动作', '战争']",110分钟,2012,美国, 英语,7.6
布鲁克斯先生 Mr. Brooks,,布鲁斯·A·埃文斯,,布鲁斯·A·埃文斯,,凯文·科斯特纳,,威廉·赫特,,黛米·摩尔,"['剧情', '悬疑', '惊悚', '犯罪']",120 分钟,2007,美国, 英语,7.6
舞出我人生3 Step Up 3D,,朱浩伟,,Amy Andelson,,瑞奇·马兰博瑞,,亚当·G·瑟瓦尼,,沙妮·文森,"['剧情', '爱情', '音乐']",107 分钟,2010,美国, 英语,7.6
有希望的男人 Muži v naději,,伊力·维伊德雷克,,伊力·维伊德雷克,,杰里·马哈萨克,,波莱克·波利夫卡,,彼得拉·赫雷比科娃,"['剧情', '喜剧']",110分钟,2011,捷克, 捷克语,7.6
虐童疑云 Doubt,,约翰·帕特里克·尚利,,约翰·帕特里克·尚利,,梅丽尔·斯特里普,,菲利普·塞默·霍夫曼,,艾米·亚当斯,"['剧情', '悬疑']",104 分钟,2008,美国, 英语,7.6
完美风暴 The Perfect Storm,,沃尔夫冈·彼德森,,威廉·D·威特利夫,,乔治·克鲁尼,,马克·沃尔伯格,,约翰·C·赖利,"['剧情', '灾难']",130 分钟,2000,美国, 英语,7.6
妙笔生花 The Words,,布赖恩·克卢格曼,,布赖恩·克卢格曼,,布莱德利·库珀,,奥利维亚·王尔德,,佐伊·索尔达娜,"['剧情', '爱情']",104分钟,2012,美国, 英语 / 法语,7.6
海滩 The Beach,,丹尼·博伊尔,,亚历克斯·嘉兰,,莱昂纳多·迪卡普里奥,,丹尼尔·约克,,维吉妮·拉朵嫣,"['剧情', '爱情', '冒险']",119 分钟,2000,美国 / 英国, 英语 / 法语 / 瑞典语 / 泰语 / 塞尔维亚语,7.6
露西亚的情人 Lucía y el sexo,,胡里奥·密谭,,胡里奥·密谭,,帕斯·贝加,,特里斯坦·乌罗阿,,纳瓦·尼姆利,"['剧情', '爱情', '情色']",128 分钟,2001,西班牙 / 法国, 西班牙语 / 英语,7.6
兄弟 Brothers,,吉姆·谢里丹,,戴维·贝尼奥夫,,托比·马奎尔,,杰克·吉伦哈尔,,娜塔莉·波特曼,"['剧情', '惊悚', '战争']",105 分钟,2009,美国, 英语,7.6
冰冷热带鱼 冷たい熱帯魚,,园子温,,园子温,,吹越满,,黑泽明日香,,神乐坂惠,"['剧情', '惊悚', '犯罪']",146分钟,2010,日本, 日语,7.6
火星任务 Mission to Mars,,布莱恩·德·帕尔玛,,格雷厄姆·约斯特,,加里·西尼斯,,蒂姆·罗宾斯,,唐·钱德尔,"['剧情', '科幻', '惊悚', '冒险']",114分钟,2000,美国, 英语,7.6
霹雳贝贝,,翁路明,,张之路,,张京,,王莹,,章萍,"['剧情', '科幻', '儿童']",90分钟,1988,中国大陆, 汉语普通话,7.6
南国野兽 Beasts of the Southern Wild,,贝赫·泽特林,,贝赫·泽特林,,奎文赞妮·瓦利斯,,德怀特·亨利,,乔什尔·亚历山大,['剧情'],93分钟,2012,美国, 英语,7.6
锈与骨 De rouille et d'os,,雅克·欧迪亚,,克雷格・戴维森,,马提亚斯·修奈尔,,玛丽昂·歌迪亚,,伯利·兰内尔,['剧情'],120分钟,2012,法国 / 比利时, 法语,7.6
舞出我人生4 Step Up: Revolution,,斯科特·斯皮尔,,杜安·阿德勒,,瑞安·古兹曼,,凯瑟琳·麦考米克,,杰西卡·瓜迪克斯,"['剧情', '爱情', '音乐']",99分钟,2012,美国, 英语,7.6
完美感觉 Perfect Sense,,大卫·马肯兹,,基姆·弗帕兹·艾克森,,伊万·麦克格雷格,,伊娃·格林,,康妮·尼尔森,"['剧情', '爱情']",92分钟,2011,英国 / 瑞典 / 丹麦 / 爱尔兰, 英语 / 手语,7.6
白日美人 Belle de jour,,路易斯·布努埃尔,,路易斯·布努埃尔,,凯瑟琳·德纳芙,,让·索雷尔,,米歇尔·皮科利,"['剧情', '情色']",101 分钟,1967,法国 / 意大利, 法语 / 西班牙语,7.6
涉足荒野 Wild,,让-马克·瓦雷,,尼克·霍恩比,,瑞茜·威瑟斯彭,,盖比·霍夫曼,,劳拉·邓恩,"['剧情', '传记']",115分钟,2014,美国, 英语,7.6
韩公主 한공주,,李铢真,,李铢真,,千禹熙,,郑仁仙,,金素英,['剧情'],112分钟,2013,韩国, 韩语,7.6
恋爱写真 恋愛寫眞,,堤幸彦,,绪川熏,,广末凉子,,松田龙平,,小池荣子,"['剧情', '喜剧', '爱情']",111 分钟,2003,日本, 日语 / 英语,7.6
改编剧本 Adaptation.,,斯派克·琼斯,,查理·考夫曼,,尼古拉斯·凯奇,,蒂尔达·斯文顿,,梅丽尔·斯特里普,"['剧情', '喜剧', '犯罪']",114 分钟,2002,美国, 英语 / 拉丁语,7.6
阳光清洗 Sunshine Cleaning,,克莉斯汀·杰弗斯,,Megan Holley,,艾米·亚当斯,,艾米莉·布朗特,,艾伦·阿金,"['剧情', '喜剧']",91分钟,2008,美国, 英语,7.6
好朋友们 좋은 친구들,,李道允,,李道允,,朱智勋,,池晟,,李光洙,"['剧情', '犯罪']",114分钟,2014,韩国, 韩语,7.6
罪人 Den skyldige,,古斯塔夫·莫勒,,古斯塔夫·莫勒,,雅各布·克德格恩,,杰西卡·迪内奇,,奥玛尔·沙加威,"['剧情', '惊悚', '犯罪']",85分钟,2018,丹麦, 丹麦语,7.6
最长的一码 The Longest Yard,,彼得·西格尔,,艾伯特·S·拉迪,,亚当·桑德勒,,克里斯·洛克,,伯特·雷诺兹,"['剧情', '喜剧', '运动']",113 分钟,2005,美国, 英语,7.6
哈里·布朗 Harry Brown,,Daniel Barber,,Gary Young,,迈克尔·凯恩,,艾米莉·莫迪默,,查理·科里德-米尔斯,"['剧情', '惊悚', '犯罪']",103 分钟,2009,英国, 英语,7.6
挽歌 Elegy,,伊莎贝尔·科赛特,,尼古拉斯·迈耶,,佩内洛普·克鲁兹,,本·金斯利,,丹尼斯·霍珀,"['剧情', '爱情']",112 分钟,2008,美国, 英语,7.6
托尼·厄德曼 Toni Erdmann,,玛伦·阿德,,玛伦·阿德,,彼得·西蒙尼舍克,,桑德拉·惠勒,,米夏埃尔·维滕博恩,"['剧情', '喜剧']",162分钟,2016,德国 / 奥地利, 德语 / 英语 / 罗马尼亚语,7.6
捆着我，绑着我 ¡Átame!,,佩德罗·阿莫多瓦,,佩德罗·阿莫多瓦,,维多利亚·阿夫里尔,,安东尼奥·班德拉斯,,洛莱斯·莱昂,"['剧情', '喜剧', '爱情', '情色', '犯罪']",101分钟,1990,西班牙, 西班牙语,7.6
塔利 Tully,,贾森·雷特曼,,迪亚波罗·科蒂,,查理兹·塞隆,,麦肯兹·戴维斯,,马克·杜普拉斯,"['剧情', '喜剧']",95分钟,2018,美国, 英语,7.6
沉默 Silence,,马丁·斯科塞斯,,马丁·斯科塞斯,,安德鲁·加菲尔德,,亚当·德赖弗,,连姆·尼森,"['剧情', '历史']",161分钟,2016,美国 / 台湾 / 墨西哥, 英语 / 日语 / 拉丁语 / 葡萄牙语 / 粤语 / 荷兰语,7.6
狗牙 Κυνόδοντας,,欧格斯·兰斯莫斯,,埃夫西米斯·菲利普,,赫里斯托斯·斯泰尔伊约格卢,,Michele Valley,,昂格利基·帕普利亚,"['剧情', '惊悚']",94分钟,2009,希腊, 希腊语,7.6
疯狂的心 Crazy Heart,,斯科特·库珀,,斯科特·库珀,,杰夫·布里吉斯,,玛吉·吉伦哈尔,,科林·法瑞尔,"['剧情', '爱情', '音乐']",112 分钟,2009,美国, 英语,7.6
天然子结构 天然コケッコー,,山下敦弘,,渡边彩,,夏帆,,冈田将生,,夏川结衣,['剧情'],121分钟,2007,日本, 日语,7.6
极度恐慌 Outbreak,,沃尔夫冈·彼德森,,劳伦斯·迪沃莱特,,达斯汀·霍夫曼,,蕾妮·罗素,,摩根·弗里曼,"['剧情', '科幻', '惊悚', '灾难']",127分钟,1995,美国, 英语 / 韩语 / 法语,7.6
活在当下 Now Is Good,,欧·帕克,,欧·帕克,,达科塔·范宁,,杰瑞米·艾文,,卡雅·斯考达里奥,"['剧情', '爱情']",103分钟,2012,英国, 英语,7.6
去年冬天与你分手 去年の冬、きみと別れ,,泷本智行,,大石哲也,,岩田刚典,,山本美月,,斋藤工,"['剧情', '悬疑', '犯罪']",119分钟,2018,日本, 日语,7.6
活色生香 Carne trémula,,佩德罗·阿莫多瓦,,佩德罗·阿莫多瓦,,哈维尔·巴登,,弗朗西斯卡·内莉,,利贝托·拉巴尔,"['剧情', '爱情', '惊悚', '情色']",103 分钟,1997,西班牙 / 法国, 西班牙语 / 意大利语 / 保加利亚语,7.6
幻想之爱 Les amours imaginaires,,泽维尔·多兰,,泽维尔·多兰,,泽维尔·多兰,,莫妮亚·肖克里,,尼尔斯·施内德,"['剧情', '爱情', '同性']",101分钟,2010,加拿大, 法语,7.6
走着瞧,,李大为,,述平,,文章,,岳红,,白静,['剧情'],100分钟,2008,中国, 中文,7.6
阿拉姜色,,松太加,,松太加,,容中尔甲,,尼玛颂宋,,赛却加,"['剧情', '家庭']",109分钟,2018,中国大陆, 藏语,7.6
割腕者的天堂 Wristcutters: A Love Story,,葛兰·杜奇克,,葛兰·杜奇克,,派屈克·福吉特,,亚布拉哈姆·本鲁比,,莎妮·索萨蒙,"['剧情', '爱情', '奇幻']",88 分钟,2006,美国 / 克罗地亚 / 英国, 英语,7.6
第四张画 第四張畫,,钟孟宏,,钟孟宏,,毕晓海,,郝蕾,,戴立忍,['剧情'],105分钟,2010,台湾, 国语,7.6
传奇的诞生 Pelé: Birth of a Legend,,杰夫·泽姆巴利斯特,,杰夫·泽姆巴利斯特,,凯文·德·保拉,,莱昂纳多·利马·卡瓦柳,,索·豪黑,"['剧情', '传记', '运动']",107分钟,2016,美国, 英语,7.6
真幌站前狂想曲 まほろ駅前狂騒曲,,大森立嗣,,大森立嗣,,瑛太,,松田龙平,,高良健吾,['剧情'],124分钟,2014,日本, 日语,7.6
野兽刑警 野獸刑警,,陈嘉上,,陈嘉上,,黄秋生,,王敏德 ,,张耀扬,"['剧情', '动作', '悬疑', '犯罪']",110 分钟,1998,香港, 粤语,7.6
顺流逆流 順流逆流,,徐克,,许安,,谢霆锋,,伍佰,,卢巧音,"['剧情', '动作', '惊悚', '犯罪']",113 分钟,2000,香港, 粤语 / 普通话 / 西班牙语,7.6
闪亮的日子 Latter Days,,C·杰·寇科斯 ,,C·杰·寇科斯 ,,史蒂夫·山德沃斯,,韦斯·拉姆齐,,Rebekah Johnson,"['剧情', '喜剧', '爱情', '同性']",107分钟,2003,美国, 英语,7.6
工厂女孩 Factory Girl,,乔治·海肯卢珀,,Captain Mauzner,,西耶娜·米勒,,盖·皮尔斯,,海登·克里斯滕森,"['剧情', '传记']",USA: 99 分钟(unrated version),2006,美国, 英语 / 斯洛伐克语 / 法语,7.6
亚瑟·圣诞 Arthur Christmas,,莎拉·史密斯,,彼得·贝恩汉姆,,詹姆斯·麦卡沃伊,,休·劳瑞,,比尔·奈伊,"['剧情', '喜剧', '动画']",97分钟,2011,英国 / 美国, 英语,7.6
龙虎风云 龍虎風雲,,林岭东,,林岭东,,周润发,,李修贤,,孙越,"['剧情', '动作', '惊悚', '犯罪']",UK: 101 分钟,1987,香港, 粤语 / 汉语普通话 / 英语,7.6
机器人大爷 ロボジー,,矢口史靖,,矢口史靖,,五十岚信次郎,,吉高由里子,,滨田岳,"['剧情', '喜剧']",111分钟,2012,日本, 日语,7.6
小花的味噌汤 はなちゃんのみそ汁,,阿久根知昭,,阿久根知昭,,广末凉子,,泷藤贤一,,一青窈,['剧情'],118分钟,2015,日本, 日语,7.6
影子大亨 The Hudsucker Proxy,,伊桑·科恩,,伊桑·科恩,,蒂姆·罗宾斯,,詹妮弗·杰森·李,,保罗·纽曼,"['剧情', '喜剧', '爱情', '奇幻']",111 分钟,1994,英国 / 德国 / 美国, 英语,7.6
圣人文森特 St. Vincent,,西奥多·梅尔菲,,西奥多·梅尔菲,,比尔·默瑞,,梅丽莎·麦卡西,,娜奥米·沃茨,"['剧情', '喜剧']",102分钟,2014,美国, 英语 / 西班牙语,7.6
远大前程 Great Expectations,,阿方索·卡隆,,米奇·格雷泽,,伊桑·霍克,,格温妮斯·帕特洛,,汉克·阿扎利亚,"['剧情', '爱情']",111 分钟,1998,美国, 英语 / 法语,7.6
诚实国度的爱丽丝 성실한 나라의 앨리스,,安国真,,安国真,,李贞贤,,明桂南,,吴光禄,['剧情'],90分钟,2015,韩国, 韩语,7.6
像鸡毛一样飞,,孟京辉,,廖一梅,,陈建斌,,秦海璐,,廖凡,['剧情'],94分钟,2002,中国大陆, 汉语普通话,7.6
三只猴子 Üç maymun,,努里·比格·杰伊兰,,努里·比格·杰伊兰,,Yavuz Bingol,,海蒂斯 阿斯兰,,里法特·桑贾尔,['剧情'],109 分钟,2008,土耳其 / 法国 / 意大利, 土耳其语,7.6
一呼一吸 Breathe,,安迪·瑟金斯,,威廉姆·尼克尔森,,安德鲁·加菲尔德,,克莱尔·芙伊,,爱德华·斯皮伊尔斯,"['剧情', '爱情', '传记']",118分钟,2017,英国, 英语,7.6
洛克 Locke,,斯蒂文·奈特,,斯蒂文·奈特,,汤姆·哈迪,,奥利维娅·科尔曼,,露丝·威尔森,['剧情'],85分钟,2013,美国 / 英国, 英语,7.6
捍卫者,,廖希,,啸杨,,白恩,,吕星辰,,赫子铭,"['剧情', '历史', '战争']",109分钟,2017,中国大陆, 汉语普通话,7.6
已经开始想你 Miss You Already,,凯瑟琳·哈德威克,,莫温娜·班克斯,,德鲁·巴里摩尔,,托妮·科莱特,,多米尼克·库珀,"['剧情', '喜剧', '爱情']",112分钟,2015,英国, 英语,7.6
速成家庭 Instant Family,,西恩·安德斯,,西恩·安德斯,,马克·沃尔伯格,,萝丝·拜恩,,伊莎贝拉·莫奈,"['剧情', '喜剧']",119分钟,2018,美国, 英语,7.6
隐藏摄像机 Caché,,迈克尔·哈内克,,迈克尔·哈内克,,丹尼尔·奥特伊,,朱丽叶·比诺什,,Maurice Bénichou,"['剧情', '悬疑', '惊悚']",117 分钟,2005,法国 / 奥地利 / 德国 / 意大利 / 美国, 法语,7.6
巴比龙 Papillon,,迈克尔·诺尔,,亚伦·格兹考斯基,,查理·汉纳姆,,拉米·马雷克,,汤米·弗拉纳根,"['剧情', '悬疑', '犯罪']",133分钟,2017,美国 / 捷克 / 西班牙, 英语 / 西班牙语,7.6
股疯,,李国立,,贾鸿源,,潘虹,,刘青云,,王汝刚,"['剧情', '喜剧']",91分钟,1994,中国大陆 / 香港, 粤语 / 汉语普通话 / 上海话,7.6
不存在的女儿 The Memory Keeper's Daughter,,米克·杰克逊,,约翰·佩尔梅尔,,德蒙特·莫罗尼,,格瑞辰·摩尔,,艾米丽·沃森,"['剧情', '家庭']",90分钟,2008,美国, 英语,7.6
陵园路口 Cemetery Junction,,瑞奇·热维斯,,瑞奇·热维斯,,克里斯蒂安·库克,,汤姆·休斯,,Jack Doolan,['剧情'],95分钟,2010,英国, 英语,7.6
稻草狗 Straw Dogs,,萨姆·佩金帕,,David Zelag Goodman,,达斯汀·霍夫曼,,苏珊·乔治,,皮特·沃恩,"['剧情', '惊悚']",118 分钟,1971,英国 / 美国, 英语,7.6
向日葵与幼犬的7天 ひまわりと子犬の7日間,,平松惠美子,,平松惠美子,,堺雅人,,中谷美纪,,绪方义博,['剧情'],117分钟,2013,日本, 日语,7.6
摇滚新乐团 BECK,,堤幸彦,,大石哲也,,水岛宏,,佐藤健,,桐谷健太,['剧情'],Japan: 145 分钟,2010,日本, 日语,7.6
"迷途知返 The Way, Way Back",,奈特·法松,,奈特·法松,,连姆·詹姆斯,,山姆·洛克威尔,,史蒂夫·卡瑞尔,"['剧情', '喜剧', '家庭']",103分钟,2013,美国, 英语,7.6
卫生间的圣母像 トイレのピエタ,,松永大司,,松永大司,,野田洋次郎,,杉咲花,,中川雅也,['剧情'],120分钟,2015,日本, 日语,7.6
没有青春的青春 Youth Without Youth,,弗朗西斯·福特·科波拉,,弗朗西斯·福特·科波拉,,蒂姆·罗斯,,亚历山德拉·玛丽亚·拉娜,,布鲁诺·甘茨,"['剧情', '爱情', '悬疑', '惊悚', '奇幻']",124 分钟,2007,美国 / 德国 / 意大利 / 法国, 英语 / 梵语 / 德语 / 法语 / 意大利语 / 俄语,7.6
俄罗斯方舟 Русский ковчег,,亚历山大·索科洛夫,,Anatoli Nikiforov,,Sergei Dontsov,,Mariya Kuznetsova,,Valery Gergiev,"['剧情', '历史', '奇幻']",99 分钟,2002,俄罗斯 / 德国 / 日本 / 加拿大 / 芬兰 / 丹麦, 俄语 / 波斯语,7.6
为子搬迁 Away We Go,,萨姆·门德斯,,戴夫·艾格斯,,约翰·卡拉辛斯基,,玛娅·鲁道夫,,卡门·艾乔戈,"['剧情', '喜剧', '家庭']",98分钟,2009,美国 / 英国, 英语,7.6
果酱 Jam Films,,北村龙平,,高津隆一,,广末凉子,,大泽隆夫,,妻夫木聪,"['剧情', '喜剧', '科幻', '奇幻']",109分钟,2002,日本, 日语 / 英语,7.6
类人猿行动 Anthropoid,,西恩·埃利斯,,西恩·埃利斯,,詹米·多南,,基里安·墨菲,,哈里·劳埃德,"['剧情', '历史', '战争']",120分钟,2016,捷克 / 英国 / 美国 / 法国, 英语 / 捷克语 / 德语,7.6
告诉他们，我乘白鹤去了,,李睿珺,,李睿珺,,马新春,,汤龙,,王思怡,['剧情'],99分钟(国际发行版),2012,中国大陆, 汉语普通话 / 甘肃方言,7.6
伤心小号曲 Balada triste de trompeta,,阿莱克斯·德·拉·伊格莱西亚,,阿莱克斯·德·拉·伊格莱西亚,,圣地亚哥·塞古拉,,费尔南多·古林·库弗,,安东尼奥·德·拉·托雷,"['剧情', '战争']",107分钟,2010,西班牙 / 法国, 西班牙语,7.6
东风破 東風破,,麦婉欣,,麦婉欣,,官恩娜,,周俊伟,,泰迪·罗宾,['剧情'],125分钟,2010,香港, 粤语,7.6
加州之王 King of California,,麦克·卡希尔,,麦克·卡希尔,,迈克尔·道格拉斯,,埃文·蕾切尔·伍德,,爱丽森·阿什莉·阿姆,"['剧情', '喜剧']",93 分钟,2007,美国, 英语 / 西班牙语,7.6
战争与和平 War and Peace,,金·维多,,列夫·托尔斯泰,,奥黛丽·赫本,,亨利·方达,,梅尔·费勒,"['剧情', '爱情', '战争']",208 分钟,1956,意大利 / 美国, 英语 / 意大利语 / 俄语,7.6
西区故事 West Side Story,,杰罗姆·罗宾斯,,恩斯特·莱赫曼,,娜塔莉·伍德,,理查德·贝梅尔,,拉斯·坦布林,"['剧情', '爱情', '歌舞', '犯罪']",152 分钟,1961,美国, 英语 / 西班牙语,7.6
住货车的女士 The Lady in the Van,,尼古拉斯·希特纳,,阿兰·本奈特,,玛吉·史密斯,,吉姆·布劳德本特,,阿历克斯·杰宁斯,"['剧情', '喜剧', '传记']",104分钟,2015,英国, 英语 / 法语,7.6
大人物拿破仑 Napoleon Dynamite,,杰瑞德·赫斯,,杰瑞德·赫斯,,乔恩·海德,,强·格瑞斯,,亚伦瑞尔,"['剧情', '喜剧', '爱情']",82 分钟,2004,美国, 英语,7.6
会更好的 ไม่ได้ขอให้มารัก,,Tanwarin Sukkhapisit,,卡文·英玛诺泰,,卡文·英玛诺泰,,Nuntita Khampiranon,,Penpak Sirikul,"['剧情', '爱情', '同性']",99分钟,2012,泰国, 泰语,7.6
了不起的盖茨比 The Great Gatsby,,Jack Clayton,,F·司各特·菲茨杰拉德,,罗伯特·雷德福,,米亚·法罗,,布鲁斯·邓恩,"['剧情', '爱情']",144 分钟,1974,美国, 英语,7.6
枕边的男人 L'homme de chevet,,阿兰·莫纳,,阿兰·莫纳,,苏菲·玛索,,克里斯多弗·兰伯特,,玛格丽塔·罗莎·德·弗朗西丝科,['剧情'],92 分钟,2009,法国, 法语 / 西班牙语,7.6
真相 Truth,,詹姆斯·范德比尔特,,詹姆斯·范德比尔特,,凯特·布兰切特,,罗伯特·雷德福,,伊丽莎白·莫斯,"['剧情', '传记']",125分钟,2015,美国 / 澳大利亚, 英语,7.6
危险关系 Dangerous Liaisons,,斯蒂芬·弗雷斯,,克里斯托弗·汉普顿,,格伦·克洛斯,,约翰·马尔科维奇,,米歇尔·菲佛,"['剧情', '爱情']",119 分钟,1988,美国 / 英国, 英语,7.6
文集 문집,,李润珍,,申夏恩,,郑帝元,,申银秀,,许真,"['剧情', '爱情']",75分钟,2018,韩国, 韩语,7.6
安妮·李斯特的秘密日记 The Secret Diaries of Miss Anne Lister,,詹姆斯·肯特,,简·英格丽史,,安娜·玛德蕾 ,,玛克辛·皮克,,克里斯汀·博顿利,"['剧情', '爱情', '同性', '传记']",91分钟,2010,英国, 英语,7.6
丹尼·科林斯 Danny Collins,,丹·福格尔曼,,丹·福格尔曼,,阿尔·帕西诺,,安妮特·贝宁,,詹妮弗·加纳,"['剧情', '喜剧', '音乐']",106分钟,2015,美国, 英语,7.6
穷街陋巷 Mean Streets,,马丁·斯科塞斯,,马丁·斯科塞斯,,罗伯特·德尼罗,,哈威·凯特尔,,大卫·普罗瓦尔,"['剧情', '犯罪']",112 分钟,1973,美国, 英语,7.6
小亚细亚往事 Bir Zamanlar Anadolu'da,,努里·比格·杰伊兰,,努里·比格·杰伊兰,,穆罕默德·乌祖内尔,,伊尔玛兹·艾多甘,,塔勒·比尔瑟尔,"['剧情', '犯罪']",157分钟,2011,土耳其 / 波黑, 土耳其语,7.6
远离天堂 Far from Heaven,,托德·海因斯,,托德·海因斯,,朱丽安·摩尔,,丹尼斯·奎德,,丹尼斯·海斯伯特,"['剧情', '爱情', '同性']",107 分钟,2002,美国 / 法国, 英语,7.6
同船爱歌 Théo et Hugo dans le même bateau,,奥利维耶·杜卡斯泰尔,,奥利维耶·杜卡斯泰尔,,杰弗瑞·古艾,,弗朗索瓦·纳伯,,Mario Fanfani,"['剧情', '情色', '同性']",97分钟,2016,法国, 法语,7.6
鬼汤 Ghost Soup,,岩井俊二(Shunji Iwai),,岩井俊二,,铃木兰兰,,Hiroyuki Watari,,Dave Spector,['剧情'],58分钟（日本）,1992,日本, 日语,7.6
永远的托词 永い言い訳,,西川美和,,西川美和,,本木雅弘,,竹原皮斯托,,藤田健心,"['剧情', '家庭']",124分钟,2016,日本, 日语,7.6
半个尼尔森 Half Nelson,,瑞安·弗雷克,,瑞安·弗雷克,,瑞恩·高斯林,,杰夫·利马,,莎莉卡·艾普斯,['剧情'],USA: 106 分钟(Sundance Film Festival),2006,美国, 英语,7.6
摇摆 ゆれる,,西川美和,,西川美和,,小田切让,,香川照之,,伊武雅刀,['剧情'],121分钟,2006,日本, 日语,7.6
教皇诞生 Habemus Papam,,南尼·莫莱蒂,,南尼·莫莱蒂,,南尼·莫莱蒂,,米歇尔·皮科利,,玛格丽塔·布伊,['剧情'],102分钟,2011,意大利 / 法国, 意大利语 / 德语 / 英语 / 西班牙语 / 法语 / 拉丁语 / 波兰语,7.6
无畏之心 Kahaani,,苏乔伊·高什,,苏乔伊·高什,,薇迪亚·巴兰,,帕拉姆巴拉塔·查特吉,,纳瓦祖丁·席迪圭,"['剧情', '惊悚']",122分钟,2012,印度, 印地语 / 孟加拉语 / 英语,7.6
糖果 Candy,,尼尔·阿姆菲尔德,,尼尔·阿姆菲尔德,,希斯·莱杰,,杰弗里·拉什,,艾比·考尼什,"['剧情', '爱情']",Australia: 116 分钟,2006,澳大利亚, 英语,7.6
与魔鬼共骑 Ride with the Devil,,李安,,詹姆斯·夏慕斯,,托比·马奎尔,,斯基特·乌尔里奇,,珠儿,"['剧情', '爱情', '战争', '西部']",138分钟,1999,美国, 英语,7.6
燃烧的平原 The Burning Plain,,吉列尔莫·阿里亚加,,吉列尔莫·阿里亚加,,查理兹·塞隆,,金·贝辛格,,詹妮弗·劳伦斯,"['剧情', '爱情', '犯罪']",107 分钟,2008,美国 / 阿根廷, 英语 / 西班牙语,7.6
我心遗忘的节奏 De battre mon coeur s'est arrêté,,雅克·欧迪亚,,雅克·欧迪亚,,罗曼·杜里斯,,艾曼纽·德芙,,奥雷·阿蒂卡,"['剧情', '动作', '爱情', '惊悚', '音乐', '犯罪']",Germany: 107 分钟,2005,法国, 法语 / 英语 / 俄语 / 汉语普通话 / 越南话,7.6
美丽新世界,,施润玖,,刘奋斗,,陶虹,,姜武,,陈宁,"['剧情', '喜剧']",Germany: 97 分钟,1999,中国大陆 / 台湾, 粤语 / 汉语普通话,7.6
绿鱼 초록물고기,,李沧东,,李沧东,,韩石圭,,文成根,,沈惠珍,['剧情'],111分钟,1997,韩国, 韩语,7.6
琳达！琳达！琳达！ リンダ リンダ リンダ,,山下敦弘,,向井康介,,前田亚季,,裴斗娜,,香椎由宇,"['剧情', '喜剧', '音乐']",114分钟,2005,日本, 日语,7.6
大人物乔 Joe Somebody,,约翰·帕斯昆,,John Scott Shepherd,,蒂姆·艾伦,,朱丽·鲍温,,凯莉·林奇,"['剧情', '喜剧', '爱情']",98 分钟,2001,美国, 英语,7.6
我的哥哥 우리 형,,安权太,,安权太,,元斌,,申河均,,金海淑,"['剧情', '家庭']",112分钟(韩国),2004,韩国, 韩语,7.6
灵魂摆渡之风华绝代,,巨兴茂,,小吉祥天,,于毅,,岳丽娜,,何花,"['剧情', '悬疑', '惊悚', '恐怖']",105分钟,2016,中国大陆, 汉语普通话,7.6
共犯 The Conspirator,,罗伯特·雷德福,,James D. Solomon,,詹姆斯·麦卡沃伊,,罗宾·怀特,,汤姆·威尔金森,['剧情'],123分钟,2010,美国, 英语,7.6
北村方向 북촌방향,,洪尚秀,,洪尚秀,,刘俊相,,宋宣美,,高贤贞,['剧情'],79分钟,2011,韩国, 韩语,7.6
钟楼怪人 The Hunchback of Notre Dame,,加里·特洛斯达勒,,泰布·墨菲,,汤姆·休斯克,,黛米·摩尔,,托尼·杰,"['剧情', '爱情', '动画', '歌舞', '家庭']",91 分钟,1996,美国, 英语,7.6
私人生活 Private Life,,塔玛拉·詹金斯,,塔玛拉·詹金斯,,凯瑟琳·哈恩,,保罗·吉亚玛提,,约翰·卡洛·林奇,['剧情'],123分钟,2018,美国, 英语,7.6
中国益智游戏 Casse-tête Chinois,,塞德里克·克拉皮斯,,塞德里克·克拉皮斯,,罗曼·杜里斯,,奥黛丽·塔图,,塞西尔·德·弗朗斯,"['剧情', '喜剧', '爱情']",118分钟,2013,法国, 英语 / 法语 / 西班牙语 / 汉语普通话 / 意第绪语,7.6
暴龙 Tyrannosaur,,帕迪·康斯戴恩,,帕迪·康斯戴恩,,彼得·穆兰,,奥利维娅·科尔曼,,山缪尔·博顿利,['剧情'],91分钟,2011,英国, 英语,7.6
夏日的冲绳 チェケラッチョ!!,,宫本理江子,,秦建日子,,市原隼人,,井上真央,,柄本佑,"['剧情', '歌舞']",Japan: 117 分钟,2006,日本, 日语,7.6
洋芋片 ポテチ,,中村义洋,,伊坂幸太郎,,滨田岳,,木村文乃,,大森南朋,"['剧情', '喜剧']",68分钟,2012,日本, 日语,7.6
黄昏之恋 Love in the Afternoon,,比利·怀德,,比利·怀德,,加里·库珀,,奥黛丽·赫本,,莫里斯·切瓦力亚,"['剧情', '喜剧', '爱情']",130 分钟,1957,美国, 英语 / 法语,7.6
"迷失天堂 Hot boy Nổi Loạn- Và Câu Chuyện Về Thằng Cười, Cô Gái Điếm Và Con Vịt",,武玉登,,武玉登,,梁孟海,,胡永科,,凌山,"['剧情', '同性']",103分钟,2011,越南, 越南语,7.6
曾经安静的男人 He Was a Quiet Man,,Frank A. Cappello,,Frank A. Cappello,,克里斯蒂安·史莱特,,Jamison Jones,,威廉姆·H·梅西,"['剧情', '爱情', '惊悚']",95 分钟,2007,美国, 英语,7.6
2:37,,Murali K. Thalluri,,Murali K. Thalluri,,泰莉莎·帕尔墨,,Joel Mackenzie,,Frank Sweet,['剧情'],Japan: 99 分钟,2006,澳大利亚, 英语,7.6
假日 홀리데이,,梁允豪,,梁允豪,,崔民秀,,李成宰,,吕贤洙,"['剧情', '动作', '犯罪']",118分钟,2006,韩国, 韩语,7.6
黑暗弥漫 W ciemności,,阿格涅丝卡·霍兰,,大卫·F·沙蒙,,罗伯特·温茨凯维奇,,本诺·菲尔曼,,阿格涅兹卡·格罗乔斯卡,"['剧情', '战争']",138分钟,2011,波兰 / 德国 / 加拿大, 波兰语 / 乌克兰语 / 意第绪语 / 德语,7.6
维荣的妻子：樱桃与蒲公英 ヴィヨンの妻：桜桃とタンポポ,,根岸吉太郎,,田中阳造,,浅野忠信,,松隆子,,室井滋,['剧情'],114分钟,2009,日本, 日语,7.6
切·格瓦拉传：游击队 Che: Part Two,,史蒂文·索德伯格,,彼得·布奇曼,,本尼西奥·德尔·托罗,,卡洛斯·巴登,,德米安·比齐尔,"['剧情', '传记', '历史', '战争']",135分钟,2008,西班牙 / 法国 / 美国, 西班牙语 / 艾马拉语 / 盖丘亚族语 / 英语,7.6
纵情四海 The Man Who Cried,,莎莉·波特,,莎莉·波特,,克里斯蒂娜·里奇,,凯特·布兰切特,,约翰·特托罗,"['剧情', '爱情', '音乐', '战争']",100 分钟,2000,英国 / 法国, 英语 / 法语 / 意大利语 / 罗马尼亚语 / 俄语 / 吉普赛语,7.6
樱桃,,张加贝,,鲍十,,苗圃,,妥国权,,龙丽,['剧情'],102分钟,2008,中国大陆 / 日本, 云南方言,7.6
少林三十六房,,刘家良,,倪匡,,刘家辉,,罗烈,,刘家荣,"['剧情', '动作', '冒险', '武侠', '古装']",115 分钟,1978,香港, 汉语普通话 / 粤语,7.6
无畏上将高尔察克 Адмиралъ,,安德列·克拉夫丘克,,Vladimir Valutsky,,康斯坦丁·哈宾斯基,,丽扎· 波亚尔斯卡娅,,谢尔盖·别兹鲁科夫,"['剧情', '历史', '战争']",124 分钟,2008,俄罗斯, 俄语 / 法语,7.6
冰冻之河 Frozen River,,科特妮·亨特,,科特妮·亨特,,梅丽莎·里奥,,米丝蒂·阿哈姆,,查利·麦克德莫特,"['剧情', '犯罪']",97 分钟,2008,美国, 英语 / 法语,7.6
小猪教室 ブタがいた教室,,前田哲,,小林弘利,,妻夫木聪,,大杉涟,,田畑智子,"['剧情', '儿童']",109分钟,2008,日本, 日语,7.6
大决战之平津战役,,李俊,,李平分,,古月,,苏林,,马绍信,"['剧情', '历史', '战争']",218分钟,1992,中国大陆, 中文,7.6
爱到尽头 The End of the Affair,,尼尔·乔丹,,格雷厄姆·格林,,拉尔夫·费因斯,,斯蒂芬·瑞,,朱丽安·摩尔,"['剧情', '爱情']",102分钟,1999,英国 / 美国, 英语,7.6
火线追凶之黑枪疑云,,胡明凯,,吴峥,,钟汉良,,释小龙,,齐芳,"['剧情', '动作', '悬疑']",85分钟,2009,中国, 汉语普通话,7.6
巧克力情人 Como agua para chocolate,,阿方索·阿雷奥,,Laura Esquivel,,马克·莱昂纳蒂,,卢米·卡范佐斯,,Regina Torné,"['剧情', '爱情']",105 分钟,1992,墨西哥, 西班牙语 / 英语,7.6
给鲍比·朗的情歌 A Love Song for Bobby Long,,珊妮·盖博,,Ronald Everett Capps,,约翰·特拉沃尔塔,,斯嘉丽·约翰逊,,盖布瑞·马赫特,['剧情'],119 分钟,2004,美国, 英语,7.6
抱紧他 Holding the Man,,尼尔·阿姆菲尔德,,汤米·墨菲,,瑞安·柯尔,,克雷格·斯托特,,盖·皮尔斯,"['剧情', '爱情', '同性', '传记']",127分钟,2015,澳大利亚, 英语,7.6
埃贡·席勒：死神和少女 Egon Schiele: Tod und Mädchen,,迪特尔·贝尔讷,,迪特尔·贝尔讷,,诺亚·萨维德拉,,马蕾茜·里格纳,,瓦莱丽·帕赫纳,"['剧情', '传记', '历史']",110分钟,2016,奥地利 / 卢森堡, 德语,7.6
耶路撒冷 Jerusalema,,拉尔夫·齐曼,,拉尔夫·齐曼,,Daniel Buckland,,罗伯特·霍布斯,,Motlatsi Mahloko,"['剧情', '动作', '犯罪']",119分钟,2008,南非, 英语 / 南非荷兰语,7.6
是爱非友 Esteros,,Papu Curotto,,Andi Nachon,,Ignacio Rogers,,Esteban Masturini,,Joaquín Parada,"['剧情', '爱情', '同性']",83分钟,2016,阿根廷 / 巴西 / 法国, 西班牙语 / 葡萄牙语,7.6
少女洛荷 Lore,,凯特·休特兰,,凯特·休特兰,,莎斯琪亚·罗森道尔,,内勒·特雷布斯,,安德烈· 弗雷德,"['剧情', '惊悚', '战争']",109分钟,2012,德国 / 澳大利亚 / 英国, 英语 / 德语,7.6
火线追凶之突然死亡,,胡明凯,,吴峥,,钟汉良,,释小龙,,齐芳,"['剧情', '动作']",93分钟,2009,中国大陆, 普通话/国语,7.6
火线追凶之惊魂宴,,胡明凯,,吴峥,,钟汉良,,释小龙,,齐芳,"['剧情', '喜剧']",95分钟,2009,中国大陆, 普通话/国语,7.6
堕落街 Christiane F. - Wir Kinder vom Bahnhof Zoo,,乌利·埃德尔,,乌利·埃德尔,,娜娅·布鲁克霍斯特,,Eberhard Auriga,,大卫·鲍伊,"['剧情', '传记']",138 分钟,1981,西德, 德语,7.6
和其他人一样 Comme les autres,,Vincent Garenq,,Vincent Garenq,,朗贝尔·维尔森,,帕斯卡·埃尔贝,,皮拉尔·洛佩斯·德·阿亚拉,"['剧情', '喜剧', '爱情', '同性', '家庭']",90 分钟,2008,法国, 法语,7.6
我们的家族 ぼくたちの家族,,石井裕也,,石井裕也,,原田美枝子,,妻夫木聪,,池松壮亮,['剧情'],117分钟,2014,日本, 日语,7.6
换季期 환절기,,李东恩,,李东恩,,裴宗玉,,李源根,,池允浩,"['剧情', '同性', '家庭']",115分钟,2016,韩国, 韩语,7.6
武士的家用账 武士の家計簿,,森田芳光,,磯田道史,,堺雅人,,仲间由纪恵,,类型:,['剧情'],129分钟,2010,日本, 日语,7.6
美丽上海,,彭小莲,,彭小莲,,王祖贤,,郑振瑶,,冯远征,"['剧情', '家庭']",109分钟,2004,中国大陆, 中文,7.6
无论罗拉要什么 Whatever Lola Wants,,那比尔·艾奥殊,,那比尔·艾奥殊,,艾哈迈德·阿卡比,,Milia Ayache,,Assaad Bouab,['剧情'],USA: 115 分钟,2007,加拿大 / 法国, 英语 / 阿拉伯语,7.6
最后的诗句 最後的詩句,,曾英庭,,曾英庭,,傅孟柏,,温贞菱,,黄迪扬,"['剧情', '爱情']",101分钟,2017,台湾, 汉语普通话 / 闽南语,7.6
关键判决 Confirmation,,瑞克·法穆易瓦,,苏珊娜·格兰特,,凯丽·华盛顿,,维德尔·皮尔斯,,格雷戈·金尼尔,"['剧情', '历史']",110分钟,2016,美国, 英语,7.6
生为蓝调 Born to Be Blue,,罗伯特·布德里奥,,罗伯特·布德里奥,,伊桑·霍克,,卡门·艾乔戈,,考乐姆·吉斯·雷尼,"['剧情', '音乐', '传记']",97分钟,2015,加拿大 / 英国, 英语,7.6
体热 Body Heat,,劳伦斯·卡斯丹,,劳伦斯·卡斯丹,,威廉·赫特,,凯瑟琳·特纳,,理查德·克里纳,"['剧情', '惊悚', '犯罪']",113 分钟,1981,美国, 英语,7.6
头号公敌续集 L'ennemi public n°1,,让-弗朗索瓦·雷切,,Abdel Raouf Dafri,,文森特·卡索,,露德温·塞尼耶,,马修·阿马立克,"['剧情', '动作', '惊悚', '传记', '犯罪']",133 分钟,2008,法国 / 加拿大, 法语 / 英语,7.6
渔光曲,,蔡楚生,,蔡楚生,,王人美,,韩兰根,,袁丛美,['剧情'],56分钟,1934,中国大陆, 汉语普通话,7.6
夏夏夏 하하하,,洪尚秀,,洪尚秀,,金相庆,,文素丽,,刘俊相,"['剧情', '喜剧', '爱情']",115分钟,2010,韩国, 韩语,7.6
甜心大话王 The Importance of Being Earnest,,奥利弗·帕克,,奥利弗·帕克,,鲁伯特·艾弗雷特,,科林·费尔斯,,弗兰西丝·奥康纳,"['剧情', '喜剧', '爱情']",97分钟,2002,英国 / 美国, 英语,7.6
芳名卡门 Prénom Carmen,,让-吕克·戈达尔,,安娜-玛丽·米埃维尔,,玛鲁施卡·迪特马斯,,贾克·鲍那非,,米里昂·鲁塞尔,"['剧情', '喜剧', '爱情', '音乐', '犯罪']",85 分钟,1983,法国, 法语,7.6
当我们17岁 Quand on a 17 ans,,安德烈·泰希内,,瑟琳·席安玛,,桑德琳娜·基贝兰,,卡西·莫泰·克莱恩,,柯朗坦·菲拉,"['剧情', '爱情', '同性']",116分钟,2016,法国, 法语 / 西班牙语,7.6
我是植物人,,王竞,,谢晓东,,李乃文,,冯波,,类型:,['剧情'],98分钟,2010,中国大陆, 汉语普通话,7.6
山中的汤姆先生 山のトムさん,,上田音,,石井桃子,,小林聪美,,市川实日子,,光石研,['剧情'],117分钟,2015,日本, 日语,7.6
他们最好的 Their Finest,,罗勒·莎菲,,盖比·奇亚普,,杰玛·阿特登,,山姆·克拉弗林,,比尔·奈伊,"['剧情', '喜剧', '爱情', '战争']",117分钟,2016,英国 / 瑞典, 英语 / 匈牙利语,7.6
青涩恋爱 와니와 준하,,金容钧,,金容钧,,曹承佑,,金喜善,,朱镇模,"['剧情', '爱情']",114分钟,2001,韩国, 韩语,7.6
消失在远空中 遠くの空に消えた,,行定勋,,行定勋,,神木隆之介,,大后寿寿花,,笹野友间,['剧情'],144分钟,2007,日本, 日语,7.6
玉熙的电影 옥희의 영화,,洪尚秀,,洪尚秀,,李善均,,郑有美,,文成根,"['剧情', '爱情']",80分钟,2010,韩国, 韩语,7.6
疯女胡安娜 Juana la Loca,,文森特·阿兰达,,Antonio Larreta,,皮拉尔·洛佩斯·德·阿亚拉,,达尼埃莱·利奥蒂,,罗塞娜·派斯特,"['剧情', '爱情', '传记', '历史']",115 分钟,2001,西班牙 / 意大利 / 葡萄牙, 西班牙语,7.6
三百斯巴达勇士 The 300 Spartans,,Rudolph Maté,,吉安·保罗·卡莱加里,,Richard Egan,,Ralph Richardson,,Diane Baker,"['剧情', '历史', '战争', '冒险']",114 分钟,1962,美国, 英语,7.6
去见小洋葱的母亲 ペコロスの母に会いに行く,,森崎东,,阿久根知昭,,岩松了,,赤木春惠,,原田贵和子,"['剧情', '喜剧', '家庭']",113分钟,2013,日本, 日语,7.6
使者 ツナグ,,平川雄一朗,,辻村深月,,松坂桃李,,树木希林,,佐藤隆太,['剧情'],129分钟,2012,日本, 日语,7.6
非洲女王号 The African Queen,,约翰·休斯顿,,詹姆斯·艾吉,,亨弗莱·鲍嘉,,凯瑟琳·赫本,,罗伯特·莫利,"['剧情', '爱情', '战争', '冒险']",105 分钟,1951,英国 / 美国, 英语 / 德语 / 斯华西里语,7.6
楚留香,,楚原,,倪匡,,狄龙,,岳华,,苗可秀,"['剧情', '动作', '武侠', '古装']",94分钟,1977,香港, 汉语普通话,7.6
千年敬祈 A Thousand Years of Good Prayers,,王颖,,李翊云,,区亨利,,俞飞鸿,,帕沙·D.林奇尼科夫,"['剧情', '家庭']",Germany: 83 分钟,2007,美国, 汉语普通话 / 波斯语 / 英语,7.6
末路爱神 Venus,,罗杰·米歇尔,,汉尼夫·库雷什,,彼得·奥图尔,,莱斯利·菲利普斯,,Beatrice Savoretti,"['剧情', '喜剧', '爱情']",95 分钟,2006,英国, 英语,7.6
太空堡垒卡拉狄加：利刃 Battlestar Galactica  Razor,,菲利克斯·因瑞奎兹·阿卡拉,,罗纳德·D·摩尔,,翠西亚·希弗,,爱德华·詹姆斯·奥莫斯,,玛丽·麦克唐纳,"['剧情', '动作', '科幻', '惊悚']",88 分钟,2007,美国, 英语,7.6
橙子与阳光 Oranges and Sunshine,,吉姆·洛奇,,Rona Munro,,雨果·维文,,大卫·文翰,,艾米丽·沃森,['剧情'],100分钟,2010,英国 / 澳大利亚, 英语,7.6
泰特罗 Tetro,,弗朗西斯·福特·科波拉,,弗朗西斯·福特·科波拉,,文森特·加洛,,玛丽维尔·贝尔杜,,克劳斯·马利亚·布朗道尔,"['剧情', '悬疑']",127 分钟,2009,美国 / 意大利 / 西班牙 / 阿根廷, 英语 / 西班牙语,7.6
农民宇航员 The Astronaut Farmer,,麦克·鲍力施,,马克·鲍力施,,比利·鲍伯·松顿,,麦克斯·泰瑞奥,,维吉妮娅·马德森,"['剧情', '冒险']",104 分钟,2006,美国, 英语 / 西班牙语,7.6
我们梦中见 I'll See You in My Dreams,,布雷特·海利,,布雷特·海利,,布莱思·丹纳,,马丁·斯塔尔,,琼·斯奎布,"['剧情', '喜剧']",92分钟,2015,美国, 英语,7.6
绝代艳后 Marie-Antoinette,,Francis Leclerc,,让-克洛德·卡里埃,,Karine Vanasse,,Olivier Aubin,,类型:,"['剧情', '爱情']",90分钟,2006,法国 / 加拿大, 法语,7.6
情到深处 Say Anything...,,卡梅伦·克罗,,卡梅伦·克罗,,约翰·库萨克,,艾农·斯凯,,约翰·马奥尼,"['剧情', '喜剧', '爱情']",100 分钟,1989,美国, 英语,7.6
幼儿园教师 The Kindergarten Teacher,,萨拉·科朗吉洛,,萨拉·科朗吉洛,,玛吉·吉伦哈尔,,盖尔·加西亚·贝纳尔,,奥托·布兰克森-伍德,['剧情'],96分钟,2018,美国, 英语,7.6
性别为本 On the Basis of Sex,,米密·莱德,,丹尼尔·斯蒂普尔曼,,菲丽希缇·琼斯,,艾米·汉莫,,贾斯汀·塞洛克斯,"['剧情', '传记']",120分钟,2018,美国, 英语,7.6
宇宙只有我和你 เรื่องรัก น้อยนิด มหาศาล,,彭力·云旦拿域安,,彭力·云旦拿域安,,浅野忠信,,Sinitta Boonyassak,,Lalia Boonyassak,"['剧情', '喜剧', '爱情']",112 分钟,2003,泰国 / 日本, 泰语 / 日语 / 英语,7.6
巴山夜雨,,吴永刚,,叶楠,,李志舆,,张瑜,,林彬,['剧情'],78分钟,1980,中国大陆, 汉语普通话,7.6
八月狂想曲 八月の狂詩曲,,黑泽明,,黑泽明,,井川比佐志,,茅岛成美,,根岸季衣,['剧情'],98分钟,1991,日本, 日语,7.6
晚期四重奏 A Late Quartet,,雅荣·兹伯曼,,雅荣·兹伯曼,,凯瑟琳·基纳,,克里斯托弗·沃肯,,菲利普·塞默·霍夫曼,['剧情'],105分钟,2012,美国, 英语,7.6
自由意志 Der freie Wille,,马蒂亚斯·格拉斯纳,,Judith Angerbauer,,于尔根·福格尔,,莎宾·蒂莫提欧,,安德烈·赫尼克,"['剧情', '犯罪']",Germany: 163 分钟(Berlin International Film Festival),2006,德国, 德语 / 法语,7.6
委托人 The Client,,乔·舒马赫,,阿齐瓦·高斯曼,,布拉德·兰弗洛,,苏珊·萨兰登,,汤米·李·琼斯,"['剧情', '悬疑', '惊悚']",119 分钟,1994,美国, 英语,7.6
爱即所求 All You Need is Love - Meine Schwiegertochter ist ein Mann,,Edzard Onneken,,Kerstin Österlin,,Saskia Vester,,安德列斯·赫尔吉·施密德,,Manuel Witting,"['剧情', '喜剧', '爱情', '同性', '家庭']",92分钟,2009,德国, 德语,7.6
舞台姐妹,,谢晋,,王林谷,,谢芳,,曹银娣,,上官云珠,['剧情'],114分钟,1964,中国大陆, 汉语普通话,7.6
无限商社2016：危机的公司职员 2016무한상사위기의회사원,,张恒俊,,金恩熙,,刘在锡,,郑俊河,,河东勋,['剧情'],87分钟,2016,韩国, 韩语,7.6
绿草地,,宁浩,,宁浩,,达瓦,,毕力格,,戈利班,"['剧情', '喜剧']",100分钟,2005,中国大陆, Mongolian,7.6
我聘请了职业杀手 I Hired a Contract Killer,,阿基·考里斯马基,,阿基·考里斯马基,,让-皮埃尔·利奥德,,Margi Clarke,,肯尼斯·考利,"['剧情', '喜剧']",79 分钟,1990,芬兰 / 德国 / 瑞典 / 法国 / 英国, 英语 / 芬兰语,7.6
我们，动物 We the Animals,,杰里米·撒加,,达恩·基特罗瑟,,希拉·凡德,,劳尔·卡斯提洛,,伊万·罗萨多,"['剧情', '同性']",94分钟,2018,美国, 英语,7.6
10件或更少 10 Items or Less,,布拉德·塞伯宁,,布拉德·塞伯宁,,摩根·弗里曼,,帕斯·贝加,,乔纳·希尔,"['剧情', '喜剧', '爱情']",82 分钟,2006,美国, 英语 / 西班牙语,7.6
寻龙诀,,乌尔善,,张家鲁,,陈坤,,黄渤,,舒淇,"['剧情', '动作', '奇幻', '冒险']",125分钟(中国大陆),2015,中国大陆 / 香港, 汉语普通话 / 英语 / 蒙古语 / 日语,7.5
绣春刀,,路阳,,陈舒,,张震,,刘诗诗,,王千源,"['剧情', '动作', '武侠', '古装']",111分钟,2014,中国大陆, 汉语普通话 / 蒙古语,7.5
海角七号 海角七號,,魏德圣,,魏德圣,,范逸臣,,田中千绘,,中孝介,"['剧情', '喜剧', '爱情']",Taiwan: 129 分钟,2008,台湾, 汉语普通话 / 闽南语 / 日语 / 英语,7.5
窃听风云 竊聽風雲,,麦兆辉,,庄文强,,刘青云,,古天乐,,吴彦祖,"['剧情', '动作', '惊悚']",100分钟(香港),2009,香港 / 中国大陆 / 新加坡, 粤语 / 汉语普通话,7.5
窃听风云2,,麦兆辉,,麦兆辉,,古天乐,,刘青云,,吴彦祖,"['剧情', '动作', '悬疑', '犯罪']",117分钟(中国大陆),2011,香港 / 中国大陆, 粤语 / 汉语普通话,7.5
BJ单身日记 Bridget Jones's Diary,,莎伦·马奎尔,,理查德·柯蒂斯,,蕾妮·齐薇格,,科林·费尔斯,,休·格兰特,"['剧情', '喜剧', '爱情']",97 分钟,2001,英国 / 法国 / 美国 / 爱尔兰, 英语,7.5
2046,,王家卫,,王家卫,,梁朝伟,,章子怡,,王菲,"['剧情', '爱情', '奇幻']",129 分钟,2004,香港 / 中国大陆 / 法国 / 意大利 / 德国, 粤语 / 汉语普通话 / 日语,7.5
女朋友○男朋友,,杨雅喆,,杨雅喆,,桂纶镁,,张孝全,,凤小岳,"['剧情', '爱情', '同性']",106分钟,2012,台湾, 闽南语 / 汉语普通话,7.5
踏血寻梅 踏血尋梅,,翁子光,,翁子光,,郭富城,,春夏,,白只,"['剧情', '悬疑', '犯罪']",120分钟(导演版),2015,香港, 粤语 / 汉语普通话 / 湖南方言,7.5
一个陌生女人的来信,,徐静蕾,,斯蒂芬·茨威格,,徐静蕾,,姜文,,黄觉,"['剧情', '爱情']",89分钟,2004,中国大陆, 汉语普通话,7.5
一个都不能少,,张艺谋,,施祥生,,魏敏芝,,张慧科,,田正达,"['剧情', '喜剧']",106 分钟,1999,中国大陆, 晋语 / 汉语普通话,7.5
边境杀手 Sicario,,丹尼斯·维伦纽瓦,,泰勒·谢里丹,,艾米莉·布朗特,,本尼西奥·德尔·托罗,,乔什·布洛林,"['剧情', '惊悚', '犯罪']",121分钟,2015,美国, 英语 / 西班牙语,7.5
美少年之恋,,杨凡,,杨凡,,冯德伦,,吴彦祖,,舒淇,"['剧情', '爱情', '同性']",101分钟(加拿大),1998,香港, 粤语,7.5
魅影缝匠 Phantom Thread,,保罗·托马斯·安德森,,保罗·托马斯·安德森,,丹尼尔·戴-刘易斯,,薇姬·克里普斯,,莱丝利·曼维尔,"['剧情', '爱情']",130分钟,2017,美国 / 英国, 英语 / 法语,7.5
空军一号 Air Force One,,沃尔夫冈·彼德森,,安德鲁·W·马洛,,哈里森·福特,,加里·奥德曼,,格伦·克洛斯,"['剧情', '动作', '惊悚']",124分钟,1997,美国 / 德国, 英语 / 俄语,7.5
内在美 뷰티 인사이드,,白宗烈,,Seon-jeong Kim,,韩孝周,,金大明,,都枝寒,"['剧情', '爱情', '奇幻']",127分钟,2015,韩国, 韩语 / 日语 / 捷克语 / 英语 / 汉语普通话,7.5
生死停留 Stay,,马克·福斯特,,戴维·贝尼奥夫,,伊万·麦克格雷格,,瑞恩·高斯林,,娜奥米·沃茨,"['剧情', '悬疑', '惊悚']",99 分钟,2005,美国, 英语,7.5
城中大盗 The Town,,本·阿弗莱克,,彼得·克莱格,,本·阿弗莱克,,丽贝卡·豪尔,,乔恩·哈姆,"['剧情', '惊悚', '犯罪']",125分钟(剧场版),2010,美国, 英语,7.5
斯托克 Stoker,,朴赞郁,,温特沃斯·米勒,,米娅·华希科沃斯卡,,妮可·基德曼,,马修·古迪,"['剧情', '悬疑', '惊悚']",99分钟,2013,美国 / 英国, 英语,7.5
影子写手 The Ghost Writer,,罗曼·波兰斯基,,罗伯特·哈里斯,,伊万·麦克格雷格,,皮尔斯·布鲁斯南,,奥莉维亚·威廉姆斯,"['剧情', '悬疑', '惊悚']",128分钟,2010,法国 / 德国 / 英国, 英语,7.5
嗝嗝老师 Hichki,,西达夫·马贺拉,,奥库勒·查乌赫雷,,拉妮·玛克赫吉,,内拉吉·卡比,,萨钦,"['剧情', '喜剧']",120分钟,2018,印度, 印地语 / 英语,7.5
游园惊梦 遊園驚夢,,杨凡,,杨凡,,王祖贤,,宫泽理惠,,吴彦祖,"['剧情', '同性']",122分钟,2001,香港, 汉语普通话,7.5
白雪公主杀人事件 白ゆき姫殺人事件,,中村义洋,,林民夫,,井上真央,,绫野刚,,菜菜绪,"['剧情', '悬疑']",126分钟,2014,日本, 日语,7.5
97古惑仔战无不胜 97古惑仔戰無不勝,,刘伟强,,文隽,,郑伊健,,陈小春,,李嘉欣,"['剧情', '动作']",106 分钟,1997,香港, 粤语,7.5
纽约黑帮 Gangs of New York,,马丁·斯科塞斯,,杰伊·考克斯,,莱昂纳多·迪卡普里奥,,丹尼尔·戴-刘易斯,,卡梅隆·迪亚兹,"['剧情', '历史', '犯罪']",167 分钟,2002,美国 / 意大利, 英语 / 爱尔兰盖尔语 / 汉语普通话 / 拉丁语,7.5
银行大劫案 The Bank Job,,罗杰·唐纳森,,迪克·克莱蒙特,,杰森·斯坦森,,萨弗蓉·布罗斯,,斯蒂芬·坎贝尔·莫尔,"['剧情', '惊悚', '犯罪']",111 分钟,2008,英国, 英语,7.5
后裔 The Descendants,,亚历山大·佩恩,,亚历山大·佩恩,,乔治·克鲁尼,,谢琳·伍德蕾,,阿玛拉·米勒,"['剧情', '喜剧', '家庭']",115分钟,2011,美国, 英语,7.5
盲证 블라인드,,安相勋,,崔民硕,,金荷娜,,俞承豪,,曹熙奉,"['剧情', '悬疑', '犯罪']",111分钟,2011,韩国, 韩语,7.5
嫌疑人X的献身 용의자X,,方银振,,金兑玧,,李枖原,,柳昇范,,赵震雄,"['剧情', '爱情', '悬疑', '犯罪']",110分钟,2012,韩国, 韩语,7.5
天才捕手 Genius,,迈克尔·格兰达吉,,约翰·洛根,,科林·费尔斯,,裘德·洛,,妮可·基德曼,"['剧情', '传记']",104分钟,2016,英国 / 美国, 英语,7.5
龙纹身的女孩 Män som hatar kvinnor,,涅尔斯·阿登·欧普勒夫,,尼科莱·阿尔赛,,迈克尔·恩奎斯特,,劳米·拉佩斯,,莱娜·恩卓,"['剧情', '悬疑', '惊悚', '犯罪']",152分钟,2009,瑞典 / 丹麦 / 德国 / 挪威, 瑞典语 / 英语,7.5
大丈夫,,彭浩翔,,彭浩翔,,曾志伟,,陈小春,,杜汶泽,"['剧情', '喜剧']",98 分钟,2003,香港, 粤语 / 普通话,7.5
灾难艺术家 The Disaster Artist,,詹姆斯·弗兰科,,斯科特·纽斯塔德,,詹姆斯·弗兰科,,戴夫·弗兰科,,塞斯·罗根,"['剧情', '喜剧', '传记']",103分钟,2017,美国, 英语,7.5
溺水小刀 溺れるナイフ,,山户结希,,山户结希,,小松菜奈,,菅田将晖,,重冈大毅,"['剧情', '爱情']",111分钟,2016,日本, 日语,7.5
鬼魅浮生 A Ghost Story,,大卫·洛维,,大卫·洛维,,卡西·阿弗莱克,,鲁妮·玛拉,,肯妮莎·汤普森,"['剧情', '爱情', '奇幻']",92分钟,2017,美国, 英语,7.5
吐司 Toast,,S·J·克拉克森,,李·哈尔,,海伦娜·伯翰·卡特,,弗莱迪·海默,,马修·麦克诺提,"['剧情', '喜剧', '同性', '家庭']",96分钟,2010,英国, 英语,7.5
孩子们都很好 The Kids Are All Right,,丽莎·查罗登科,,斯图尔特·布拉姆博格,,朱丽安·摩尔,,安妮特·贝宁,,马克·鲁弗洛,"['剧情', '喜剧', '同性', '家庭']",106分钟,2010,美国, 英语,7.5
摩天楼 타워,,金志勋,,金相敦,,金相庆,,薛耿求,,孙艺珍,"['剧情', '动作', '灾难']",121分钟,2012,韩国, 韩语,7.5
撕裂的末日 Equilibrium,,科特·维莫,,科特·维莫,,克里斯蒂安·贝尔,,多米尼克·珀塞尔,,肖恩·宾,"['剧情', '动作', '科幻', '惊悚']",107分钟,2002,美国, 英语,7.5
唯爱永生 Only Lovers Left Alive,,吉姆·贾木许,,吉姆·贾木许,,蒂尔达·斯文顿,,汤姆·希德勒斯顿,,安东·叶利钦,"['剧情', '爱情', '奇幻']",122分钟,2013,德国 / 美国 / 英国 / 法国 / 塞浦路斯, 英语,7.5
天水围的夜与雾 天水圍的夜與霧,,许鞍华,,张经纬,,任达华,,张静初,,罗慧娟,['剧情'],Hong Kong: 122 分钟,2009,香港, 粤语 / 汉语普通话,7.5
刮痧,,郑晓龙,,马克·拜尔斯,,梁家辉,,蒋雯丽,,朱旭,"['剧情', '家庭']",100分钟,2001,中国大陆, 英语 / 汉语普通话,7.5
红樱桃,,叶大鹰,,叶大鹰,,郭柯宇,,徐啸力,,伊格尔·列达哥洛夫,"['剧情', '战争']",120分钟,1995,中国大陆, 俄语 / 德语 / 汉语普通话,7.5
此间的少年,,胤祥,,胤祥,,黄河清,,孙欣,,苏哲,"['剧情', '喜剧']",168分钟(导演剪辑版),2010,中国大陆, 汉语普通话,7.5
时间 시간,,金基德,,金基德,,成贤娥,,河正宇,,朴志妍,"['剧情', '爱情']",97 分钟,2006,韩国 / 日本, 韩语,7.5
不忠 Unfaithful,,阿德里安·莱恩,,阿尔文·萨金特,,戴安·琳恩,,理查·基尔,,奥利维埃·马丁内斯,"['剧情', '惊悚', '情色', '家庭']",124 分钟,2002,美国 / 德国 / 法国, 英语 / 法语,7.5
爱神 Eros,,王家卫,,王家卫,,巩俐,,张震,,克里斯托弗·巴克霍尔兹,"['剧情', '爱情', '情色']",104分钟,2004,意大利 / 香港 / 美国 / 法国 / 卢森堡 / 英国, 汉语普通话 / 意大利语 / 英语,7.5
名扬四海 Fame,,Kevin Tancharoen,,埃利森·博耐特,,凯·帕娜贝克,,沃特尔·派瑞兹,,娜图里·劳顿,"['剧情', '喜剧', '爱情', '歌舞', '家庭']",107分钟,2009,美国, 英语,7.5
老千 타짜,,崔东勋,,崔东勋,,曹承佑,,金惠秀,,白润植,"['剧情', '犯罪']",139 分钟,2006,韩国, 韩语,7.5
杀人者的记忆法 살인자의 기억법,,元新渊,,黄肇允,,薛耿求,,金南佶,,金雪炫,"['剧情', '悬疑', '惊悚', '犯罪']",118分钟,2017,韩国, 韩语,7.5
前路漫漫 ハルフウェイ,,北川悦吏子,,北川悦吏子,,北乃绮,,冈田将生,,沟端淳平,"['剧情', '爱情']",Japan: 85 分钟,2009,日本, 日语,7.5
鬼宿舍 เด็กหอ,,Songyos Sugmakanan,,查理·瑞纳,,查理·瑞纳,,Chintara Sukapatana,,Sirachuch Chienthaworn,"['剧情', '恐怖']",Hong Kong: 110 分钟,2006,泰国, 泰语,7.5
四角关系 Imagine Me & You,,欧·帕克,,欧·帕克,,派珀·佩拉博,,琳娜·海蒂,,马修·古迪,"['剧情', '喜剧', '爱情', '同性']",90分钟,2005,德国 / 英国, 英语,7.5
那家伙的声音 그놈 목소리,,朴镇彪,,朴镇彪,,薛耿求,,姜栋元,,金南珠,"['剧情', '惊悚']",122分钟,2007,韩国, 韩语,7.5
闪闪的红星,,李俊,,王愿坚,,祝新运,,刘江,,刘继忠,"['剧情', '儿童', '战争']",100分钟,1974,中国大陆, 汉语普通话,7.5
奎迪 Creed,,瑞恩·库格勒,,瑞恩·库格勒,,迈克尔·B·乔丹,,西尔维斯特·史泰龙,,泰莎·汤普森,"['剧情', '运动']",133分钟,2015,美国, 英语,7.5
亚历山大大帝 Alexander,,奥利佛·斯通,,奥利佛·斯通,,科林·法瑞尔,,安吉丽娜·朱莉,,方·基默,"['剧情', '传记', '历史', '冒险']",175分钟,2004,美国 / 德国 / 荷兰 / 法国 / 英国 / 意大利, 英语,7.5
柔道龙虎榜,,杜琪峰,,欧健儿,,古天乐,,郭富城,,应采儿,"['剧情', '动作']",95 分钟,2004,香港, 粤语 / 普通话,7.5
国家破产之日 국가부도의 날,,崔国熙,,严成民,,金惠秀,,刘亚仁,,许峻豪,['剧情'],114分钟,2018,韩国, 韩语,7.5
风月,,陈凯歌,,舒琪,,张国荣,,巩俐,,林健寰,"['剧情', '爱情']",130分钟,1996,香港 / 中国大陆, 普通话,7.5
初恋的回忆 A Walk to Remember,,亚当·山克曼,,Karen Janszen,,曼迪·摩尔,,夏恩·韦斯特,,彼德·考约特,"['剧情', '爱情']",101 分钟,2002,美国, 英语,7.5
神枪手之死 The Assassination of Jesse James by the Coward Robert Ford,,安德鲁·多米尼克,,安德鲁·多米尼克,,布拉德·皮特,,卡西·阿弗莱克,,玛丽·露易斯·帕克,"['剧情', '传记', '历史', '犯罪', '西部']",160分钟,2007,美国 / 加拿大, 英语 / 丹麦语,7.5
瑞普·凡·温克尔的新娘 リップヴァンウィンクルの花嫁,,岩井俊二,,岩井俊二,,黑木华,,绫野刚,,Cocco,['剧情'],179分钟,2016,日本, 日语,7.5
二子开店,,王秉林 ,,王秉林 ,,陈强,,陈佩斯,,黄玲,"['剧情', '喜剧']",100分钟,1987,中国大陆, 汉语普通话,7.5
处女之死 The Virgin Suicides,,索菲亚·科波拉,,索菲亚·科波拉,,克斯汀·邓斯特,,凯瑟琳·特纳,,乔什·哈奈特,"['剧情', '爱情', '悬疑']",97 分钟,1999,美国, 英语,7.5
假面 가면,,梁允豪,,梁允豪,,金康宇,,金圭丽,,李水京,"['剧情', '悬疑', '惊悚', '同性', '犯罪']",99分钟,2007,韩国, 韩语,7.5
"两天一夜 Deux jours, une nuit",,让-皮埃尔·达内,,让-皮埃尔·达内,,玛丽昂·歌迪亚,,法布里齐奥·隆吉奥内,,奥利维埃·古尔梅,['剧情'],95分钟,2014,比利时 / 意大利 / 法国, 法语 / 阿拉伯语 / 英语,7.5
东方的承诺 Eastern Promises,,大卫·柯南伯格,,斯蒂文·奈特,,维果·莫腾森,,娜奥米·沃茨,,文森特·卡索,"['剧情', '悬疑', '惊悚', '犯罪']",100 分钟,2007,英国 / 加拿大 / 美国, 英语 / 俄语 / 土耳其语 / 乌克兰语 / 乌尔都语,7.5
驱魔 The Exorcism of Emily Rose,,斯科特·德瑞克森,,保罗·哈里斯·博德曼,,劳拉·琳妮,,汤姆·威尔金森,,詹妮弗·卡朋特,"['剧情', '惊悚', '恐怖', '犯罪']",119 分钟,2005,美国, 英语 / Assyrian Neo-Aramaic / 德语 / 希腊语 / 希伯来语 / 拉丁语 / 阿拉姆语,7.5
谜情公寓 Wicker Park,,保罗·麦奎根,,布兰登·博伊斯,,乔什·哈奈特,,黛安·克鲁格,,萝丝·拜恩,"['剧情', '爱情', '悬疑', '惊悚']",114分钟,2004,美国, 英语,7.5
情迷六月花 Henry & June,,菲利普·考夫曼,,菲利普·考夫曼,,弗莱德·沃德,,乌玛·瑟曼,,玛丽亚·德·梅黛洛,"['剧情', '情色', '传记']",136分钟,1990,美国, 英语,7.5
电影就是电影 영화는 영화다,,张勋,,金基德,,苏志燮,,姜至奂,,高昌锡,"['剧情', '动作']",113 分钟,2008,韩国, 韩语,7.5
乐与路 ソラニン,,三木孝浩,,浅野一二O,,宫崎葵,,高良健吾,,桐谷健太,['剧情'],126 分钟,2010,日本, 日语,7.5
再见，总有一天 サヨナライツカ,,李宰汉,,辻仁成,,中山美穗,,西岛秀俊,,石田百合子,"['剧情', '爱情']",170分钟(日本),2010,日本 / 韩国 / 泰国, 日语,7.5
米花之味,,鹏飞,,鹏飞,,英泽,,叶不勒,,叶门,['剧情'],95分钟,2017,中国大陆, 汉语普通话 / 云南话 / 傣语,7.5
鹅毛笔 Quills,,菲利普·考夫曼,,道格·赖特,,杰弗里·拉什,,凯特·温丝莱特,,杰昆·菲尼克斯,"['剧情', '爱情', '传记', '历史']",124 分钟,2000,美国 / 德国 / 英国, 英语,7.5
这时对那时错 지금은맞고그때는틀리다,,洪尚秀,,洪尚秀,,郑在咏,,金敏喜,,尹汝贞,['剧情'],121分钟,2015,韩国, 韩语,7.5
幸福的面包 しあわせのパン,,三岛有纪子,,三岛有纪子,,大泉洋,,原田知世,,森宽和,['剧情'],114分钟,2012,日本, 日语,7.5
不羁夜 Boogie Nights,,保罗·托马斯·安德森,,保罗·托马斯·安德森,,马克·沃尔伯格,,伯特·雷诺兹,,朱丽安·摩尔,"['剧情', '情色']",155分钟,1997,美国, 英语,7.5
清洁 Clean,,奥利维耶·阿萨亚斯,,奥利维耶·阿萨亚斯,,张曼玉,,尼克·诺特,,碧翠斯·黛尔,"['剧情', '音乐']",111分钟,2004,法国 / 英国 / 加拿大, 法语 / 英语 / 粤语,7.5
草叶 Leaves of Grass,,蒂姆·布雷克·尼尔森,,蒂姆·布雷克·尼尔森,,爱德华·诺顿,,苏珊·萨兰登,,梅兰妮·林斯基,"['剧情', '喜剧', '惊悚', '犯罪']",105 分钟,2009,美国, 英语,7.5
新女友 Une nouvelle amie,,弗朗索瓦·欧容,,弗朗索瓦·欧容,,罗曼·杜里斯,,阿娜伊斯·德穆斯蒂埃,,拉斐尔·佩尔索纳,"['剧情', '悬疑', '同性']",107分钟,2014,法国, 法语,7.5
足迹 Sleuth,,肯尼思·布拉纳,,哈罗德·品特,,迈克尔·凯恩,,裘德·洛,,哈罗德·品特,"['剧情', '悬疑', '惊悚']",USA: 86 分钟,2007,美国, 英语,7.5
夜空总有最大密度的蓝色 夜空はいつでも最高密度の青色だ,,石井裕也,,石井裕也,,石桥静河,,池松壮亮,,松田龙平,"['剧情', '爱情']",108分钟,2017,日本, 日语,7.5
完美无瑕 Flawless,,迈克尔·莱德福,,Edward Anderson,,迈克尔·凯恩,,黛米·摩尔,,朗贝尔·维尔森,"['剧情', '惊悚', '犯罪']",108 分钟,2007,英国 / 卢森堡, 英语,7.5
东京塔 東京タワー,,源孝志,,源孝志,,黑木瞳,,冈田准一,,松本润,"['剧情', '爱情']",125分钟,2005,日本, 法语 / 日语,7.5
秦颂,,周晓文,,芦苇,,姜文,,葛优,,许晴,"['剧情', '历史', '古装']",130分钟,1996,中国大陆 / 香港, 汉语普通话,7.5
最后一站 The Last Station,,迈克尔·霍夫曼,,迈克尔·霍夫曼,,詹姆斯·麦卡沃伊,,海伦·米伦,,克里斯托弗·普卢默,"['剧情', '爱情', '传记']",112分钟,2009,德国 / 俄罗斯 / 英国, 英语,7.5
被拒人生 Freeheld,,彼得·苏列特,,罗恩·内斯万尼尔,,朱丽安·摩尔,,艾伦·佩吉,,迈克尔·珊农,"['剧情', '同性', '传记']",103分钟,2015,美国, 英语,7.5
漂浪青春,,周美玲,,周美玲,,赵逸岚,,房思瑜,,白芝颖,"['剧情', '同性']",96分钟,2008,台湾, 汉语普通话 / 台语,7.5
地狱为何恶劣 地獄でなぜ悪い,,园子温,,园子温,,国村隼,,二阶堂富美,,堤真一,"['剧情', '喜剧']",129分钟,2013,日本, 日语,7.5
优雅的谎言 우아한 거짓말,,李翰,,金丽玲,,金喜爱,,高雅星,,金香起,"['剧情', '悬疑']",117分钟,2014,韩国, 韩语,7.5
你妈妈也一样 Y tu mamá también,,阿方索·卡隆,,阿方索·卡隆,,盖尔·加西亚·贝纳尔,,迭戈·卢纳,,玛丽维尔·贝尔杜,"['剧情', '情色']",106 分钟,2001,墨西哥, 西班牙语,7.5
奥斯汀书会 The Jane Austen Book Club,,罗宾·史威考德,,罗宾·史威考德,,艾米莉·布朗特,,休·丹西,,玛丽亚·贝罗,"['剧情', '爱情']",106 分钟,2007,美国, 英语,7.5
亲密治疗 The Sessions,,本·列文,,本·列文,,约翰·浩克斯,,海伦·亨特,,穆恩·布拉得古德,['剧情'],95分钟,2012,美国, 英语,7.5
我们曾是战士 We Were Soldiers,,兰道尔·华莱士,,兰道尔·华莱士,,梅尔·吉布森,,格雷戈·金尼尔,,玛德琳·斯托,"['剧情', '动作', '历史', '战争']",138 分钟,2002,美国 / 德国, 英语 / 法语 / 越南语,7.5
肉与灵 Teströl és lélekröl,,伊尔蒂科·茵叶蒂,,伊尔蒂科·茵叶蒂,,亚历山德拉·博尔贝伊,,格扎·莫桑伊,,佐尔坦·施奈德,"['剧情', '爱情']",116分钟,2017,匈牙利, 匈牙利语,7.5
如沐爱河 Like Someone in Love,,阿巴斯·基亚罗斯塔米,,阿巴斯·基亚罗斯塔米,,奥野匡,,高梨临,,加濑亮,['剧情'],109分钟,2012,法国 / 日本, 日语,7.5
双面情人 Sliding Doors,,彼得·休伊特,,彼得·休伊特,,格温妮斯·帕特洛,,约翰·汉纳,,约翰·林奇,"['剧情', '喜剧', '爱情']",99 分钟,1998,英国 / 美国, 英语,7.5
为什么猫都叫不来 猫なんかよんでもこない。,,山本透,,林民夫,,风间俊介,,鹤野刚士,,松冈茉优,['剧情'],103分钟,2016,日本, 日语,7.5
机器人与弗兰克 Robot and Frank,,杰克·施莱尔,,克里斯托弗·D·福特,,弗兰克·兰格拉,,彼得·萨斯加德,,苏珊·萨兰登,"['剧情', '喜剧', '科幻']",89分钟,2012,美国, 英语,7.5
镜子面具 MirrorMask,,Dave McKean,,尼尔·盖曼,,斯蒂芬妮·莱昂尼达斯 Stephanie Leonidas,,贾森·巴瑞 Jason Barry,,类型:,"['剧情', '家庭', '奇幻', '冒险']",101 分钟,2005,英国 / 美国, 英语,7.5
女狙击手 Битва за Севастополь,,谢尔盖·马克利斯基,,马克西姆·布达拉,,尤利娅·别列希尔德,,叶甫盖尼·齐加诺夫,,Joan Blackham,"['剧情', '爱情', '传记', '战争']",117分钟,2015,俄罗斯 / 乌克兰, 俄语,7.5
重见天日 Rescue Dawn,,沃纳·赫尔佐格,,沃纳·赫尔佐格,,克里斯蒂安·贝尔,,史蒂夫·茨恩,,杰瑞米·戴维斯,"['剧情', '动作', '传记', '战争', '冒险']",126 分钟,2006,美国, 英语,7.5
橘色 Tangerine,,肖恩·贝克,,肖恩·贝克,,吉塔娜·罗德里格斯,,米娅·泰勒,,卡伦·卡拉古利安,"['剧情', '喜剧', '同性']",88分钟,2015,美国, 英语,7.5
庐山恋,,黄祖模,,毕必成,,张瑜,,郭凯敏,,温锡莹,"['剧情', '爱情']",90分钟,1980,中国大陆, 汉语普通话,7.5
今天 오늘,,李廷香,,李廷香,,宋慧乔,,宋昌义,,奇太映,['剧情'],119分钟,2011,韩国, 韩语,7.5
咖啡时光 珈琲時光,,侯孝贤,,侯孝贤,,一青窈,,浅野忠信,,萩原圣人,['剧情'],103分钟,2003,日本 / 台湾, 日语 / 英语,7.5
只有你听见 きみにしか聞こえない,,荻岛达也,,荻岛达也,,成海璃子,,小出惠介,,片濑那奈,['剧情'],Japan: 107 分钟,2007,日本, 日语,7.5
巴黎 Paris,,塞德里克·克拉皮斯,,塞德里克·克拉皮斯,,朱丽叶·比诺什,,阿尔贝·杜邦泰尔,,罗曼·杜里斯,"['剧情', '喜剧', '爱情']",130 分钟,2008,法国, 法语,7.5
泳池情杀案 Swimming Pool,,弗朗索瓦·欧容,,Emmanuèle Bernheim,,夏洛特·兰普林,,露德温·塞尼耶,,查尔斯·丹斯,"['剧情', '悬疑', '惊悚', '犯罪']",102 分钟,2003,法国 / 英国, 英语 / 法语,7.5
死亡密码 π,,达伦·阿伦诺夫斯基,,达伦·阿伦诺夫斯基,,肖恩·格莱特,,马克·马戈利斯,,本·申克曼,"['剧情', '科幻', '惊悚']",84分钟,1998,美国, 英语 / 希伯来语,7.5
之后 그 후,,洪尚秀,,洪尚秀,,金敏喜,,权海虓,,赵允熙,"['剧情', '爱情']",92分钟,2017,韩国, 韩语,7.5
烈日当空 烈日當空,,麦曦茵,,麦曦茵,,林耀声,,梁晓丰,,王敏奕,['剧情'],100分钟,2008,香港, 粤语,7.5
谈谈情，跳跳舞 Shall We Dance,,彼德·切尔瑟姆,,奥黛丽·威尔斯,,理查·基尔,,詹妮弗·洛佩兹,,苏珊·萨兰登,"['剧情', '喜剧', '爱情']",106 分钟,2004,美国, 英语,7.5
柯莱特 Colette,,沃什·韦斯特摩兰,,理查德·格雷泽,,凯拉·奈特莉,,多米尼克·威斯特,,埃莉诺·汤姆林森,"['剧情', '传记', '历史']",111分钟,2018,英国 / 美国, 英语,7.5
汤姆的农场旅行 Tom à la Ferme,,泽维尔·多兰,,米歇尔·马克·布沙尔,,泽维尔·多兰,,皮埃尔 - 伊夫·卡迪纳尔,,利斯·罗伊,"['剧情', '惊悚']",95分钟(威尼斯电影节),2013,加拿大 / 法国, 法语,7.5
知无涯者 The Man Who Knew Infinity,,马特·布朗,,马特·布朗,,杰瑞米·艾恩斯,,戴夫·帕特尔,,斯蒂芬·弗雷,"['剧情', '传记']",108分钟,2015,英国, 英语 / 泰米尔语 / 梵语,7.5
垂帘听政,,李翰祥,,杨村彬,,刘晓庆,,梁家辉,,陈烨,"['剧情', '历史', '古装']",102分钟,1983,中国大陆 / 香港, 汉语普通话,7.5
杀掉那个爱尔兰人 Kill The Irishman,,乔纳森·汉斯雷,,乔纳森·汉斯雷,,雷·史蒂文森,,克里斯托弗·沃肯,,文森特·多诺费奥,"['剧情', '传记', '犯罪']",106分钟,2011,美国, 英语,7.5
锦绣前程 錦繡前程,,陈嘉上,,陈庆嘉,,张国荣,,梁家辉,,关之琳,['剧情'],104分钟,1994,香港, 粤语,7.5
切·格瓦拉传：阿根廷人 Che: Part One,,史蒂文·索德伯格,,彼得·布奇曼,,本尼西奥·德尔·托罗,,德米安·比齐尔,,桑地亚哥·卡布瑞拉,"['剧情', '传记', '历史', '战争']",134 分钟,2008,法国 / 西班牙 / 美国, 英语 / 西班牙语,7.5
战地情人 Captain Corelli's Mandolin,,约翰·马登,,肖恩·斯洛沃,,尼古拉斯·凯奇,,佩内洛普·克鲁兹,,约翰·赫特,"['剧情', '爱情', '音乐', '战争']",129分钟,2001,英国 / 法国 / 美国, 英语 / 希腊语 / 德语 / 意大利语,7.5
优雅的世界 우아한 세계,,韩在林,,韩在林,,宋康昊,,朴智英,,吴达洙,"['剧情', '动作']",109分钟,2007,韩国, 韩语,7.5
哈特的战争 Hart's War,,格里高利·霍布里特,,Billy Ray,,布鲁斯·威利斯,,科林·法瑞尔,,泰伦斯·霍华德,"['剧情', '战争']",125 分钟,2002,美国, 英语 / 德语,7.5
当尼采哭泣 When Nietzsche Wept,,Pinchas Perry,,Pinchas Perry,,贾米·埃曼,,阿曼德·阿山特,,Andreas Beckett,['剧情'],105 分钟,2007,美国, 英语,7.5
月色撩人 Moonstruck,,诺曼·杰威森,,约翰·帕特里克·尚利,,雪儿,,尼古拉斯·凯奇,,文森特·加迪尼亚,"['剧情', '喜剧', '爱情']",102 分钟,1987,美国, 英语 / 意大利语,7.5
情归新泽西 Garden State,,扎克·布拉夫,,扎克·布拉夫,,扎克·布拉夫,,娜塔莉·波特曼,,伊安·霍姆,"['剧情', '喜剧', '爱情']",102 分钟,2004,美国, 英语 / 星际语,7.5
洛奇4 Rocky IV,,西尔维斯特·史泰龙,,西尔维斯特·史泰龙,,西尔维斯特·史泰龙,,塔莉娅·夏尔,,波特·杨,"['剧情', '动作', '运动']",91 分钟,1985,美国, 英语 / 俄语,7.5
高潮艺术 High Art,,丽莎·查罗登科,,丽莎·查罗登科,,拉达·米切尔,,加布里埃尔·曼,,哈里斯·米切尔森,"['剧情', '爱情', '同性']",101 分钟,1998,加拿大 / 美国, 英语,7.5
无处的男孩 Nowhere Boy,,萨姆·泰勒·约翰逊,,马特·格林哈尔什,,克里斯汀·斯科特·托马斯,,亚伦·泰勒-约翰逊,,托马斯·布罗迪-桑斯特,"['剧情', '音乐', '传记']",98分钟,2009,英国 / 加拿大, 英语,7.5
花神咖啡馆 Café de flore,,让-马克·瓦雷,,让-马克·瓦雷,,凡妮莎·帕拉迪丝,,海灵弗洛伦特,,埃米尔瓦雷,['剧情'],120分钟,2011,加拿大 / 法国, 法语,7.5
保卫者 Defendor,,彼得·斯戴宾斯,,彼得·斯戴宾斯,,凯特·戴琳斯,,伍迪·哈里森,,吴珊卓,"['剧情', '喜剧', '犯罪']",101分钟,2009,加拿大 / 美国 / 英国, 英语 / 俄语,7.5
浪荡子 The Libertine,,Laurence Dunmore,,Stephen Jeffreys,,约翰尼·德普,,萨曼莎·莫顿,,约翰·马尔科维奇,"['剧情', '历史']",114 分钟,2004,英国 / 澳大利亚, 英语,7.5
挪威7·22爆炸枪击案 22 July,,保罗·格林格拉斯,,保罗·格林格拉斯,,安德斯·丹尼尔森·李,,乔纳斯·斯特兰德·格利,,乔恩·奥伊登,"['剧情', '历史', '犯罪']",143分钟,2018,挪威 / 冰岛 / 美国, 英语,7.5
贝拉的魔法 The Magic of Belle Isle,,罗伯·莱纳,,盖伊·托马斯,,摩根·弗里曼,,玛德琳·卡罗尔,,维吉妮娅·马德森,"['剧情', '喜剧']",109分钟,2012,美国, 英语,7.5
花神咖啡馆的情人们 Les amants du Flore,,伊兰·迪朗·科昂,,Chantal Derudder,,安娜·穆格拉利斯,,洛兰特·道驰,,卡罗利娜·西奥尔,"['剧情', '传记']",104分钟,2006,法国, 法语,7.5
辣手摧花 Shadow of a Doubt,,阿尔弗雷德·希区柯克,,桑顿·怀尔德,,特雷莎·怀特,,约瑟夫·科顿,,休姆·克罗宁,"['剧情', '悬疑', '犯罪']",108 分钟,1943,美国, 英语,7.5
天使的一份 The Angels' Share,,肯·洛奇,,保罗·拉弗蒂,,罗杰·阿拉姆,,约翰·亨肖,,威廉·鲁尼,"['剧情', '喜剧']",101分钟,2012,英国 / 法国 / 比利时 / 意大利, 英语,7.5
69 Sixty Nine,,李相日,,宫藤官九郎,,妻夫木聪,,安藤政信,,加濑亮,['剧情'],111分钟,2004,日本, 日语,7.5
裸体午餐 Naked Lunch,,大卫·柯南伯格,,大卫·柯南伯格,,彼得·威勒,,朱迪·戴维斯,,伊安·霍姆,"['剧情', '奇幻']",115 分钟,1991,加拿大 / 英国 / 日本, 英语,7.5
无声风铃 Soundless Wind Chime,,洪荣杰,,洪荣杰,,吕聿来,,本哈德·布林,,Marie Omlin,"['剧情', '同性']",Germany: 110 分钟(Berlin International Film Festival),2009,香港 / 瑞士 / 德国, 英语 / 粤语 / 汉语普通话 / 瑞士德语,7.5
里昂黑帮 Les Lyonnais,,奥利维埃·马夏尔,,奥利维埃·马夏尔,,切基·卡尤,,热拉尔·朗万,,奥利维尔·雷堡汀,"['剧情', '犯罪']",102分钟,2011,法国 / 比利时, 法语,7.5
霍华德庄园 Howards End,,詹姆斯·伊沃里,,鲁丝·普罗厄·贾布瓦拉,,安东尼·霍普金斯,,艾玛·汤普森,,瓦妮莎·雷德格瑞夫,"['剧情', '爱情']",140 分钟,1992,英国 / 日本, 英语 / 德语,7.5
惊涛大冒险 The Guardian,,安德鲁·戴维斯,,Ron L. Brinkerhoff,,凯文·科斯特纳,,阿什顿·库彻,,尼尔·麦克唐纳,"['剧情', '动作', '冒险', '灾难']",139 分钟,2006,美国, 英语,7.5
朝我心脏开枪 내 심장을 쏴라,,文在容,,文在容,,吕珍九,,李民基,,刘五性,['剧情'],102分钟,2015,韩国, 韩语,7.5
舞蹈皇后 댄싱퀸,,李石勋,,李石勋,,黄政民,,严正化,,郑成华,"['剧情', '喜剧', '家庭']",124分钟,2012,韩国, 韩语,7.5
待绽蔷薇 Starlet,,肖恩·贝克,,肖恩·贝克,,德丽·海明威,,贝塞德卡·约翰森,,布尼,"['剧情', '情色']",103分钟,2012,美国 / 英国, 英语,7.5
醉画仙 취화선,,林权泽,,林权泽,,崔岷植,,安圣基,,孙艺珍,"['剧情', '传记']",120分钟,2002,韩国, 韩语,7.5
冬春的日子,,王小帅,,王小帅,,刘小东,,喻红,,娄烨,"['剧情', '爱情']",80分钟,1993,中国大陆, 汉语普通话,7.5
内陆帝国 Inland Empire,,大卫·林奇,,大卫·林奇,,劳拉·邓恩,,杰瑞米·艾恩斯,,贾斯汀·塞洛克斯,"['剧情', '悬疑', '惊悚']",180 分钟,2006,法国 / 波兰 / 美国, 英语 / 波兰语,7.5
平原游击队,,苏里,,邢野,,郭振清,,张莹,,杜德夫,"['剧情', '战争']",90分钟,1955,中国大陆, 汉语普通话,7.5
玻璃城堡 The Glass Castle,,德斯汀·克里顿,,德斯汀·克里顿,,布丽·拉尔森,,伍迪·哈里森,,娜奥米·沃茨,"['剧情', '家庭', '传记']",127分钟,2017,美国, 英语,7.5
