拽妹黛薇儿要上大学了没 Daria: Is it College Yet?,,Karen Disher,,Glenn Eichler,,Geoffrey Arend ...  Charles 'Upchuck' Ruttheimer III (voice),,Tracy Grandstaff ...  Daria Morgendorffer (voice),,Rand Bridges ...  Professor Bill Woods (voice) (as H.R. Bridges),"['剧情', '喜剧', '动画']",90分钟,2002,USA, english,9.4
千与千寻 千と千尋の神隠し,,宫崎骏,,宫崎骏,,柊瑠美,,入野自由,,夏木真理,"['剧情', '动画', '奇幻']",125分钟,2001,日本, 日语,9.3
机器人总动员 WALL·E,,安德鲁·斯坦顿,,安德鲁·斯坦顿,,本·贝尔特,,艾丽莎·奈特,,杰夫·格尔林,"['爱情', '科幻', '动画', '冒险']",98分钟,2008,美国, 英语,9.3
大闹天宫,,万籁鸣,,李克弱,,邱岳峰,,富润生,,毕克,"['动画', '奇幻']",114分钟,1961,中国大陆, 汉语普通话,9.3
疯狂动物城 Zootopia,,拜伦·霍华德,,拜伦·霍华德,,金妮弗·古德温,,杰森·贝特曼,,伊德里斯·艾尔巴,"['喜剧', '动画', '冒险']",109分钟(中国大陆),2016,美国, 英语 / 挪威语,9.2
龙猫 となりのトトロ,,宫崎骏,,宫崎骏,,日高法子,,坂本千夏,,糸井重里,"['动画', '奇幻', '冒险']",86分钟,1988,日本, 日语,9.2
欢乐树的朋友们：赶尽杀绝 Happy Tree Friends: Overkill,,Alan Lau,,Aubrey Ankrum,,Aubrey Ankrum,,Dana Belben,,Jeff Biancalana,"['喜剧', '动画']",84分钟,2005,美国, 英语,9.2
攻壳机动队SAC：笑面男 攻殻機動隊 STAND ALONE COMPLEX The Laughing Man,,神山健治,,士郎正宗,,田中敦子,,大塚明夫,,山寺宏一,['动画'],160分钟,2005,日本, 日语,9.2
"欢乐树的朋友们：第二发球 Happy Tree Friends, Volume 2: Second Serving",,Rhode Montijo,,Mark Fiorenza,,Michael 'Lippy' Lipman,,Peter Herrmann,,Liz Stewart,"['喜剧', '动画']",60分钟,2003,美国, 英语,9.2
"欢乐树的朋友们：第三击 Happy Tree Friends, Volume 3: Third Strike",,Rhode Montijo,,Jeff Biancalana,,Michael 'Lippy' Lipman,,Peter Herrmann,,Liz Stewart,"['喜剧', '动画']",135分钟,2004,美国, 英语,9.2
狐妖小红娘剧场版：月红篇,,王昕,,杨天翔,,杨天翔,,刘校妤,,张杰,"['爱情', '动画', '奇幻']",227分钟,2016,中国大陆, 汉语普通话,9.2
天空之城 天空の城ラピュタ,,宫崎骏,,宫崎骏,,田中真弓,,横泽启子,,初井言荣,"['动画', '奇幻', '冒险']",125分钟,1986,日本, 日语,9.1
天书奇谭,,王树忱,,王树忱,,丁建华,,毕克,,尚华,"['动画', '奇幻']",89分钟,1983,中国大陆, 汉语普通话,9.1
攻壳机动队2：无罪 攻殻機動隊2 イノセンス,,押井守,,押井守,,田中敦子,,大塚明夫,,山寺宏一,"['剧情', '科幻', '动画']",100分钟,2004,日本, 日语 / 粤语,9.1
蜂蜜与四叶草 LF特别篇 ハチミツとクローバー L/F話,,カサヰケンイチ,,黑田洋介,,神谷浩史,,工藤晴香,,上田祐司,['动画'],22分钟,2005,日本, 日语,9.1
欢乐树的朋友们：滑雪巡逻救生队 Happy Tree Friends: Ski Patrol,,Jason Sadler,,Ellen Connell,,Ellen Connell,,Warren Graff,,Kenn Navarro,"['喜剧', '动画']",74分钟,2006,美国, 英语,9.1
怪医黑杰克 ブラック・ジャック,,出崎统,,出崎统,,大塚明夫,,水谷优子,,星野充昭,"['剧情', '动画', '惊悚']",93分钟,1996,日本 / 德国, 日语 / 德语,8.7
丁丁历险记之太阳神的囚徒 Tintin et le temple du soleil,,Raymond Leblanc,,Michel Regnier,,Philippe Ogouz,,Claude Bertrand,,Jacques Balutin,"['动画', '悬疑', '冒险']",77 分钟,1969,法国 / 比利时 / 瑞士, 法语,8.7
我的妹妹小桃子 もも子、かえるの歌がきこえるよ。,,四分一节子 Setsuko Shibuichi,,小出一巳,,間宮くるみ,,内山昂辉,,大石治人,"['动画', '儿童']",78分钟,2003,日本, 日语,8.7
"盗梦特攻队 Ruben Brandt, a gyüjtö",,米洛拉德·科斯蒂奇,,米洛拉德·科斯蒂奇,,伊万·卡马拉斯,,加布里瑞拉·哈默里,,佐兰·马克兰兹,"['动画', '犯罪']",94分钟,2018,匈牙利, 英语 / 匈牙利语,8.7
通烟囱工人与牧羊女 La bergère et le ramoneur,,保罗·格里莫尔,,安徒生,,皮埃尔·布拉瑟,,Anouk Aimée,,Serge Reggiani,"['喜剧', '动画', '奇幻']",63 分钟,1952,法国, 英语 / 法语,8.7
超能陆战队 Big Hero 6,,唐·霍尔,,乔丹·罗伯茨,,斯科特·安第斯,,瑞恩·波特,,丹尼尔·海尼,"['喜剧', '动作', '科幻', '动画', '冒险']",102分钟,2014,美国, 英语,8.6
"怪兽电力公司 Monsters, Inc.",,彼特·道格特,,安德鲁·斯坦顿,,约翰·古德曼,,比利·克里斯托,,玛丽·吉布斯,"['喜剧', '动画', '儿童', '奇幻', '冒险']",92 分钟,2001,美国, 英语,8.6
魔女宅急便 魔女の宅急便,,宫崎骏,,宫崎骏,,高山南,,佐久间玲,,户田惠子,"['动画', '奇幻', '冒险']",103分钟,1989,日本, 日语,8.6
穿越时空的少女 時をかける少女,,细田守,,奥寺佐渡子,,仲里依纱,,石田卓也,,板仓光隆,"['剧情', '爱情', '科幻', '动画']",98分钟,2006,日本, 日语,8.6
千年女优 千年女優,,今敏,,今敏,,小山茉美,,饭塚昭三,,折笠富美子,"['剧情', '爱情', '动画']",87 分钟,2001,日本, 日语,8.6
岁月的童话 おもひでぽろぽろ,,高畑勋,,高畑勋,,今井美树,,柳叶敏郎,,本名阳子,"['剧情', '爱情', '动画']",118 分钟,1991,日本, 德语 / 日语 / 匈牙利语,8.6
狼的孩子雨和雪 おおかみこどもの雨と雪,,细田守,,奥寺佐渡子,,宫崎葵,,大泽隆夫,,黑木华,"['剧情', '动画', '家庭', '奇幻']",117分钟,2012,日本, 日语,8.6
恶童 鉄コン筋クリート,,迈克尔·艾里亚斯,,Anthony Weintraub,,二宫和也,,苍井优,,伊势谷友介,"['动作', '动画', '犯罪', '冒险']",111 分钟,2006,日本, 日语,8.6
小马王 Spirit: Stallion of the Cimarron,,凯利·阿斯博瑞,,约翰·福斯克,,马特·达蒙,,詹姆斯·克伦威尔,,Daniel Studi,"['爱情', '动画', '西部', '冒险']",83 分钟,2002,美国, 英语,8.6
钢铁巨人 The Iron Giant,,布拉德·伯德,,蒂姆·麦肯莱斯,,艾力·马伦斯奥,,范·迪塞尔,,小哈里·康尼克,"['喜剧', '科幻', '动画', '冒险']",86分钟,1999,美国, 英语,8.6
王子与公主 Princes et princesses,,米歇尔·欧斯洛,,米歇尔·欧斯洛,,Arlette Mirapeu,,Philippe Cheytion,,Yves Barsacq,"['喜剧', '动画', '奇幻']",70 分钟,2000,法国, 法语,8.6
人狼,,冲浦启之,,押井守,,藤木义胜,,武藤寿美,,木下浩之,"['科幻', '动画']",102 分钟,1999,日本, 日语,8.6
反叛的童谣 Revolting Rhymes,,扬·拉豪尔,,扬·拉豪尔,,罗伯·布莱顿,,露丝·莱斯利,,嘉玛·陈,['动画'],57分钟,2016,英国, 英语,8.6
猫儿历险记 The Aristocats,,沃夫冈·雷瑟曼,,Larry Clemmons,,菲尔·哈里斯 ,,伊娃·嘉宝,,斯特灵·哈洛威,"['喜剧', '动画', '音乐', '冒险']",78分钟,1970,美国, 英语,8.3
最臭兵器,,冈村天斋,,大友克洋,,崛秀行,,羽佐间道夫,,大塚周夫,"['动作', '动画', '战争']",40分钟,1995,日本, 日语,8.3
幸存的生命（理论与实践） Prezít svuj zivot (teorie a praxe),,杨·史云梅耶,,杨·史云梅耶,,Václav Helsus,,Klára Issová,,Zuzana Kronerová,"['喜剧', '动画', '奇幻']",105 分钟,2010,捷克 / 斯洛伐克 / 日本, 捷克语,8.3
伊凡王子与百变公主 Ivan Tsarévitch et la Princesse Changeante,,米歇尔·欧斯洛,,米歇尔·欧斯洛,,朱利安·贝朗米斯,,马里内·格里泽,,伊夫·巴萨克,['动画'],53分钟,2016,法国, 法语,8.3
小猪大行动 Piglet's Big Movie,,Francis Glebas,,A·A·米尔恩,,约翰·菲德勒,,吉姆·库宁斯,,Andre Stojka,"['动画', '冒险']",75 分钟,2003,美国, 英语,8.3
足球小将 奔向明日！ キャプテン翼 明日に向って走れ!,,中田憲由,,菅良幸,,小粥よう子,,山田栄子,,鈴置洋孝,"['动画', '运动']",35分钟,1986,日本, 日语,8.3
僵尸新娘 Corpse Bride,,蒂姆·波顿,,蒂姆·波顿,,约翰尼·德普,,海伦娜·伯翰·卡特,,艾米丽·沃森,"['剧情', '动画', '奇幻']",77分钟,2005,美国 / 英国, 英语,8.2
冰川时代3 Ice Age: Dawn of the Dinosaurs,,卡洛斯·沙尔丹哈,,彼得·阿克曼,,雷·罗马诺,,约翰·雷吉扎莫,,丹尼斯·利瑞,"['喜剧', '动画', '冒险']",94 分钟,2009,美国, 英语,8.2
言叶之庭 言の葉の庭,,新海诚,,新海诚,,入野自由,,花泽香菜,,平野文,"['爱情', '动画']",46分钟(日本),2013,日本, 日语,8.2
魔发奇缘 Tangled,,内森·格雷诺,,雅各布·格林,,曼迪·摩尔,,扎克瑞·莱维,,唐纳·墨菲,"['喜剧', '动画', '冒险']",100分钟,2010,美国, 英语,8.2
玩具总动员2 Toy Story 2,,约翰·拉塞特,,约翰·拉塞特,,汤姆·汉克斯,,蒂姆·艾伦,,琼·库萨克,"['喜剧', '动画', '奇幻', '冒险']",92分钟,1999,美国, 英语,8.2
圣诞夜惊魂 The Nightmare Before Christmas,,亨利·塞利克,,蒂姆·波顿,,丹尼·艾夫曼,,克里斯·萨兰登,,凯瑟琳·欧哈拉,"['剧情', '动画', '奇幻']",76分钟,1993,美国, 英语,8.2
白雪公主和七个小矮人 Snow White and the Seven Dwarfs,,戴维·汉德,,特德·西尔斯,,阿德里亚娜·卡塞洛蒂,,罗伊·阿特威尔,,Stuart Buchanan,"['爱情', '动画', '歌舞', '家庭', '奇幻']",83 分钟,1937,美国, 英语,8.2
听到涛声 海がきこえる,,望月智充,,冰室冴子,,飞田展男,,坂本洋子,,关俊彦,"['剧情', '爱情', '动画']",72分钟,1993,日本, 日语,8.2
神偷奶爸2 Despicable Me 2,,皮埃尔·柯芬,,辛科·保罗,,史蒂夫·卡瑞尔,,克里斯汀·韦格,,本杰明·布拉特,"['喜剧', '动画', '冒险']",99分钟(中国大陆),2013,美国 / 法国 / 日本, 英语 / 乌克兰语,8.0
超人总动员 The Incredibles,,布拉德·伯德,,布拉德·伯德,,格雷格·T·尼尔森,,霍利·亨特,,塞缪尔·杰克逊,"['喜剧', '动作', '动画', '冒险']",115分钟,2004,美国, 英语 / 西班牙语 / 法语,8.0
冰川时代4 Ice Age: Continental Drift,,麦克·特米尔,,迈克尔·伯格 ,,阿兹·安萨里,,乔·贝哈,,克里斯托弗·坎贝尔,"['喜剧', '动画', '冒险']",88分钟,2012,美国, 英语,8.0
猫的报恩 猫の恩返し,,森田宏幸,,柊葵,,池胁千鹤,,袴田吉彦,,丹波哲郎,"['喜剧', '动画', '奇幻', '冒险']",75 分钟,2002,日本, 日语,8.0
夏目友人帐 劇場版 夏目友人帳 ～うつせみに結ぶ～,,大森贵弘,,绿川幸,,神谷浩史,,井上和彦,,高良健吾,"['剧情', '动画', '奇幻']",104分钟,2018,日本, 日语,8.0
乐高蝙蝠侠大电影 The Lego Batman Movie,,克里斯·麦凯,,赛斯·格雷厄姆-史密斯,,威尔·阿奈特,,罗莎里奥·道森,,拉尔夫·费因斯,"['喜剧', '动作', '动画', '冒险']",105分钟,2017,美国, 英语,8.0
麦兜，菠萝油王子 麥兜，菠蘿油王子,,袁建滔,,谢立文,,李颖贤,,吴君如,,刘德华,"['剧情', '喜剧', '动画']",73分钟,2004,香港, 粤语,8.0
埃及王子 The Prince of Egypt,,布兰达∙查普曼,,菲利普·拉泽布尼克,,方·基默,,Ralph Fiennes,,米歇尔·菲佛,"['剧情', '动画', '冒险']",99分钟,1998,美国, 英语 / 希伯来语,8.0
花与爱丽丝杀人事件 花とアリス殺人事件,,岩井俊二,,岩井俊二,,苍井优,,铃木杏,,胜地凉,"['喜剧', '动画']",100分钟,2015,日本, 日语,8.0
睡美人 Sleeping Beauty,,Clyde Geronimi,,比尔·皮特,,Mary Costa,,Bill Shirley,,Eleanor Audley,"['爱情', '动画', '歌舞', '家庭', '奇幻']",75 分钟,1959,美国, 英语,8.0
克里斯托弗·罗宾 Christopher Robin,,马克·福斯特,,亚历克斯·罗斯·派瑞,,伊万·麦克格雷格,,海莉·阿特维尔,,勃朗特·卡迈克尔,"['喜剧', '动画', '冒险']",104分钟,2018,美国, 英语,8.0
机械心 Jack et la mécanique du coeur,,施特凡·柏拉,,马赛厄斯·马尔修,,马赛厄斯·马尔修,,奥利维娅·鲁兹,,让·雷谢夫,"['剧情', '动画', '冒险']",94分钟,2013,法国, 法语,8.0
飞天小女警 剧场版 The Powerpuff Girls,,克雷格·迈克科雷肯,,查理·宾,,凯茜·卡瓦蒂妮,,塔拉·斯特朗,,伊丽莎白·戴利,"['剧情', '喜剧', '动作', '动画', '家庭', '奇幻', '冒险']",73分钟,2002,美国, 英语,8.0
暗夜恐惧 Peur(s) du noir,,Blutch,,Marie Caillou,,Gil Alma,,Aure Atika,,François Creton,"['剧情', '动画', '悬疑', '恐怖']",85 分钟,2007,法国, 法语,8.0
变身国王 The Emperor's New Groove,,Mark Dindal,,David Reynolds,,大卫·斯佩德,,约翰·古德曼,,艾萨·凯特,"['喜剧', '动画', '家庭', '奇幻', '冒险']",78分钟,2000,美国, 英语,8.0
惊恐小镇 Panique au village,,斯特凡·奥比尔,,斯特凡·奥比尔,,弗雷德里克·雅宁,,珍妮·巴利巴尔 Jeanne Balibar,,伯利·兰内尔,['动画'],75分钟,2009,比利时 / 卢森堡 / 法国, 法语,8.0
小飞龙 海のトリトン,,富野由悠季,,手冢治虫,,塩谷翼 (voice),,広川あけみ (voice),,北浜晴子 (voice),"['动画', '奇幻', '冒险']",74分钟,1979,日本 / 加拿大, 日语,8.0
芭比之十二个跳舞的公主 Barbie In The 12 Dancing Princesses,,Greg Richardson,,Elana Lesser,,Ashleigh Ball,,Kathleen Barr,,Maddy Capozzi,['动画'],83 分钟,2006,美国, 英语,8.0
芭比之天鹅湖 Barbie of Swan Lake,,欧文·赫利,,伊拉娜·莱瑟,,凯莉·谢里丹,,马克·海德斯,,凯尔希·格兰莫,"['动画', '家庭']",81分钟,2003,美国, 英语,8.0
小叮当：拯救精灵大作战 Tinker Bell and the Great Fairy Rescue,,布拉德利·雷蒙德,,鲍勃·赫金博格,,梅·惠特曼,,劳伦·莫特,,麦克·辛,"['喜剧', '动画', '奇幻', '冒险']",76分钟,2010,美国, 英语,8.0
小熊维尼 Winnie the Pooh,,斯蒂芬·安德森,,斯蒂芬·安德森,,约翰·克立斯,,吉姆·库宁斯,,巴德·乐凯,"['喜剧', '动画', '冒险']",63分钟,2011,美国, 英语,7.8
大力士 Hercules,,约翰·马斯克,,约翰·马斯克,,泰特·多诺万,,乔什·基顿,,罗杰·巴特,"['喜剧', '爱情', '动画', '歌舞', '奇幻', '冒险']",93 分钟,1997,美国, 英语 / 西班牙语 / 希腊语,7.8
熊的传说 Brother Bear,,Aaron Blaise,,Tab Murphy,,杰昆·菲尼克斯,,杰里米·苏莱泽,,詹森·雷兹,"['动画', '家庭', '奇幻', '冒险']",85 分钟,2003,美国, 英语 / Inuktitut / 塞尔维亚-克罗埃西亚语,7.8
未来学大会 The Congress,,阿里·福尔曼,,阿里·福尔曼,,罗宾·怀特,,哈威·凯特尔,,乔恩·哈姆,"['科幻', '动画']",122分钟,2013,以色列 / 德国 / 波兰 / 卢森堡 / 法国 / 比利时, 英语,7.8
星际宝贝2：史迪奇有问题 Lilo & Stitch 2: Stitch Has a Glitch,,迈克尔·拉巴什,,安东尼·莱昂迪斯,,克里斯·桑德斯,,达科塔·范宁,,蒂亚·卡雷尔,"['喜剧', '科幻', '动画', '家庭']",68分钟,2005,美国, 英语 / 法语 / 西班牙语,7.8
9.99澳元 $9.99,,塔蒂亚·罗森娜尔,,埃特加·凯雷特,,杰弗里·拉什,,安东尼·拉帕格利亚,,Samuel Johnson,"['剧情', '动画']",78 分钟,2008,澳大利亚 / 以色列, 英语,7.8
芭比与魔幻飞马之旅 Barbie and the Magic of Pegasus 3-D,,Greg Richardson,,伊拉娜·莱瑟,,凯莉·谢里丹,,凯瑟琳·巴尔,,马克·海德斯,"['爱情', '动画', '家庭']",83分钟,2005,美国, 英语,7.8
森林王子 The Jungle Book,,沃夫冈·雷瑟曼,,拉里·克莱蒙斯,,菲尔·哈里斯,,塞巴斯蒂安·卡伯特,,布鲁斯·赖特曼,"['动画', '歌舞', '家庭', '冒险']",78 分钟,1967,美国, 英语,7.8
乐高DC超级英雄：正义联盟之末日军团的进攻 LEGO DC Super Heroes - Justice League: Attack of the Legion of Doom!,,Rick Morales,,Jim Krieg,,Mark Hamill,,Troy Baker,,Nolan North,"['动作', '科幻', '动画']",72分钟,2015,美国, 英语,7.8
犹太长老的灵猫 Le Chat du rabbin,,Joann Sfar,,Sandrina Jardel,,马修·阿马立克,,弗朗索瓦·达密安,,阿弗西娅·埃尔奇,"['动画', '冒险']",100分钟,2011,法国 / 奥地利, 法语,7.8
"被遗忘的孩子 Psiconautas, los niños olvidados",,佩德罗·里韦罗,,佩德罗·里韦罗,,安德莉亚·阿尔祖里,,伊娃·欧简古仁,,乔苏·库贝罗,"['动画', '恐怖', '奇幻']",76分钟,2015,西班牙, 西班牙语,7.8
芭比之圣诞颂歌 Barbie in a Christmas Carol,,William Lau,,Leanne Araya,,Leanne Araya,,Morwenna Banks,,类型:,"['动画', '家庭']",77分钟,2008,美国, 英语,7.8
我是江小白 剧场版,,金承仁,,敬之,,陈张太康,,佟心竹,,李兰陵,"['爱情', '动画']",37分钟,2018,中国大陆, 汉语普通话,7.8
勇敢传说 Brave,,马克∙安德鲁斯,,布兰达∙查普曼,,凯莉·麦克唐纳,,艾玛·汤普森,,比利·康诺利,"['喜剧', '动画', '奇幻', '冒险']",93分钟,2012,美国, 英语,7.5
海洋奇缘 Moana,,罗恩·克莱蒙兹,,杰拉德·布什,,奥丽伊·卡瓦洛,,道恩·强森,,瑞切尔·豪斯,"['动画', '歌舞', '奇幻', '冒险']",107分钟,2016,美国, 英语,7.5
马达加斯加的企鹅 Penguins of Madagascar,,埃里克·达尼尔,,约翰·阿布德,,汤姆·麦格拉思,,克里斯·米勒,,克里斯多夫·奈茨,"['喜剧', '动画', '冒险']",92分钟,2014,美国, 英语 / 汉语普通话 / 意大利语,7.5
小鸡快跑 Chicken Run,,彼得·洛伊德,,彼得·洛伊德,,菲尔·丹尼尔斯,,梅尔·吉布森,,Tony Haygarth,"['喜剧', '动画', '家庭']",84 分钟,2000,英国 / 美国, 英语,7.5
机器人9号 9,,申·阿克,,帕米拉·帕特勒,,伊莱贾·伍德,,詹妮弗·康纳利,,约翰·C·赖利,"['科幻', '动画']",79 分钟,2009,美国, 英语,7.5
怪物史瑞克4 Shrek Forever After,,迈克·米切尔,,Josh Klausner,,麦克·梅尔斯,,艾迪·墨菲,,卡梅隆·迪亚兹,"['喜剧', '动作', '动画', '冒险']",93分钟,2010,美国, 英语,7.5
科学怪狗 Frankenweenie,,蒂姆·波顿,,约翰·奥古斯特,,马丁·肖特,,凯瑟琳·欧哈拉,,马丁·兰道,"['喜剧', '科幻', '动画', '恐怖']",87分钟,2012,美国, 英语,7.5
逗鸟外传：萌宝满天飞 Storks,,尼古拉斯·斯托勒,,尼古拉斯·斯托勒,,安迪·萨姆伯格,,凯蒂·克朗,,凯尔希·格兰莫,"['喜剧', '动画', '奇幻', '冒险']",87分钟,2016,美国, 英语,7.5
机器人历险记 Robots,,克里斯·韦奇,,大卫·林赛-阿贝尔,,伊万·麦克格雷格,,罗宾·威廉姆斯,,哈莉·贝瑞,"['喜剧', '动画', '冒险']",91 分钟,2005,美国, 英语 / 意大利语,7.5
龙之谷：破晓奇兵,,宋岳峰,,卓然,,胡歌,,景甜,,徐娇,"['动画', '奇幻', '冒险']",88分钟,2014,中国大陆, 汉语普通话 / 粤语,7.5
小红帽 Hoodwinked!,,柯瑞·爱德华兹,,柯瑞·爱德华兹,,安妮·海瑟薇,,格伦·克洛斯,,詹姆斯·贝鲁什,"['喜剧', '动画', '奇幻']",80分钟,2005,美国, 英语,7.5
苹果核战记 アップルシード,,荒牧伸志,,士郎正宗,,小林爱,,小杉十郎太,,松冈由贵,"['动作', '科幻', '动画']",101分钟,2004,日本, 日语,7.5
亚特兰蒂斯：失落的帝国 Atlantis: The Lost Empire,,加里·特洛斯达勒,,泰布·墨菲,,迈克尔·J·福克斯,,詹姆斯·加纳,,伦纳德·尼莫伊,"['科幻', '动画', '家庭', '冒险']",95 分钟,2001,美国, 英语,7.5
正义联盟：毁灭 Justice League: Doom,,劳伦·蒙哥马利,,Dwayne McDuffie,,凯文·康瑞,,蒂姆·达利,,苏珊·爱森伯格,"['动作', '科幻', '动画', '奇幻']",75分钟,2012,美国, 英语,7.5
星游记之风暴法米拉,,胡一泊,,刘磊,,陶典,,小连杀,,山新,"['动作', '动画', '奇幻', '冒险']",69分钟,2017,中国大陆, 汉语普通话,7.5
苹果核战记2 エクスマキナ,,荒牧伸志,,竹内清人,,小林爱,,山寺宏一,,岸祐二,"['动作', '科幻', '动画', '惊悚']",USA: 103 分钟(DVD version),2007,日本, 日语,7.5
康斯坦丁：恶魔之城 电影版 Constantine City of Demons: The Movie,,道格·墨菲,,J·M·德马泰,,马特·瑞安,,达米恩·奥哈尔,,劳拉·贝莉,"['动画', '恐怖', '奇幻']",90分钟,2018,美国, 英语,7.5
妖兽都市 妖獣都市,,川尻善昭,,菊地秀行,,屋良有作,,藤田淑子,,永井一郎,"['动画', '恐怖', '奇幻']",82分钟,1987,日本, 日语,7.5
乌鸦之日 Le Jour des Corneilles,,Jean Christophe Dessaint,,Amandine Taffin,,洛兰特·道驰,,让·雷诺,,伊莎贝尔·卡雷,['动画'],96分钟,2012,法国, 法语,7.5
魔发精灵 Trolls,,迈克·米切尔,,乔纳森·阿贝尔,,安娜·肯德里克,,贾斯汀·汀布莱克,,佐伊·丹斯切尔,"['动画', '歌舞', '奇幻', '冒险']",93分钟,2016,美国, 英语,7.2
冲浪企鹅 Surf's Up,,艾什·布兰农,,艾什·布兰农,,希亚·拉博夫,,杰夫·布里吉斯,,佐伊·丹斯切尔,"['喜剧', '动画', '家庭', '运动']",85 分钟,2007,美国, 英语,7.2
黑暗扫描仪 A Scanner Darkly,,理查德·林克莱特,,理查德·林克莱特,,基努·里维斯,,小罗伯特·唐尼,,Casey Chapman,"['剧情', '科幻', '动画', '悬疑', '惊悚', '犯罪']",100 分钟,2006,美国, 英语,7.2
变焦 Zoom,,佩德罗·莫雷利 ,,马特·汉森,,盖尔·加西亚·贝纳尔,,艾丽森·皮尔,,玛里亚娜·希梅内斯,"['剧情', '喜剧', '动画']",96分钟,2015,巴西 / 加拿大, 葡萄牙语 / 英语,7.2
超人与蝙蝠侠：公众之敌 Superman/Batman: Public Enemies,,Sam Liu,,Stan Berkowitz,,Kevin Conroy,,类型:,,剧情,"['剧情', '动作', '动画']",67分钟,2009,美国, 英语,7.2
仙履奇缘3： 时间魔法 Cinderella III: A Twist in Time,,Frank Nissen,,Margaret Heidenry,,詹妮弗·黑尔,,Christopher Daniel Barnes,,露西·泰勒,"['爱情', '动画', '家庭', '奇幻']",74分钟,2007,美国, 英语,7.2
安娜斯塔西娅 Anastasia,,唐·布鲁斯,,Susan Gauthier,,梅格·瑞恩,,约翰·库萨克,,凯尔希·格兰莫,"['剧情', '动画', '歌舞', '家庭', '冒险']",94 分钟,1997,美国, 英语 / 俄语 / 法语,7.2
美丽密语 마리이야기,,李成康,,Mi-ae Seo,,柳德焕,,安圣基,,孔炯轸,"['剧情', '动画', '奇幻']",79分钟,2002,韩国, 韩语,7.2
复活 Renaissance,,克里斯蒂安·福克曼,,Mathieu Delaporte,,丹尼尔·克雷格,,萝玛拉·嘉瑞,,伊安·霍姆,"['动作', '科幻', '动画', '惊悚']",105 分钟,2006,法国 / 英国 / 卢森堡, 英语,7.2
全明星超人 All-Star Superman,,Sam Liu,,Dwayne McDuffie,,克里斯蒂娜·亨德里克斯,,Linda Cardellini,,Matthew Gray Gubler,['动画'],75分钟,2011,美国, 英语,7.2
芭比之仙子的秘密 Barbie: A Fairy Secret,,William Lau,,Elise Allen,,Diana Kaarina,,Adrian Petriw,,Brittney Irvin,"['动画', '家庭', '奇幻']",72分钟(美国),2011,美国, 英语,7.2
青葱岁月 소중한 날의 꿈,,安在勋,,宋惠真,,宋昌义,,吴涟序,,朴信惠,"['剧情', '动画', '家庭']",98分钟,2010,韩国, 韩语,7.2
外星人狙击战 ムタフカズ,,西见祥示郎,,巴尔吉特·拉伊,,克里斯·贾伊·阿历克斯,,安东尼奥·阿尔瓦雷斯,,迪诺·安德拉德,"['动作', '科幻', '动画']",90分钟,2017,法国 / 日本, 法语,7.2
神秘的女蝙蝠侠 Batman: Mystery of the Batwoman,,Curt Geda,,Alan Burnett,,凯文·康瑞,,塔拉·斯特朗,,凯拉·塞吉维克,"['动作', '动画', '悬疑', '冒险']",Argentina: 74 分钟,2003,美国, 英语,7.2
愤怒的小鸟 Angry Birds,,费格尔·雷利,,约翰·维蒂,,杰森·苏戴奇斯,,乔什·加德,,丹尼·麦克布莱德,"['喜剧', '动画', '冒险']",97分钟,2016,芬兰 / 美国, 英语,7.1
香肠派对 Sausage Party,,康拉德·弗农,,塞斯·罗根,,塞斯·罗根,,克里斯汀·韦格,,詹姆斯·弗兰科,"['喜剧', '动画', '冒险']",89分钟,2016,美国, 英语,7.1
鬼作秀3 Creepshow 3,,Ana Clavell,,Ana Clavell,,AJ·鲍恩,,Kris Allen,,Stephanie Pettee,"['动画', '恐怖', '奇幻']",104分钟,2006,美国, 英语,6.8
冰冻星球 Titan A.E.,,Art Vitello,,Ben Edlund,,马特·达蒙,,比尔·普尔曼,,约翰·雷吉扎莫,"['科幻', '动画', '家庭', '冒险']",94 分钟,2000,美国, 英语,6.8
高地人：复仇之旅 Highlander: The Search for Vengeance,,川尻善昭,,David Abramowitz,,Alistair Abell,,Dave B. Mitchell,,Hank Banks,"['动作', '科幻', '动画', '奇幻']",97分钟,2007,美国, 英语,6.8
马可波罗回香都 Marco Polo: Return to Xanadu,,Ron Merk,,Chris Holter,,Paul Ainsley,,Alan Altshuld,,Nicholas Gonzalez,"['动画', '传记', '冒险']",82分钟,2001,美国 / 斯洛伐克 / 中国大陆, 英语,6.8
美由里之森 ミヨリの森,,山本二三,,奥寺佐渡子,,苍井优,,斋藤千和,,市原悦子,['动画'],107分钟,2007,日本, 日语,6.8
蝙蝠侠大战德古拉 The Batman vs Dracula: The Animated Movie,,Michael Goguen,,Duane Capizzi,,Rino Romano,,凯文·迈克尔·理查德森,,汤姆·肯尼,"['动作', '动画', '惊悚', '恐怖']",83分钟,2005,美国, 英语,6.8
太阳公主 La reine soleil,,Philippe Leclerc,,Philippe Allard,,Philippe Allard,,Catherine Conet,,Alexandra Corréa,['动画'],74分钟,2007,比利时 / 法国 / 匈牙利, 法语,6.8
幽灵男孩 Phantom Boy,,让-卢普·费利乔利,,阿兰·嘎诺尔,,埃德瓦·贝耶,,让-皮埃尔·马里埃尔,,奥黛丽·塔图,"['动画', '犯罪', '奇幻']",84分钟,2015,法国 / 比利时, 法语,6.8
大鱼海棠,,梁旋,,梁旋,,季冠霖,,苏尚卿,,许魏洲,"['剧情', '动画', '奇幻']",105分钟,2016,中国大陆, 汉语普通话,6.7
精灵旅社3：疯狂假期 Hotel Transylvania 3: Summer Vacation,,格恩迪·塔塔科夫斯基,,迈克尔·麦库勒斯,,亚当·桑德勒,,凯瑟琳·哈恩,,史蒂夫·布西密,"['喜剧', '动画', '奇幻']",98分钟,2018,美国, 英语,6.7
四眼天鸡 Chicken Little,,马克·汀戴尔,,Steve Bencich,,扎克·布拉夫,,盖瑞·马歇尔,,史蒂夫·茨恩,"['喜剧', '科幻', '动画', '家庭', '冒险']",81 分钟,2005,美国, 英语,6.7
熊出没·原始时代,,丁亮,,徐芸,,张伟,,张秉君,,谭笑,"['喜剧', '动画', '冒险']",88分钟,2019,中国大陆, 汉语普通话,6.7
浪漫鼠德佩罗 The Tale of Despereaux,,山姆·菲尔,,Will McRobb,,马修·布罗德里克,,达斯汀·霍夫曼,,艾玛·沃森,"['剧情', '动画', '冒险']",93分钟,2008,英国 / 美国, 英语,6.7
鼠来宝3 Alvin and the Chipmunks: Chip-Wrecked,,迈克·米切尔,,乔纳森·阿贝尔,,贾斯汀·朗,,杰西·麦卡尼,,马修·格雷·古柏勒,"['喜剧', '动画', '音乐', '家庭', '奇幻']",87分钟,2011,美国, 英语,6.7
星河战队：入侵 Starship Troopers: Invasion,,荒牧伸志,,罗伯特·A·海因莱因,,Leraldo Anzaldua,,Luci Christian,,Melissa Davis,"['动作', '科幻', '动画']",89分钟,2012,美国 / 日本, 英语,6.7
丛林大反攻2 Open Season 2,,Matthew O'Callaghan,,David I. Stern,,乔尔·麦克哈尔,,迈克·艾普斯,,简·科拉克斯基,"['喜剧', '动画', '家庭', '冒险']",76 分钟,2008,美国, 英语,6.7
铁拳：血之复仇 鉄拳　ブラッド・ベンジェンス,,毛利阳一,,佐藤大,,坂本真绫,,松冈由贵,,宫野真守,['动画'],100分钟,2011,日本, 日语,6.7
死亡空间：坍塌 Dead Space: Downfall,,Chuck Patton,,Kelly Hu,,Kelly Hu,,Bruce Boxleitner,,Kevin Michael Richardson,"['科幻', '动画', '恐怖']",74 分钟,2008,美国, 英语,6.7
飞机总动员2：火线救援 Planes: Fire and Rescue,,罗伯茨·甘纳韦,,杰弗里·M·霍华德,,朱丽·鲍温,,戴恩·库克,,艾德·哈里斯,"['喜剧', '动作', '动画']",83分钟,2014,美国, 英语,6.7
熊出没之熊心归来,,丁亮,,徐芸,,张伟,,张秉君,,谭笑,"['喜剧', '动画', '冒险']",99分钟,2016,中国大陆, 汉语普通话,6.3
无敌原始人 Early Man,,尼克·帕克,,马克·伯顿,,汤姆·希德勒斯顿,,埃迪·雷德梅恩,,麦茜·威廉姆斯,"['喜剧', '动画', '冒险']",89分钟,2018,英国 / 法国 / 美国, 英语,6.3
乐高幻影忍者大电影 The Lego Ninjago Movie,,查理·宾,,鲍勃·洛根,,成龙,,戴夫·弗兰科,,弗莱德·阿米森,"['喜剧', '动作', '动画', '冒险']",101分钟,2017,美国 / 丹麦, 英语,6.3
我的爸爸是森林之王 The Son of Bigfoot,,本·斯塔森,,鲍勃·巴伦,,帕皮·福克纳,,克里斯托弗·L·帕森,,玛莉芙·赫林顿,"['喜剧', '动画', '冒险']",91分钟,2017,法国 / 比利时, 法语 / 英语,6.3
呆呆精灵 Hui Buh,,塞巴斯蒂安·尼曼,,德克·阿内尔,,米夏埃尔·赫尔比希,,克里斯托夫·玛丽亚·赫布斯特,,海克·玛卡琪,"['喜剧', '动画', '恐怖', '奇幻', '冒险']",Germany: 103 分钟,2006,德国, 德语,6.3
超人：解放 Superman: Unbound,,詹姆斯·塔克,,乔夫·琼斯,,马特·波莫,,斯坦娜·卡蒂克,,莫莉·奎恩,"['科幻', '动画', '冒险']",75分钟,2013,美国, 英语,6.3
追逐时间 타이밍,,闵京朝,,姜草,,严相贤,,沈圭赫,,朴志胤,"['剧情', '动画', '悬疑']",99分钟,2014,韩国 / 日本, 韩语,6.3
猫姑娘 Gatta Cenerentola,,亿万·卡布里诺,,亿万·卡布里诺,,马西米利亚诺·加洛,,玛丽娅·皮娅·卡尔佐尼,,亚历山德罗·加斯曼,"['动画', '惊悚', '犯罪']",86分钟,2017,意大利, 意大利语,6.3
终极复仇者 Ultimate Avengers,,Curt Geda,,Greg Johnson,,Justin Gross,,Olivia d'Abo,,Marc Worden,"['动作', '科幻', '动画', '冒险']",72 分钟,2006,美国, 西班牙语 / 英语,6.3
奇异博士 Doctor Strange,,Jay Oliva,,Chris Edgerly,,Chris Edgerly,,Susan Spano,,类型:,"['动画', '奇幻']",76 分钟,2007,美国, 英语,6.3
怀特霍尔街上的长筒靴 Jackboots on Whitehall,,爱德华·麦克亨利,,Rory McHenry,,伊万·麦克格雷格,,裴淳华,,理查德·E·格兰特,"['喜剧', '动画', '战争']",91分钟,2010,英国, 英语,6.3
消失的天猫座 El lince perdido,,Raul Garcia,,Abraham Aguilar ... Gus (voice),,Abraham Aguilar ... Gus (voice),,Beatriz Berciano ... Lincesa (voice),,Carlos del Pino ... Rupert (voice),"['喜剧', '动画', '家庭']",Germany: 97 分钟(European Film Market),2008,西班牙, 英语,6.3
果宝特攻之水果大逃亡,,王巍,,赖虹宇,,赖虹宇,,祖晴,,鞠月斌,"['喜剧', '动画', '冒险']",97分钟,2016,中国大陆, 汉语普通话,6.3
地狱男爵动画版：风暴之剑 Hellboy Animated: Sword of Storms,,Phil Weinstein,,迈克·米格诺拉,,Ron Perlman,,Selma Blair,,Doug Jones,"['剧情', '动作', '科幻', '动画', '战争', '冒险']",77分钟,2006,美国, 英语,6.3
春田花花同学会 春田花花同學會,,赵良骏,,谢立文,,周笔畅,,陈慧琳,,郑中基,"['喜剧', '动画', '奇幻']",95 分钟,2006,香港, 粤语,6.2
地海传说 ゲド戦記,,宫崎吾朗,,宫崎吾朗,,冈田准一,,手嶌葵,,田中裕子,"['动画', '奇幻', '冒险']",115 分钟,2006,日本, 日语,6.2
麦兜·饭宝奇兵,,谢立文,,谢立文,,金刚,,大汪,,张正中,"['喜剧', '动画', '冒险']",84分钟,2016,中国大陆 / 香港, 汉语普通话 / 粤语,6.2
猫与桃花源,,王微,,王微,,李宇峰,,杨砚铎,,周华健,"['动画', '家庭', '冒险']",105分钟,2018,中国大陆, 汉语普通话,6.2
瑜伽熊 Yogi Bear,,埃里克·布雷维格,,约书亚·斯特宁,,安娜·法瑞丝,,丹·艾克罗伊德,,贾斯汀·汀布莱克,"['喜剧', '动画', '家庭', '冒险']",80分钟,2010,美国 / 新西兰, 英语,6.2
喜羊羊与灰太狼之开心闯龙年,,简耀宗,,王舒,,周笔畅,,阿牛,,欧弟,"['喜剧', '动画', '儿童', '冒险']",85分钟,2012,中国大陆, 汉语普通话 / 粤语,5.5
黑猫警长电影版,,戴铁郎,,戴铁郎,,吴磊,,李扬,,大山,"['剧情', '动画']",78分钟,2010,中国大陆, 汉语普通话,5.5
长江7号：超萌特攻队,,简耀宗,,覃伟业,,徐娇,,石班瑜,,林簌,"['喜剧', '动画', '家庭']",80分钟,2015,中国大陆 / 香港, 汉语普通话 / 粤语,5.5
神秘世界历险记4,,王云飞,,王云飞,,阎么么,,赵一博,,张磊,['动画'],85分钟,2018,中国大陆, 汉语普通话,5.5
兔子镇的火狐狸,,葛水英,,关云匀,,乔诗语,,喻舟,,张遥函,"['动画', '奇幻', '冒险']",90分钟,2015,中国大陆, 汉语普通话,5.5
奥兹国的桃乐西 Legends of Oz: Dorothy's Return,,威尔·芬,,兰迪·巴恩斯,,丹·艾克罗伊德,,詹姆斯·贝鲁什,,凯尔希·格兰莫,"['动画', '音乐', '歌舞', '家庭']",88分钟,2013,美国, 英语,5.5
蝙蝠侠大战双面人 Batman Vs. Two-Face,,里克·莫拉莱斯,,迈克尔·杰勒尼克,,波特·瓦德,,亚当·威斯特,,威廉·夏特纳,['动画'],72分钟,2017,美国, 英语,5.5
喜羊羊与灰太狼之喜气羊羊过蛇年,,简耀宗,,石建娜,,祖晴,,梁颖,,张琳,"['喜剧', '动画', '家庭', '冒险']",86分钟,2013,中国大陆, 汉语普通话,5.4
三小强,,傅燕,,柯德涛,,韩波,,刘沛,,泽飞,"['喜剧', '动画']",80分钟,2014,中国大陆, 汉语普通话,5.4
聪明的一休之反斗公主,,雷建成,,濮澍,,王晓燕,,罗玉娟,,李正翔,"['动画', '悬疑']",81分钟,2014,中国大陆 / 日本, 汉语普通话,5.4
王子与108煞 108 Rois-Démons,,帕斯卡·莫莱利,,帕斯卡·莫莱利,,吕西安·让-巴蒂斯特,,伯特兰·纳德勒,,让·伊夫·沙特莱,"['喜剧', '动作', '动画', '冒险']",84分钟(中国大陆),2015,法国 / 比利时 / 卢森堡 / 中国大陆, 法语,5.4
考拉大冒险 코알라 키드: 영웅의 탄생,,李景浩,,斯科特·克莱文杰,,查理·比尤利,,利尔·托娃·布林克夫,,艾伦·卡明,"['动画', '家庭', '冒险']",85分钟,2012,韩国 / 美国, 英语 / 韩语,5.4
丛林大反攻4：吓傻了 Open Season: Scared Silly,,劳伦斯·洛克 Lawrence Roeck,,Will Townsend,,Will Townsend,,Melissa Sturm,,Trevor Devall,"['喜剧', '动画']",84分钟,2015,美国, 英语,5.4
一万年以后,,易立,,易立,,珠玛,,亚拉亚姆,,易立,"['动作', '动画', '奇幻']",93分钟,2015,中国大陆, 汉语普通话,5.3
大闹西游,,马系海,,张琛,,孙晔,,沈达威,,陶典,"['喜剧', '动画', '冒险']",92分钟,2018,中国大陆, 汉语普通话,5.3
表情奇幻冒险 The Emoji Movie,,安东尼·莱昂迪斯,,安东尼·莱昂迪斯,,T·J·米勒,,詹姆斯·柯登,,安娜·法瑞丝,"['喜剧', '动画', '冒险']",86分钟,2017,美国, 英语,5.2
重返大海,,陆强,,姚晓明,,孟非,,李俊宇,,林颖,"['动画', '家庭', '冒险']",97分钟,2012,中国大陆 / 美国 / 加拿大, 英语 / 汉语普通话,5.2
飞翔的梦 Motýlí cas,,布雷梯斯拉夫·波杰,,布雷梯斯拉夫·波杰,,Ludek Navratil,,Katerina Machácková,,Jaromír Hanzlík,"['动画', '家庭', '奇幻']",84 分钟,1990,捷克斯洛伐克 / 加拿大, 捷克语,9.1
寻梦环游记 Coco,,李·昂克里奇,,阿德里安·莫利纳,,安东尼·冈萨雷斯,,盖尔·加西亚·贝纳尔,,本杰明·布拉特,"['喜剧', '动画', '音乐', '奇幻']",105分钟,2017,美国, 英语 / 西班牙语,9.0
哈尔的移动城堡 ハウルの動く城,,宫崎骏,,宫崎骏,,倍赏千惠子,,木村拓哉,,美轮明宏,"['动画', '奇幻', '冒险']",119分钟,2004,日本, 日语,9.0
狮子王 The Lion King,,罗杰·阿勒斯,,艾琳·梅琪,,乔纳森·泰勒·托马斯,,马修·布罗德里克,,杰瑞米·艾恩斯,"['剧情', '动画', '歌舞', '家庭', '冒险']",89 分钟,1994,美国, 英语 / 斯瓦希里语 / 科萨语 / 祖鲁语,9.0
欢乐树的朋友们：第一滴血 Happy Tree Friends: Volume 1: First Blood,,Rhode Montijo,,沃伦·格拉夫,,Peter Herrmann,,Liz Stewart,,Aubrey Ankrum,"['喜剧', '动画']",USA: 110 分钟,2002,美国 / 英国, 英语,9.0
金猴降妖,,特伟,,特伟,,李扬,,谈鹏飞,,洪融,"['剧情', '动画', '奇幻']",150分钟,1985,中国大陆, 汉语普通话,9.0
熊猫的故事 シュンマオ物語 タオタオ,,岛村达雄,,山田洋次,,丁健华,,刘广宁,,童自荣,['动画'],88分钟,1981,日本 / 中国大陆, 日语,9.0
辛普森一家：家庭治疗 The Simpsons: Family Therapy,,马特·格罗宁,,马特·格罗宁,,南茜·卡特莱特,,丹·卡斯泰兰尼塔,,朱莉·卡夫娜,"['喜剧', '动画']",3分钟,1989,美国, 英语,9.0
飞屋环游记 Up,,彼特·道格特,,保伯·彼得森,,爱德华·阿斯纳,,克里斯托弗·普卢默,,乔丹·长井,"['剧情', '喜剧', '动画', '冒险']",96分钟,2009,美国, 英语,8.9
玛丽和马克思 Mary and Max,,亚当·艾略特,,亚当·艾略特,,托妮·科莱特,,菲利普·塞默·霍夫曼,,巴瑞·哈姆弗莱斯,"['剧情', '喜剧', '动画']",92分钟,2009,澳大利亚, 英语 / 意第绪语,8.9
红辣椒 パプリカ,,今敏,,水上清资,,林原惠美,,江守彻,,堀胜之祐,"['科幻', '动画', '悬疑', '惊悚']",90 分钟,2006,日本, 日语,8.9
未麻的部屋 Perfect Blue,,今敏,,村井贞之,,岩男润子,,松本梨香,,辻亲八,"['动画', '惊悚', '奇幻']",81 分钟,1997,日本, 日语,8.9
哪吒闹海,,严定宪,,王树忱,,梁正晖,,邱岳峰,,毕克,"['动画', '奇幻', '冒险']",65分钟,1979,中国大陆, 汉语普通话,8.9
攻壳机动队 攻殻機動隊,,押井守,,伊藤和典,,田中敦子,,大塚明夫,,山寺宏一,"['动作', '科幻', '动画']",83分钟,1995,日本, 日语,8.9
东京教父 東京ゴッドファーザーズ,,今敏,,今敏,,江守彻,,梅垣义明,,冈本绫,"['剧情', '喜剧', '动画']",92分钟,2003,日本, 日语,8.9
心理游戏 マインド・ゲーム,,汤浅政明,,汤浅政明,,今田耕司,,藤井隆,,山口智充,"['喜剧', '动画', '悬疑', '冒险']",103 分钟,2004,日本, 日语,8.9
幻想曲 Fantasia,,詹姆斯·阿尔格,,Lee Blair,,华特·迪士尼,,列奥波德·斯托科夫斯基,,Deems Taylor,"['动画', '音乐', '奇幻']",125分钟,1940,美国, 英语,8.9
国王与小鸟 Le roi et l'oiseau,,保罗·格里莫尔,,雅克·普雷维尔,,让·马丹,,帕斯卡尔·马佐蒂,,雷蒙·比西埃尔,"['动画', '奇幻']",83分钟,1980,法国, 法语,8.6
皱纹 Arrugas,,伊格纳希奥·法雷拉斯,,Ángel de la Cruz,,Tacho González,,Álvaro Guevara,,玛贝尔·里维拉,"['剧情', '动画']",89分钟,2011,西班牙, 西班牙语,8.6
落叶 Dead Leaves,,今石洋之,,本田武市,,山口胜平,,本田贵子,,水谷优子,"['喜剧', '动作', '科幻', '动画', '冒险']",USA: 55 分钟(original version),2004,日本, 日语,8.6
飞出个未来大电影1：班德大行动 Futurama: Bender's Big Score,,Dwayne Carey-Hill,,马特·格罗宁,,比利·维斯特,,凯特蕾·萨加尔,,约翰·迪·玛吉欧,"['喜剧', '爱情', '动画']",88 分钟,2007,美国, 英语,8.6
铁扇公主,,万籁鸣,,王乾白,,白虹,,严月玲,,姜明,"['剧情', '动画', '奇幻']",72分钟(中国),1941,中国大陆, 汉语普通话,8.6
吹笛子的男人 Krysar,,吉利·巴塔,,Kamil Pixa,,奥德里奇•凯瑟,,伊里·拉布斯,,Michal Pavlícek,"['动画', '恐怖', '奇幻']",53分钟,1986,捷克斯洛伐克 / 西德, 捷克语,8.6
小熊维尼:寻找克里斯多夫罗宾 Pooh's Grand Adventure: The Search for Christopher Robin,,Karl Geurs,,A·A·米尔恩,,Jim Cummings,,John Fiedler,,Ken Sansom,"['动画', '冒险']",76 分钟,1997,美国, 英语,8.6
麻辣女孩：时间危机 Kim Possible: A Sitch in Time,,Steve Loter,,Bill Motz,,克里斯蒂·卡尔森·罗曼诺,,威尔·弗里德尔,,南茜·卡特莱特,"['动画', '儿童']",66分钟,2003,美国, 英语,8.6
神偷奶爸 Despicable Me,,皮埃尔·柯芬,,肯·道里欧,,史蒂夫·卡瑞尔,,杰森·席格尔,,拉塞尔·布兰德,"['喜剧', '动画', '冒险']",95分钟,2010,美国 / 法国, 英语,8.5
冰川时代 Ice Age,,卡洛斯·沙尔丹哈,,迈克尔·伯格 ,,雷·罗马诺,,约翰·雷吉扎莫,,丹尼斯·利瑞,"['喜剧', '动画', '冒险']",81 分钟,2002,美国, 英语 / 克罗地亚语,8.5
至爱梵高·星空之谜 Loving Vincent,,多洛塔·科别拉,,多洛塔·科别拉,,道格拉斯·布斯,,罗伯特·古拉奇克,,埃莉诺·汤姆林森,"['剧情', '动画', '传记']",95分钟,2017,英国 / 波兰, 英语,8.5
麦兜故事 麥兜故事,,袁建滔,,谢立文,,李晋纬,,林海峰,,吴君如,"['剧情', '喜剧', '动画']",Japan: 75 分钟,2001,香港, 粤语,8.5
了不起的狐狸爸爸 Fantastic Mr. Fox,,韦斯·安德森,,韦斯·安德森,,乔治·克鲁尼,,梅丽尔·斯特里普,,詹森·舒瓦兹曼,"['喜剧', '动画', '冒险']",87分钟,2009,美国, 英语,8.5
南方公园 South Park: Bigger Longer & Uncut,,崔·帕克,,崔·帕克,,崔·帕克,,马特·斯通,,玛丽·凯·伯格曼,"['喜剧', '动画', '歌舞']",81 分钟,1999,美国, 英语,8.5
海绵宝宝历险记 The SpongeBob SquarePants Movie,,史蒂芬·海伦伯格,,史蒂芬·海伦伯格,,汤姆·肯尼,,克兰西·布朗,,罗德格尔·邦帕斯,"['喜剧', '动画', '冒险']",87分钟,2004,美国, 英语,8.5
正义联盟：闪点悖论 Justice League: The Flashpoint Paradox,,杰伊·欧力瓦,,詹姆斯·克里格,,贾斯汀·钱伯斯,,C·托马斯·豪威尔,,迈克尔·B·乔丹,"['动作', '科幻', '动画', '奇幻', '冒险']",75分钟,2013,美国, 英语,8.5
爱丽丝梦游仙境 Alice in Wonderland,,克莱德·杰洛尼米,,路易斯·卡罗尔,,凯瑟琳·博蒙特,,埃德·温,,理查德·海顿,"['动画', '歌舞', '奇幻', '冒险']",75 分钟,1951,美国, 英语,8.5
最终幻想7：圣子降临 ファイナルファンタジーVII アドベントチルドレン,,野村哲也,,野岛一成,,樱井孝宏,,伊藤步,,森久保祥太郎,"['动作', '科幻', '动画', '惊悚']",101 分钟,2005,日本, 日语 / 英语,8.2
给桃子的信 ももへの手紙,,冲浦启之,,冲浦启之,,美山加恋,,优香,,坂口芳贞,"['剧情', '动画']",120分钟,2011,日本, 日语,8.2
仙履奇缘 Cinderella,,克莱德·杰洛尼米,,比尔·皮特,,艾琳·伍兹,,Eleanor Audley,,薇娜·费尔顿,"['爱情', '动画', '歌舞', '奇幻']",74 分钟,1950,美国, 英语,8.2
101忠狗 One Hundred and One Dalmatians,,克莱德·杰洛尼米,,比尔·皮特,,罗德·泰勒,,凯特·鲍尔,,本·怀特,"['喜剧', '动画', '家庭', '冒险']",79分钟,1961,美国, 英语,8.2
木偶奇遇记 Pinocchio,,汉密尔顿·卢斯科,,卡洛·科洛迪,,梅尔·布兰科,,弗兰基·达罗,,克里夫·爱德华兹,"['剧情', '动画', '音乐', '奇幻']",88 分钟,1940,美国, 英语,8.2
魁拔Ⅲ战神崛起,,王川,,王鹏展,,刘婧荦,,姚姝,,王宇腾,"['动作', '动画', '奇幻', '冒险']",90分钟,2014,中国大陆, 汉语普通话,8.2
超级无敌掌门狗：人兔的诅咒 Wallace & Gromit: The Curse of the Were-Rabbit,,斯蒂夫·博克斯,,鲍勃·贝克,,彼得·萨利斯,,拉尔夫·费因斯,,海伦娜·伯翰·卡特,"['喜剧', '动画']",85分钟,2005,英国 / 美国, 英语,8.2
翡翠森林：狼与羊 あらしのよるに,,杉井仪三郎,,杉井仪三郎,,中村狮童,,成宫宽贵,,板东英二,['动画'],110 分钟,2005,日本, 日语,8.2
"蝙蝠侠：黑暗骑士归来(上) Batman: The Dark Knight Returns, Part 1",,杰伊·欧力瓦,,鲍勃·古德曼,,彼得·威勒,,阿芮尔·温特,,迈克尔·爱默生,"['动作', '动画']",76分钟,2012,美国, 英语,8.2
小飞象 Dumbo,,宾·沙普斯坦,,狄克·休默,,James Baskett,,赫尔曼·宾 ,,比利·布莱彻,"['动画', '歌舞', '奇幻']",64 分钟,1941,美国, 英语,8.2
大都会 メトロポリス,,林太郎,,大友克洋,,井元由香,,小林桂,,冈田浩晖,"['科幻', '动画', '冒险']",108 分钟,2001,日本, 英语 / 法语 / 德语 / 意大利语 / 西班牙语 / 日语 / 俄语,8.2
小倩,,陈伟文,,徐克,,林海峰,,袁咏仪,,杨采妮,"['喜剧', '动作', '爱情', '动画', '奇幻']",84分钟,1997,香港, 粤语,8.2
鲁邦三世：卡里奥斯特罗城 ルパン三世 カリオストロの城,,宫崎骏,,山崎晴哉,,山田康雄,,小林清志,,增山江威子,"['爱情', '动画', '奇幻', '冒险']",100分钟,1979,日本, 法语 / 日语,8.2
"名侦探柯南：章节ONE 变小的名侦探 名探偵コナン エピソード ""ONE"" 小さくなった名探偵",,山本泰一郎,,青山刚昌,,山口胜平,,山崎和佳奈,,高山南,"['动画', '悬疑']",92分钟,2016,日本, 日语,8.2
邋遢大王奇遇记,,钱运达,,凌纾,,范楚绒,,谢添天,,罗玉婷,"['动画', '儿童']",86分钟,2012,中国大陆, 汉语普通话,8.2
半梦半醒的人生 Waking Life,,理查德·林克莱特,,理查德·林克莱特,,伊桑·霍克,,朱莉·德尔佩,,肯·韦伯斯特,"['剧情', '动画', '悬疑', '奇幻']",99分钟,2001,美国, 英语,8.2
夜幕下的故事 Les contes de la nuit,,米歇尔·欧斯洛,,米歇尔·欧斯洛,,朱利安·贝朗米斯,,马里内·格里泽,,米歇尔·伊莱亚斯,"['动画', '奇幻']",84分钟,2011,法国, 法语,8.2
天使之卵 天使のたまご,,押井守,,押井守,,根津甚八,,兵藤真子,,野田圭一 Keiichi Noda,"['科幻', '动画', '悬疑']",71分钟,1985,日本, 日语,8.0
漫漫北寻路 Tout en haut du monde,,雷米·沙耶,,帕特里夏·瓦里克斯,,克丽丝塔·特瑞特,,费奥多尔·阿特金,,安东尼·希克林,"['剧情', '动画', '冒险']",81分钟,2015,法国 / 丹麦, 法语 / 英语,8.0
叽哩咕历险记 Kirikou et la sorcière,,米歇尔·欧斯洛,,米歇尔·欧斯洛,,Doudou Gueye Thiaw,,Maimouna N'Diaye,,Awa Sene Sarr,"['动画', '家庭', '冒险']",71分钟,1998,法国 / 比利时 / 卢森堡, 法语,8.0
飞出个未来大电影3：班德的游戏 Futurama: Bender's Game,,Dwayne Carey-Hill,,马特·格罗宁,,比利·维斯特,,凯特蕾·萨加尔,,约翰·迪·玛吉欧,"['喜剧', '动作', '科幻', '动画', '奇幻', '冒险']",88 分钟,2008,美国, 英语,8.0
寻找隐世快乐 L'arte della Felicità,,亚历山德罗·拉克,,亚历山德罗·拉克,,Lucio Allocca,,Leandro Amato,,Silvia Baritzka,"['剧情', '动画']",82分钟,2013,意大利, 意大利语 / 英语,8.0
狼屋 La casa lobo,,乔奎因·科西纳,,乔奎因·科西纳,,阿玛莉亚·卡西尼,,雷纳·克劳斯,,类型:,"['剧情', '动画', '恐怖']",75分钟,2018,智利 / 德国, 西班牙语 / 德语,8.0
切尔诺贝利之春 Un printemps à Tchernobyl,,小野败仔,,艾玛纽埃尔·勒巴热,,于越,,森中人,,冷泉夜月,"['剧情', '动画', '历史', '灾难']",13分钟,2018,中国大陆, 汉语普通话,8.0
猪猡之王 돼지의 왕,,延尚昊,,延尚昊,,梁益准,,吴政世,,金惠娜,"['剧情', '动画']",97分钟,2011,韩国, 韩语,8.0
巧舌如父 Allez raconte!,,让-克里斯托夫·罗热,,让-克里斯托夫·罗热,,Eric Métayer,,艾丽·赛门,,弗雷德·特斯托,['动画'],76分钟,2010,法国 / 卢森堡 / 比利时, 法语,8.0
美国鼠谭 An American Tail,,唐·布鲁斯,,Judy Freudberg,,多姆·德路易斯,,Christopher Plummer,,Erica Yohn,"['剧情', '喜剧', '爱情', '动画', '歌舞', '家庭', '冒险']",80 分钟,1986,美国, 英语,8.0
阿阿奇与西西帕克 아치와 씨팍,,赵范镇,,赵范镇,,柳昇范,,任昌丁,,玄英,"['喜剧', '动作', '科幻', '动画']",90分钟,2006,韩国, 韩语,8.0
凡高的生与死 Vincent,,保罗·考克斯,,保罗·考克斯,,约翰·赫特,,Marika Rivera,,Gabriella Trsek,"['剧情', '动画', '传记']",USA: 105 分钟,1987,澳大利亚, 英语,8.0
月球人 Der Mondmann,,Stephan Schesch,,Katharina Thalbach,,Katharina Thalbach,,Ulrich Tukur,,Corinna Harfouch,['动画'],95分钟,2012,法国 / 德国 / 爱尔兰, 德语 / 英语,8.0
三骑士 The Three Caballeros,,Norman Ferguson,,James Bodrero,,Aurora Miranda,,Carmen Molina,,Dora Luz,"['动画', '音乐', '家庭', '奇幻']",72分钟,1944,美国, 英语 / 西班牙语 / 葡萄牙语,8.0
夹子救鹿,,林文肖,,林文肖,,刘广宁,,类型:,,动画,['动画'],20分钟,1985,中国大陆, 汉语普通话,7.8
米奇节日嘉年华 Mickey's Twice Upon a Christmas,,马修·奥卡拉汉,,比尔·莫兹,,韦恩·艾尔温,,托尼·安塞尔莫,,比尔·法玛尔,"['喜剧', '动画', '家庭', '奇幻']",USA: 68 分钟,2004,美国, 英语,7.8
绵之国星 绵の国星,,辻伸一,,大岛弓子,,富永みーな,,塩沢兼人,,潘恵子,['动画'],92分钟,1984,日本, 日语,7.8
小熊维尼与跳跳虎：好朋友齐摆尾 My Friends Tigger & Pooh's Friendly Tails,,大卫·哈特曼,,Nicole Dubuc,,迪·布拉雷·贝克尔,,Kimberlea Berg,,马克斯·博克霍德,['动画'],92 分钟,2008,美国, 英语,7.8
功夫熊猫3 Kung Fu Panda 3,,吕寅荣,,乔纳森·阿贝尔,,杰克·布莱克,,布莱恩·科兰斯顿,,达斯汀·霍夫曼,"['喜剧', '动作', '动画', '冒险']",95分钟,2016,美国 / 中国大陆, 英语,7.7
帕丁顿熊 Paddington,,保罗·金,,保罗·金,,本·卫肖,,妮可·基德曼,,休·博纳维尔,"['喜剧', '动画', '家庭']",95分钟,2014,英国 / 法国, 英语,7.7
花木兰 Mulan,,巴里·库克,,萧丽塔,,温明娜,,艾迪·墨菲,,哈维·费斯特恩,"['剧情', '动画', '家庭', '冒险']",88分钟,1998,美国, 英语,7.7
马达加斯加2：逃往非洲 Madagascar: Escape 2 Africa,,埃里克·达尼尔,,伊坦·柯亨,,本·斯蒂勒,,克里斯·洛克,,大卫·休默,"['喜剧', '动作', '动画', '家庭', '冒险']",89 分钟,2008,美国, 英语 / 意大利语,7.7
狮子王2：辛巴的荣耀 The Lion King II: Simba's Pride,,达雷尔·鲁尼,,弗利普·科布勒,,马修·布罗德里克,,莫伊拉·凯利,,内芙·坎贝尔,"['爱情', '动画', '歌舞', '家庭', '冒险']",81分钟,1998,美国 / 澳大利亚, 英语,7.7
怪物之子 バケモノの子,,细田守,,细田守,,役所广司,,宫崎葵,,染谷将太,"['动作', '动画', '奇幻', '冒险']",119分钟,2015,日本, 日语,7.7
风中奇缘 Pocahontas,,迈克·加布里尔,,Carl Binder,,梅尔·吉布森,,艾琳·贝达,,朱迪·库恩,"['剧情', '爱情', '动画', '歌舞', '家庭', '历史']",81 分钟,1995,美国, 英语,7.7
盒子怪 The Boxtrolls,,格雷厄姆·安纳布尔,,伊连娜·布里纳尔,,本·金斯利,,艾丽·范宁,,西蒙·佩吉,"['喜剧', '动画', '冒险']",96分钟,2014,美国, 英语,7.7
记忆中的玛妮 思い出のマーニー,,米林宏昌,,丹羽圭子,,高月彩良,,有村架纯,,松岛菜菜子,"['剧情', '动画', '奇幻']",103分钟,2014,日本, 日语,7.7
生命之书 The Book of Life,,豪尔赫·R·古铁雷斯,,豪尔赫·R·古铁雷斯,,迭戈·卢纳,,佐伊·索尔达娜,,查宁·塔图姆,"['喜剧', '动画', '奇幻', '冒险']",95分钟,2014,美国, 英语 / 西班牙语,7.7
蒸汽男孩 スチームボーイ,,大友克洋,,大友克洋,,铃木杏,,小西真奈美,,中村贺津雄,"['科幻', '动画', '冒险']",126 分钟,2004,日本, 日语,7.7
美国战队：世界警察 Team America: World Police,,崔·帕克,,崔·帕克,,崔·帕克,,马特·斯通,,克里斯汀·米勒,"['喜剧', '动作', '动画', '冒险']",98 分钟,2004,美国 / 德国, 英语 / 法语 / 阿拉伯语 / 韩语 / 克林贡语,7.7
最后的吸血鬼 BLOOD THE LAST VAMPIRE,,北久保弘之,,神山健治,,工藤夕贵,,中村佐恵美,,类型:,"['动作', '动画', '恐怖']",48 分钟,2000,日本, 日语 / 英语,7.7
星球大战：克隆战争 Star Wars: The Clone Wars,,Dave Filoni,,Henry Gilroy,,马特·兰特尔,,艾什莉·埃克斯坦,,詹姆斯·阿诺德·泰勒,"['动作', '科幻', '动画', '冒险']",98 分钟,2008,美国, 英语,7.7
精灵王座,,宋岳峰,,卓然,,王梓,,陶典,,季冠霖,['动画'],104分钟,2016,中国大陆, 汉语普通话 / 英语,7.7
乐高DC超级英雄：闪电侠 Lego DC Comics Super Heroes: The Flash,,伊桑·斯波尔丁,,詹姆斯·克里格,,詹姆斯·阿诺德·泰勒,,德怀特·舒尔茨,,特罗伊·贝克,"['动作', '科幻', '动画']",78分钟,2018,美国, 英语,7.5
阿斯特里克斯历险记：诸神之宫殿 Astérix: Le domaine des dieux,,Alexandre Astier,,Louis Clichy,,阿兰·夏巴,,罗兰·拉斐特,,热拉尔丁·纳卡什,"['喜剧', '动画', '冒险']",86分钟,2014,法国 / 比利时, 法语,7.5
乐高DC超级英雄：正义联盟之宇宙冲击 Lego DC Comics Super Heroes: Justice League - Cosmic Clash,,Rick Morales,,James Krieg,,特罗伊·贝克,,诺兰·诺斯,,Grey Griffin,"['动作', '动画']",78分钟,2016,美国, 英语,7.5
芭比之时尚童话 Barbie: A Fashion Fairytale,,William Lau,,Elise Allen,,Diana Kaarina,,艾德里安·佩特里,,Shannon Chan-Kent,"['动画', '家庭']",83分钟,2010,美国, 英语,7.5
侯爵 Marquis,,Henri Xhonneux,,萨德侯爵,,François Marthouret,,Valérie Kling,,Michel Robin,"['喜剧', '动画']",USA: 83 分钟,1989,比利时 / 法国, 法语,7.5
芭比之美人鱼历险记 Barbie in a Mermaid Tale,,Adam L. Wood,,Kelly Sheridan,,Kelly Sheridan,,Kathleen Barr,,Nakia Burrise,"['动画', '家庭']",74分钟,2010,美国, 英语,7.5
宇宙奇趣录 Heavy Metal,,杰拉德·伯特顿,,Daniel Goldberg,,罗德格尔·邦帕斯,,约翰·坎迪,,杰姬·布罗斯,"['动画', '奇幻', '冒险']",86 分钟,1981,加拿大, 英语,7.5
克娄巴特拉计划 クレオパトラ,,手冢治虫,,里吉しげみ,,中山千夏,,ハナ肇,,吉村実子,"['剧情', '喜剧', '爱情', '科幻', '动画', '历史']",112 分钟,1970,日本, 日语,7.5
黑眼圈 Nina,,埃托尔·达利亚,,Marçal Aquino,,Guta Stresser,,米尔黑·考塔兹,,Anderson Faganello,"['剧情', '动画', '惊悚']",85 分钟,2004,巴西, 葡萄牙语,7.5
小黄人大眼萌 Minions,,凯尔·巴尔达,,布莱恩·林奇,,桑德拉·布洛克,,乔恩·哈姆,,迈克尔·基顿,"['喜剧', '动画']",91分钟,2015,美国, 英语 / 西班牙语,7.4
天降美食 Cloudy with a Chance of Meatballs,,菲尔·罗德,,菲尔·罗德,,比尔·哈德尔,,安娜·法瑞丝,,詹姆斯·肯恩,"['喜剧', '动画', '奇幻']",90分钟,2009,美国, 英语,7.4
麦兜响当当 麥兜響當當,,谢立文,,谢立文,,黄渤,,黄秋生,,吴君如,"['喜剧', '动画']",81分钟(重映版),2009,中国大陆 / 香港, 汉语普通话 / 粤语,7.4
海底总动员2：多莉去哪儿 Finding Dory,,安德鲁·斯坦顿,,安德鲁·斯坦顿,,艾伦·德杰尼勒斯,,艾伯特·布鲁克斯,,艾德·奥尼尔,"['喜剧', '动画', '家庭', '冒险']",97分钟,2016,美国, 英语,7.4
魔弦传说 Kubo and the Two Strings,,特拉维斯·奈特,,马克·海姆斯,,查理兹·塞隆,,马修·麦康纳,,拉尔夫·费因斯,"['动画', '奇幻', '冒险']",102分钟,2016,美国, 英语,7.4
快乐的大脚 Happy Feet,,乔治·米勒,,沃伦·科尔曼,,伊莱贾·伍德,,布莱特妮·墨菲,,休·杰克曼,"['喜剧', '爱情', '动画', '音乐', '家庭', '冒险']",108 分钟,2006,澳大利亚 / 美国, 英语,7.4
天才眼镜狗 Mr. Peabody & Sherman,,罗伯·明可夫,,杰伊·沃德,,泰·布利尔,,麦克斯·查尔斯,,罗莉·弗雷泽,"['喜剧', '科幻', '动画', '冒险']",92分钟,2014,美国, 英语 / 西班牙语,7.4
宝贝老板 The Boss Baby,,汤姆·麦格拉思,,迈克尔·麦库勒斯,,亚历克·鲍德温,,迈尔斯·克里斯托弗·巴克什,,吉米·坎摩尔,"['喜剧', '动画']",97分钟,2017,美国, 英语,7.4
猫头鹰王国：守卫者传奇 Legend of the Guardians: The Owls of Ga'Hoole,,扎克·施奈德,,约翰·奥罗夫,,吉姆·斯特吉斯,,雨果·维文,,艾米莉·德瑞文,"['动作', '动画', '奇幻', '冒险']",97分钟,2010,美国 / 澳大利亚, 英语,7.4
比得兔 Peter Rabbit,,威尔·古勒,,威尔·古勒,,詹姆斯·柯登,,多姆纳尔·格里森,,萝丝·拜恩,"['喜剧', '动画', '冒险']",95分钟,2018,美国 / 英国 / 澳大利亚, 英语,7.1
魔法奇缘 Enchanted,,凯文·利玛,,Bill Kelly,,艾米·亚当斯,,帕特里克·德姆西,,詹姆斯·麦斯登,"['喜剧', '爱情', '动画', '歌舞']",107 分钟,2007,美国, 英语,7.1
自杀专卖店 Le magasin des suicides,,帕特里斯·勒孔特,,让·特磊 Jean Teulé,,贝纳德·阿兰尔,,Isabelle Spade,,Isabelle Giami,"['喜剧', '动画', '歌舞']",79分钟,2012,法国 / 加拿大 / 比利时, 法语,7.1
鲨鱼黑帮 Shark Tale,,罗伯·莱特曼,,迈克尔·J·威尔森,,威尔·史密斯,,罗伯特·德尼罗,,蕾妮·齐薇格,"['喜剧', '动画', '冒险']",90 分钟,2004,美国, 英语,7.1
生化危机：恶化 バイオハザード ディジェネレーション,,神谷诚,,菅正太郎,,保罗·默西埃,,Alyson Court,,劳拉·贝莉,"['动作', '科幻', '动画', '惊悚']",97分钟,2008,日本, 英语 / 日语,7.1
丛林大反攻 Open Season,,罗杰·阿勒斯,,Steve Moore,,马丁·劳伦斯,,阿什顿·库彻,,乔恩·费儒,"['喜剧', '动画', '家庭', '冒险']",83分钟,2006,美国, 英语,7.1
野蛮人罗纳尔 Ronal Barbaren,,Kresten Vestbjerg Andersen,,索布约恩·克里斯托弗森,,布里吉特·尼尔森,,拉斯·米克尔森,,史文-欧尔·托尔森,"['动作', '动画', '冒险']",89分钟,2011,丹麦, 丹麦语,7.1
妈妈咪鸭,,赵锐,,丁丁,,赵路,,武皓栋,,殷筱瑜,"['喜剧', '动画', '家庭', '冒险']",90分钟,2018,中国大陆 / 美国, 汉语普通话 / 英语,7.1
2077日本锁国 ベクシル 2077日本鎖国,,曾利文彦,,半田遥,,黑木美沙,,松雪泰子,,谷原章介,"['动作', '科幻', '动画']",109分钟,2007,日本, 日语,7.1
鼠国流浪记 Flushed Away,,山姆·菲尔,,迪克·克莱蒙特,,休·杰克曼,,凯特·温丝莱特,,伊恩·麦克莱恩,"['喜剧', '动画', '家庭', '冒险']",85 分钟,2006,英国 / 美国, 英语,7.1
阿唐奇遇,,王微,,王微,,石磊,,原泽宇,,季冠霖,"['动画', '奇幻', '冒险']",98分钟,2017,中国大陆, 汉语普通话,7.1
小美人鱼2：重返大海 The Little Mermaid II: Return to the Sea,,Jim Kammerud,,伊丽莎白·安德森,,裘蒂·班森 Jodi Benson/爱丽儿,,罗伯·鲍森 Rob Paulsen/埃里克王子,,塔拉·斯特朗 Tara Strong/美莉缇,"['动画', '歌舞', '家庭', '奇幻']",75 分钟,2000,美国 / 加拿大 / 澳大利亚, 英语,7.1
地下理想国 Metropia,,塔里克·萨利赫,,Fredrik Edin,,Vincent Gallo,,朱丽叶特·刘易斯,,乌多·基尔,"['科幻', '动画', '惊悚']",86分钟,2009,瑞典 / 丹麦 / 挪威 / 芬兰, 英语,7.1
龙战 Chasseurs de dragons,,纪约姆·伊弗奈,,弗雷德里克·勒努瓦,,文森特·林顿,,帕特里克·坦西,,菲利普·纳翁,"['动画', '奇幻', '冒险']",80分钟,2008,法国 / 德国 / 卢森堡, 法语 / 法语,7.1
丑小鸭和小老鼠 The Ugly Duckling and Me!,,Karsten Kiilerich,,Mark Hodkinson,,Rick Kavanian,,Michael Liebman,,Morgan C. Jones,"['喜剧', '动画']",Canada: 90 分钟(Toronto International Film Festival),2006,法国 / 德国 / 爱尔兰 / 英国 / 丹麦, 丹麦语 / 英语 / 法语 / 德语,7.1
黑猫鲁道夫 ルドルフとイッパイアッテナ,,汤山邦彦,,齐藤洋,,井上真央,,铃木亮平,,八岛智人,"['喜剧', '动画', '冒险']",89分钟,2016,日本, 日语,7.1
"鸡妈鸭仔 마당을 나온 암탉, 잎싹",,吴成允,,金恩正,,崔岷植,,俞承豪,,文素丽,['动画'],94分钟,2011,韩国, 韩语,7.1
法式蜗牛料理 Escargore,,Oliver Hilbert,,Oliver Hilbert,,Jodie Rimmer,,Campbell Cooley,,Greg Johnson,"['喜剧', '动画', '恐怖']",5分钟,2015,新西兰 New Zealand, 英语,7.1
绿灯侠：首次飞行 Green Lantern: First Flight,,劳伦·蒙哥马利,,艾伦·伯内特,,克里斯托弗·米洛尼,,维克多·加博,,翠西亚·希弗,"['动作', '科幻', '动画', '冒险']",USA: 77 分钟,2009,美国, 英语 / 西班牙语,6.7
超人与蝙蝠侠：启示录 Superman/Batman: Apocalypse,,Lauren Montgomery,,Tab Murphy,,Tim Daly,,Kevin Conroy,,Summer Glau,['动画'],USA: 78 分钟,2010,美国, 英语 / 法语 / 世界语,6.7
蝙蝠侠大战罗宾 Batman vs. Robin,,杰伊·欧力瓦,,J·M·德马泰,,杰森·奥玛拉,,斯图尔特·艾伦,,大卫·麦考姆,"['动作', '动画', '冒险']",80分钟,2015,美国, 英语,6.7
暹罗决：九神战甲 The Legend of Muay Thai: 9 Satra,,彭萨·康斯里,,纳·约斯瓦塔纳蒙,,卡诺查·曼雅德昂,,萨维提·苏提查农,,Sirichai Charoenkijtanakul,"['动作', '动画', '奇幻']",104分钟,2018,泰国, 泰语 / 英语 / 汉语普通话,6.7
汤姆与杰瑞遇见福尔摩斯 Tom And Jerry Meet Sherlock Holmes,,史派克·布兰特,,Earl Kress,,马尔科姆·麦克道威尔,,麦克尔·约克,,约翰·瑞斯-戴维斯,['动画'],50分钟,2010,美国, 英语,6.7
少年泰坦：犹大契约 Teen Titans: The Judas Contract,,刘山姆,,厄尼·阿特巴克,,斯图尔特·艾伦,,杰克·T·奥斯汀,,泰莎·法米加,"['动作', '动画']",84分钟,2017,美国, 英语,6.7
晴空战士 원더풀 데이즈,,Moon-saeng Kim,,Jun-Young Park,,Marc Worden,,Cathy Cavadini,,类型:,"['动作', '科幻', '动画', '奇幻']",87分钟,2003,韩国 / 美国, 韩语 / 英语,6.7
猫和老鼠：绿野仙踪 Tom and Jerry & The Wizard of Oz,,史派克·布兰特,,Gene Grillo,,Tom,,Jerry,,类型:,"['动画', '家庭']",60分钟,2011,美国, 英语,6.7
极地大冒险 Niko - Lentäjän poika,,Michael Hegner,,哈努·图奥迈宁,,Olli Jantunen,,汉努-佩卡·约克曼,,沃科·霍瓦塔,"['剧情', '动画', '家庭', '冒险']",80 分钟,2008,芬兰 / 丹麦 / 德国 / 爱尔兰, 英语 / 芬兰语,6.7
母牛总动员 Home on the Range,,John Sanford,,John Sanford,,G.W.拜利,,罗西妮·巴尔,,史蒂夫·布西密,"['动画', '音乐', '家庭', '西部']",76 分钟,2004,美国, 英语,6.7
棒球小英雄 Everyone's Hero,,克里斯托弗·里夫,,Robert Kurtz,,Ritchie Allen,,杰克·T·奥斯汀,,Cherise Boothe,"['喜剧', '动画', '家庭', '冒险', '运动']",88 分钟,2006,加拿大 / 美国, 英语,6.7
库尔特是残酷的 Kurt blir grusom,,Rasmus A. Sivertsen,,Karsten Fullu,,Atle Antonsen,,Kristin Skogheim,,阿卡塞尔·亨涅,"['喜剧', '动画', '家庭']",74 分钟,2008,挪威 / 丹麦, 挪威语,6.7
地狱高中生活 Middle School: The Worst Years of My Life,,史蒂夫·卡尔,,克里斯·鲍曼,,格里芬·格鲁克,,劳伦·格拉汉姆,,艾莉克莎·尼森森,"['喜剧', '动画', '奇幻']",92分钟,2016,美国 / 柬埔寨, 英语 / 高棉语,6.7
贝奥武夫 Beowulf,,罗伯特·泽米吉斯,,尼尔·盖曼,,雷·温斯顿,,克里斯平·格洛弗,,安吉丽娜·朱莉,"['动作', '动画', '奇幻', '冒险']",115 分钟,2007,美国, 英语 / 古英语,6.6
战鸽总动员 Valiant,,Gary Chapman,,Jordan Katz,,伊万·麦克格雷格,,蒂姆·克里,,吉姆·布劳德本特,"['喜剧', '动画', '家庭', '战争', '冒险']",76 分钟,2005,英国, 英语,6.6
熊出没之夺宝熊兵,,丁亮,,刘富源,,张秉君,,张伟,,谭笑,"['喜剧', '动画', '家庭', '冒险']",95分钟,2014,中国大陆, 汉语普通话,6.6
生化危机：复仇 バイオハザード：ヴェンデッタ,,辻本贵则,,深见真,,艾琳·卡希尔,,达林·德·保罗,,布莱恩·T·德莱尼,"['动作', '动画', '恐怖', '冒险']",97分钟,2017,日本, 英语 / 日语,6.6
昆塔：盒子总动员,,李炼,,李炼,,狄菲菲,,张云翼,,洪海天,"['喜剧', '动画', '冒险']",83分钟,2013,中国大陆, 汉语普通话 / 英语,6.2
抢劫坚果店2 The Nut Job 2: Nutty by Nature,,卡尔·布伦克尔,,鲍勃·巴伦,,威尔·阿奈特,,凯瑟琳·海格尔,,玛娅·鲁道夫,"['喜剧', '动画', '冒险']",91分钟,2017,加拿大 / 韩国 / 美国 / 中国大陆, 英语,6.2
乐高DC超级英雄：亚特兰蒂斯之怒 Lego DC Comics Super Heroes: Aquaman - Rage of Atlantis,,马特·皮特斯,,詹姆斯·克里格,,迪·布拉雷·贝克尔,,特罗伊·贝克,,格蕾·德丽斯勒,"['动画', '冒险']",77分钟,2018,美国, 英语,6.2
小猪妈仔 Unstable Fables: 3 Pigs & a Baby,,Howard E. Baker,,Jon Cryer,,Jon Cryer,,Brad Garrett,,Steve Zahn,"['动画', '家庭']",76分钟,2008,美国, 英语,6.2
狗狗的疯狂假期 Ozzy,,阿尔贝托·罗德里格,,胡安·拉蒙·鲁伊斯·索马维亚,,吉列尔莫·罗梅罗,,丹尼·罗维拉,,何塞·莫塔,"['喜剧', '动画', '冒险']",90分钟,2016,西班牙 / 加拿大, 西班牙语 / 英语,6.2
太空黑猩猩 Space Chimps,,Kirk De Micco,,Simon Goltsman,,安迪·萨姆伯格,,Cameron Bright,,切瑞·海恩斯,"['喜剧', '科幻', '动画', '家庭', '冒险']",81 分钟,2008,美国, 英语,6.2
少年雷神 Thor: Tales of Asgard,,刘山姆,,Greg Johnson,,里克·高莫兹,,Tara Strong,,Matthew Wolf,"['动作', '动画', '冒险']",77分钟,2011,美国, 英语,6.2
神秘世界历险记2,,王云飞,,王云飞,,刘校妤,,孟泉霖,,陆揆,"['动画', '家庭', '冒险']",80分钟,2014,中国大陆, 汉语普通话,6.2
昨日青空,,奚超,,苏尚卿,,苏尚卿,,王一博,,段艺璇,"['爱情', '动画']",82分钟,2018,中国大陆, 汉语普通话,6.1
正义联盟：亚特兰蒂斯的宝座 Justice League: Throne of Atlantis,,伊桑·斯波尔丁,,希思·科森,,克里斯托弗·戈勒姆,,马特·兰特尔,,杰瑞·奥康奈尔,"['动作', '动画', '冒险']",72分钟,2015,美国, 英语,6.1
神童 The Prodigies,,Antoine Charreyron,,Alexandre de La Patellière,,Moon Dailly,,Claire Thill,,Lauren Ashley Carter,"['科幻', '动画']",90分钟,2011,法国, 法语,6.1
冰雪大作战 Snowtime!,,让-弗朗索瓦·波略特,,诺曼·卡纳克-马库斯,,安吉拉·嘉鲁皮,,玛丽欧·沃尔夫,,露辛达·戴维斯,"['喜剧', '动画', '家庭']",80分钟,2015,加拿大, 英语 / 法语,6.1
虎皮萌企鹅 Les As de la Jungle,,大卫阿拉克斯,,大卫阿拉克斯,,菲利普·波佐,,劳伦·默度,,帕斯卡尔·卡萨诺瓦,['动画'],97分钟,2017,法国, 法语,6.1
昆塔：反转星球,,李炼,,李炼,,李正翔,,洪海天,,陶典,['动画'],85分钟,2017,中国大陆, 汉语普通话,6.1
神兵小将,,黄玉郎,,方锦历,,杨青倩,,谢楠,,常索妮,"['动画', '奇幻']",95分钟,2009,中国大陆, 汉语普通话,6.1
绿林大冒险,,徐克,,徐克,,张欣,,张安琪,,王肖兵,"['动画', '奇幻', '冒险']",91分钟,2012,中国大陆, 汉语普通话,6.1
火鸡总动员 Free Birds,,吉米·海沃德,,吉米·海沃德,,欧文·威尔逊,,伍迪·哈里森,,艾米·波勒,"['喜剧', '动画', '冒险']",91分钟,2013,美国, 英语,6.0
长江7号爱地球,,袁建滔,,李敏,,徐娇,,石班瑜,,董洁,['动画'],83分钟,2010,中国大陆 / 香港, 汉语普通话,6.0
猫和老鼠之巨人大冒险 Tom and Jerry's Giant Adventure,,史派克·布兰特,,保罗·迪尼,,托马斯·F·威尔森,,加里森·凯勒尔,,保罗·雷宾斯,['动画'],57分钟,2013,美国, 英语,6.0
桂宝之爆笑闯宇宙,,王云飞,,王云飞,,王云飞,,阿桂,,杨天翔,"['喜剧', '科幻', '动画']",95分钟,2015,中国大陆 / 香港, 汉语普通话,5.2
蜡笔总动员 The Hero of Color City,,弗兰克·格拉德斯通,,杰斯·凯德华,,克里斯蒂娜·里奇,,西恩·奥斯汀,,欧文·威尔逊,"['喜剧', '动画', '家庭']",78分钟,2014,美国 / 中国大陆 / 印度 / 韩国, 英语 / 法语,5.2
怪物岛 Monster Island,,里昂珀多·阿格拉,,比利·弗罗利克,,埃里克·拉森,,罗格·杰克逊,,菲奥娜·哈丁汉姆,"['喜剧', '动画', '冒险']",87分钟,2017,墨西哥, 英语,5.2
青蛙王国之冰冻大冒险,,常光希,,郑立国,,孙楠,,石班瑜,,姜瑰瑾,"['喜剧', '动画', '冒险']",83分钟,2015,中国大陆, 汉语普通话,5.2
玩偶奇兵,,申宇,,黄燕,,严丽祯,,李晔,,王衡,"['动画', '奇幻', '冒险']",88分钟,2017,中国大陆, 汉语普通话,5.2
金龟子,,丁实,,马华,,刘纯燕,,张磊,,杨晨,"['动画', '家庭', '冒险']",77分钟,2018,中国大陆, 汉语普通话,5.2
黑猫警长之翡翠之星,,于胜军,,李彧,,赵路,,吴天昊,,林子杰,"['喜剧', '动作', '科幻', '动画']",83分钟,2015,中国大陆, 汉语普通话,5.1
萤火奇兵,,邓伟锋,,邓伟锋,,山新,,姚雷,,郭盛,"['喜剧', '动画', '奇幻', '冒险']",85分钟,2017,中国大陆, 汉语普通话,5.1
无敌钢铁侠 The Invincible Iron Man,,Frank Paur,,格文多林·叶,,格文多林·叶,,Marc Worden,,Fred Tatasciore,"['动作', '科幻', '动画', '奇幻', '冒险']",83 分钟,2007,美国, 英语 / 英语,5.0
肩上蝶,,张之亮,,张之亮,,陈坤,,梁咏琪,,江一燕,"['剧情', '爱情', '动画', '奇幻']",122分钟,2011,中国大陆, 汉语普通话 / 粤语,4.9
洛克王国3：圣龙的守护,,龚宾四,,黄伟健,,杨莹,,阎萌萌,,皇贞季,"['动画', '奇幻', '冒险']",85分钟,2014,中国大陆, 汉语普通话,4.9
阿凡提之奇缘历险,,刘炜,,刘炜,,胡谦,,李晔,,蒋可,"['喜剧', '动画']",85分钟,2018,中国大陆, 汉语普通话,4.9
金箍棒传奇,,哈磊,,王冰,,韩雪,,吴天昊,,于立,"['喜剧', '动画', '冒险']",88分钟,2012,中国大陆, 汉语普通话,4.9
猪猪侠之英雄猪少年,,陆锦明,,王晓莉,,易烊千玺,,陈轶,,张子琨,"['喜剧', '动画', '奇幻']",91分钟,2017,中国大陆, 汉语普通话,4.9
终极大冒险,,孙立军,,牛博鸶,,谢娜,,路知行,,韩童生,"['喜剧', '动画', '冒险']",85分钟,2013,中国大陆, 汉语普通话,4.9
超能太阳鸭 Крякнутые каникулы,,维克多·拉基索夫,,鲍勃·安德伍德,,迈克尔·格罗斯,,杰西·科尔蒂,,马克·戴卡洛,"['剧情', '喜剧', '动画']",86分钟,2016,俄罗斯 / 美国 / 中国大陆, 俄语 / 英语 / 汉语普通话,4.9
佛兰德斯的狗 フランダースの犬,,黑田昌郎 Yoshio Kuroda,,丸尾美穗 Miho Maruo,,Brady Bluhm,,Debi Derryberry,,罗伯特·劳吉亚,"['剧情', '爱情', '动画']",93 分钟,1997,日本 / 美国, 日语,8.9
西岳奇童,,靳夕,,武向彤,,武向彤,,韩非,,丁建华,"['剧情', '动画', '奇幻']",54分钟,1984,中国大陆, 汉语普通话,8.9
反叛的鲁路修特别篇：暗黑的背叛 コードギアス 反逆のルルーシュ 特別編集版 Black Rebellion,,谷口悟朗,,大河内一楼,,福山润,,樱井孝宏,,野上尤加奈,['动画'],117分钟,2008,日本, 日语,8.9
古剑奇谭2：永夜初晗,,鼻涕妞,,鼻涕妞,,赵毅,,山新,,夏磊,"['爱情', '动画', '奇幻', '冒险']",121分钟,2014,中国大陆, 汉语普通话,8.9
幽灵公主 もののけ姫,,宫崎骏,,宫崎骏,,松田洋治,,石田百合子,,田中裕子,"['动画', '奇幻', '冒险']",134分钟,1997,日本, 日语,8.8
玩具总动员3 Toy Story 3,,李·昂克里奇,,迈克尔·阿恩特,,汤姆·汉克斯,,蒂姆·艾伦,,琼·库萨克,"['喜剧', '动画', '奇幻', '冒险']",103分钟,2010,美国, 英语 / 西班牙语,8.8
萤火之森 蛍火の杜へ,,大森贵弘,,绿川幸,,佐仓绫音,,内山昂辉,,辻亲八,"['剧情', '爱情', '动画', '奇幻']",45分钟,2011,日本, 日语,8.8
侧耳倾听 耳をすませば,,近藤喜文,,宫崎骏,,本名阳子,,小林桂树,,高山南,"['剧情', '爱情', '动画']",111分钟,1995,日本, 日语 / 英语,8.8
风之谷 風の谷のナウシカ,,宫崎骏,,宫崎骏,,岛本须美,,松田洋治,,榊原良子,"['动画', '奇幻', '冒险']",117分钟,1984,日本, 日语,8.8
你看起来好像很好吃 おまえうまそうだな,,藤森雅也,,村上修,,山口胜平,,爱河里花子,,加藤清史郎,"['剧情', '动画', '儿童']",90分钟,2010,日本, 日语,8.8
海洋之歌 Song of the Sea,,汤姆·摩尔,,汤姆·摩尔,,大卫·罗尔,,布莱丹·格里森,,丽莎·汉尼根,"['剧情', '动画', '冒险']",93分钟,2014,爱尔兰 / 丹麦 / 比利时 / 卢森堡 / 法国, 英语 / 爱尔兰语 / 苏格兰盖尔语,8.8
迷墙 Pink Floyd The Wall,,艾伦·帕克,,罗杰·沃特斯,,鲍勃·吉尔道夫,,Christine Hargreaves,,James Laurenson,"['剧情', '动画', '奇幻']",95 分钟,1982,英国, 英语,8.8
黑客帝国动画版 The Animatrix,,钟彼得,,莉莉·沃卓斯基,,大塚明夫,,克莱顿·华生,,帕梅拉·阿德龙,"['剧情', '动作', '科幻', '动画']",102 分钟,2003,美国, 英语 / 日语,8.8
艾特熊和赛娜鼠 Ernest et Célestine,,斯特凡·奥比尔,,达尼埃尔·佩纳克,,朗贝尔·维尔森,,波利娜·布伦纳,,安妮-玛丽·卢珀,['动画'],80分钟,2012,法国, 法语,8.8
回忆三部曲 Memories,,大友克洋,,大友克洋,,矶部勉,,山寺宏一,,饭冢昭三,"['科幻', '动画', '惊悚', '奇幻']",113 分钟,1995,日本, 日语 / 英语,8.8
天才嘉年华2 Genius Party Beyond,,前田真宏,,高乃丽,,高乃丽,,古田新太,,铃木晶子,['动画'],81分钟,2008,日本, 日语,8.5
极乐同盟 Spiklenci slasti,,杨·史云梅耶,,杨·史云梅耶,,Petr Meissel,,Gabriela Wilhelmová,,Barbora Hrzánová,"['喜剧', '动画']",85分钟,1996,捷克 / 瑞士 / 英国, 捷克语,8.5
你的名字。 君の名は。,,新海诚,,新海诚,,神木隆之介,,上白石萌音,,长泽雅美,"['剧情', '爱情', '动画']",106分钟,2016,日本, 日语,8.4
悬崖上的金鱼姬 崖の上のポニョ,,宫崎骏,,宫崎骏,,奈良柚莉爱,,土井洋辉,,山口智子,"['动画', '奇幻', '冒险']",101分钟,2008,日本, 日语,8.4
红猪 紅の豚,,宫崎骏,,宫崎骏,,森山周一郎,,加藤登纪子,,冈村明美,"['喜剧', '动画', '冒险']",94分钟,1992,日本, 日语,8.4
美女与野兽 Beauty and the Beast,,加里·特洛斯达勒,,琳达·伍尔芙顿,,佩吉·奥哈拉,,罗比·本森,,理查德·怀特,"['喜剧', '爱情', '动画', '歌舞', '奇幻']",84分钟,1991,美国, 英语 / 法语,8.4
麦兜·当当伴我心 麥兜‧噹噹伴我心,,谢立文,,谢立文,,黄秋生,,吴君如,,胡歌,"['喜剧', '动画']",80分钟,2012,中国大陆 / 香港, 汉语普通话 / 粤语,8.4
辛普森一家 The Simpsons Movie,,大卫·斯沃曼,,詹姆斯·L·布鲁克斯,,丹·卡斯泰兰尼塔,,朱莉·卡夫娜,,南茜·卡特莱特,"['喜剧', '动画', '冒险']",87分钟,2007,美国, 英语,8.4
小羊肖恩 Shaun the Sheep Movie,,马克·伯顿,,马克·伯顿,,贾斯汀·弗莱彻,,约翰·斯帕克斯,,欧米德·吉亚李利,"['喜剧', '动画', '冒险']",85分钟,2015,英国 / 法国, 无对白,8.4
百变狸猫 平成狸合戦ぽんぽこ,,高畑勋,,高畑勋,,古今亭志ん朝,,三木纪平,,清川虹子,"['剧情', '喜剧', '动画', '奇幻']",119 分钟,1994,日本, 日语,8.4
麦兜·我和我妈妈 麥兜‧我和我媽媽,,谢立文,,谢立文,,黄磊,,吴君如,,张正中,"['喜剧', '动画', '家庭']",81分钟,2014,香港 / 中国大陆, 汉语普通话 / 粤语,8.4
养家之人 The Breadwinner,,诺拉·托梅,,安妮塔·多兰,,莎拉·乔德利,,索玛·查亚,,诺林·古拉姆高斯,"['剧情', '动画', '家庭']",94分钟,2017,爱尔兰 / 加拿大 / 卢森堡, 英语,8.4
凯尔经的秘密 The Secret of Kells,,汤姆·摩尔,,汤姆·摩尔,,伊万·麦克奎尔,,克里斯滕·穆尼,,布莱丹·格里森,"['动画', '奇幻', '冒险']",75分钟,2009,爱尔兰 / 法国 / 比利时, 英语 / 爱尔兰语 / 苏格兰盖尔语,8.4
机动警察剧场版1 機動警察パトレイバー the Movie,,押井守,,伊藤和典,,千叶繁,,古川登志夫,,林原惠美,"['剧情', '动作', '科幻', '动画', '犯罪']",100分钟,1989,日本, 英语 / 日语,8.2
"幸福是一条温暖的毛毯 Happiness Is a Warm Blanket, Charlie Brown",,Andrew Beall,,Charles M. Schulz,,Trenton Rogers,,Shane Baumel,,Blesst Bowden,"['剧情', '喜剧', '动画', '家庭']",46分钟,2011,美国, 英语,8.2
变形金刚大电影 The Transformers: The Movie,,尼尔森·申,,Ron Friedman,,彼特·库伦,,伦纳德·尼莫伊,,弗兰克·维尔克,"['动作', '科幻', '动画', '冒险']",84分钟,1986,美国 / 日本, 英语 / 日语,8.2
动物农场 Animal Farm,,约翰·哈拉斯,,Borden Mace,,Gordon Heath,,莫瑞斯·德纳姆,,类型:,"['剧情', '动画']",72 分钟,1954,英国, 英语,8.2
星际宝贝史迪奇 Stitch! The Movie,,托尼·克莱格,,罗伯茨·甘纳韦,,黛维·切斯,,克里斯·桑德斯,,蒂亚·卡雷尔,"['喜剧', '科幻', '动画', '家庭', '冒险']",60分钟,2003,美国, 英语,8.2
奇特的故事 Extraordinary Tales,,劳尔·加西亚,,劳尔·加西亚,,罗杰·科曼,,吉尔莫·德尔·托罗,,柯奈莉亚·冯克,"['动画', '悬疑']",73分钟,2013,卢森堡 / 美国 / 西班牙 / 比利时, 英语,8.2
机器人嘉年华 ロボットカーニバル,,大友克洋,,森次晃嗣,,森次晃嗣,,Yayoi Maki,,Keiko Hanagata,"['科幻', '动画']",93分钟,1987,日本, 日语,8.2
飞出个未来大电影4：绿色狂想 Futurama: Into the Wild Green Yonder,,皮特·阿凡季诺,,马特·格罗宁,,比利·维斯特,,凯特蕾·萨加尔,,约翰·迪·玛吉欧,"['喜剧', '科幻', '动画']",89 分钟(DVD version),2009,美国, 英语,8.2
夏洛的网 Charlotte's Web,,Charles A. Nichols,,埃尔文·布鲁克斯·怀特,,Paul Lynde,,Agnes Moorehead,,Debbie Reynolds,"['动画', '歌舞', '家庭']",94 分钟,1973,美国, 英语,8.2
蝙蝠侠超人大电影-最佳搭档 The Batman Superman Movie: World's Finest,,Toshihiko Masuda,,Stan Berkowitz,,蒂姆·达利,,达娜·德拉尼,,凯文·康瑞,"['科幻', '动画', '犯罪']",64分钟,1997,美国, 英语,8.2
沃特希普高地 Watership Down,,马丁·罗森,,理查德·亚当斯,,约翰·赫特,,理查德·布赖尔斯,,迈克尔·格拉汉姆·考克斯,"['剧情', '动画', '冒险']",101 分钟,1978,英国, 英语,8.2
飞哥与小佛的时空大冒险 Phineas and Ferb the Movie: Across the 2nd Dimension,,丹·波文迈尔,,乔恩·科尔顿·巴里,,艾莉森·斯通勒,,迪·布拉雷·贝克尔,,托马斯·布罗迪-桑斯特,"['动画', '家庭', '冒险']",78分钟,2011,美国, 英语,8.2
老夫子,,蔡志忠,,胡树儒,,陈曙光,,黄端,,金贵,"['喜剧', '动画']",80分钟,1981,香港, 粤语,8.3
米奇与魔豆 Fun & Fancy Free,,Jack Kinney,,Edgar Bergen,,Edgar Bergen,,Dinah Shore,,Charlie McCarthy,['动画'],73 分钟,1947,美国, 英语,8.2
足球小将 欧洲大决战 キャプテン翼 ヨーロッパ大決戦,,光延博愛,,菅良幸,,小粥よう子,,山田栄子,,鈴置洋孝,"['动画', '运动']",41分钟,1985,日本, 日语,8.2
甘达星人 Gandahar,,阿内·拉鲁,,René Laloux,,Pierre-Marie Escourrou,,Catherine Chevallier,,Georges Wilson,"['科幻', '动画', '奇幻', '冒险']",USA: 83 分钟,1988,法国, 法语,8.0
美女与野兽之幸福生活 Beauty and the Beast: Belle's Magical World,,Cullen Blaine,,Alice Brown,,佩吉·奥哈拉,,罗比·本森,,杰夫·贝内特,"['喜剧', '动画', '音乐', '家庭', '奇幻']",92分钟,1998,美国, 英语,8.0
白蛇：缘起,,黄家康,,大毛,,张喆,,杨天翔,,唐小喜,"['爱情', '动画', '奇幻']",99分钟,2019,中国大陆 / 美国, 汉语普通话,7.9
哆啦A梦：伴我同行 STAND BY ME ドラえもん,,八木龙一,,山崎贵,,水田山葵,,大原惠美,,嘉数由美,"['剧情', '动画']",95分钟,2014,日本, 日语,7.9
驯龙高手2 How to Train Your Dragon 2,,迪恩·德布洛斯,,迪恩·德布洛斯,,杰伊·巴鲁切尔,,凯特·布兰切特,,杰拉德·巴特勒,"['动画', '奇幻', '冒险']",102分钟,2014,美国, 英语,7.9
超人总动员2 Incredibles 2,,布拉德·伯德,,布拉德·伯德,,格雷格·T·尼尔森,,霍利·亨特,,莎拉·沃威尔,"['喜剧', '动作', '动画', '冒险']",118分钟,2018,美国, 英语,7.9
精灵旅社 Hotel Transylvania,,格恩迪·塔塔科夫斯基,,彼得·贝恩汉姆,,亚当·桑德勒,,安迪·萨姆伯格,,赛琳娜·戈麦斯,"['喜剧', '动画', '奇幻']",91分钟,2012,美国, 英语,7.9
怪物史瑞克 Shrek,,安德鲁·亚当森,,威廉·史塔克,,麦克·梅尔斯,,艾迪·墨菲,,卡梅隆·迪亚兹,"['喜剧', '动画', '家庭', '奇幻', '冒险']",90 分钟,2001,美国, 英语,7.9
起风了 風立ちぬ,,宫崎骏,,宫崎骏,,庵野秀明,,泷本美织,,西岛秀俊,"['剧情', '爱情', '动画']",126分钟,2013,日本, 日语 / 法语 / 德语,7.9
宝莲灯,,常光希,,王大为,,姜文,,徐帆,,宁静,['动画'],85分钟,1999,中国大陆, 汉语普通话,7.9
兰戈 Rango,,戈尔·维宾斯基,,约翰·洛根,,约翰尼·德普,,艾拉·菲舍尔,,阿比盖尔·布蕾斯琳,"['喜剧', '动作', '动画', '西部', '冒险']",107分钟,2011,美国, 英语,7.9
虞美人盛开的山坡 コクリコ坂から,,宫崎吾朗,,宫崎骏,,长泽雅美,,冈田准一,,香川照之,"['剧情', '动画']",91分钟,2011,日本, 日语,7.9
魁拔之十万火急,,王川,,王川,,竹内顺子,,关俊彦,,樱井孝宏,"['动画', '儿童', '奇幻', '冒险']",83分钟,2011,中国大陆, 汉语普通话,7.9
乐高大电影 The Lego Movie,,菲尔·罗德,,菲尔·罗德,,克里斯·帕拉特,,威尔·法瑞尔,,伊丽莎白·班克斯,"['喜剧', '动画', '冒险']",100分钟,2014,美国 / 澳大利亚 / 丹麦, 英语,7.9
狮子王3 The Lion King 1½,,布拉德利·雷蒙德,,汤姆·罗杰斯,,内森·连恩,,厄尼·萨贝拉,,马修·布罗德里克,"['喜剧', '动画', '家庭', '冒险']",77 分钟,2004,澳大利亚 / 美国, 英语,7.9
葫芦兄弟,,胡进庆,,姚忠礼,,豆豆,,小荷,,金炜,['动画'],83分钟,2008,中国大陆, 汉语普通话,7.9
蝙蝠侠：突袭阿卡姆 Batman: Assault on Arkham,,杰伊·欧力瓦,,希思·科森,,凯文·康瑞,,尼尔·麦克唐纳,,海登·瓦尔希,"['动作', '动画', '犯罪']",75分钟,2014,美国, 英语,7.9
正义联盟：战争 Justice League: War,,杰伊·欧力瓦,,希思·科森,,西恩·奥斯汀,,扎克·卡利森,,克里斯托弗·戈勒姆,"['动作', '科幻', '动画', '奇幻', '冒险']",79分钟,2014,美国, 英语,7.9
小叮当与失去的宝藏 Tinker Bell and the Lost Treasure,,克雷·豪尔,,埃文·斯彼里奥托普洛斯,,梅·惠特曼,,杰西·麦卡尼,,简·霍洛克斯,"['喜剧', '动画', '奇幻', '冒险']",81分钟,2009,美国, 英语,7.9
正义联盟：神魔之战 Justice League: Gods and Monsters,,Sam Liu,,艾伦·伯内特,,詹森·艾萨克,,迈克尔·C·豪尔,,塔玛拉·泰勒,"['动作', '科幻', '动画']",76分钟,2015,美国, 英语,7.7
权力的游戏：征服与反抗 Game of Thrones: Conquest and Rebellion,,乔治·马丁,,尼古拉·科斯特-瓦尔道,,尼古拉·科斯特-瓦尔道,,皮鲁·埃斯贝克,,苏菲·特纳,"['剧情', '动画']",45分钟,2017,美国, 英语,7.7
无手的少女 La jeune fille sans mains,,塞巴斯蒂安·劳德巴克,,塞巴斯蒂安·劳德巴克,,阿娜伊斯·德穆斯蒂埃,,杰瑞米·埃尔卡伊姆,,菲利普·劳登巴赫,"['剧情', '动画']",76分钟,2016,法国, 法语,7.7
好奇的乔治 Curious George,,马修·奥卡拉汉,,肯恩·考夫曼,,弗兰克·维尔克,,威尔·法瑞尔,,德鲁·巴里摩尔,"['喜剧', '动画', '冒险']",86分钟,2006,美国 / 德国, 英语,7.7
熊出没之过年,,丁亮,,刘富源,,张秉君,,张伟,,辛媛,['动画'],68分钟,2013,中国大陆, 汉语普通话,7.7
米芽米咕人 Mia et le Migou,,雅克-雷米·杰瑞德,,Benoît Chieux,,丹尼·伯恩,,约翰·迪·玛吉欧,,Garance Lagraa,"['动画', '家庭']",91分钟,2008,法国 / 意大利, 法语,7.7
美食大冒险之英雄烩,,孙海鹏,,孙海鹏,,杨光普照,,孟宇,,张喆,"['动作', '动画', '冒险']",98分钟,2018,中国大陆, 汉语普通话,7.7
阿拉丁和大盗之王 Aladdin and the King of Thieves,,塔德·斯通斯,,Mark McCorkle,,斯科特·维内尔,,罗宾·威廉姆斯,,约翰·瑞斯-戴维斯,"['爱情', '动画', '歌舞', '奇幻']",80 分钟,1996,美国, 英语,7.7
羽国之旅 Resan till Fjäderkungens Rike,,埃斯本·托夫特·雅克伯森,,埃斯本·托夫特·雅克伯森,,艾德文·瑞丁,,图娃·诺沃妮,,古斯塔夫·汉马斯顿,"['动画', '冒险']",78分钟,2014,瑞典 / 丹麦, 瑞典语,7.7
蝙蝠侠大战幻影人 Batman: Mask of the Phantasm,,布鲁斯·提姆,,保罗·迪尼,,凯文·康瑞,,达娜·德拉尼,,哈特·巴克纳,"['动作', '动画', '悬疑', '犯罪']",76 分钟,1993,美国, 英语,7.7
篱笆墙外 Over the Hedge,,蒂姆·约翰逊,,莱恩·布卢姆,,布鲁斯·威利斯,,盖瑞·山德林,,史蒂夫·卡瑞尔,"['喜剧', '动画', '冒险']",83分钟,2006,美国, 英语,7.4
雪怪大冒险 Smallfoot,,凯瑞·柯克帕特里克,,凯瑞·柯克帕特里克,,查宁·塔图姆,,詹姆斯·柯登,,赞达亚,"['喜剧', '动画', '歌舞', '冒险']",96分钟,2018,美国, 英语,7.4
失常 Anomalisa,,查理·考夫曼,,查理·考夫曼,,大卫·休里斯,,詹妮弗·杰森·李,,汤姆·诺南,"['喜剧', '动画', '奇幻']",90分钟,2015,美国, 英语,7.4
史努比：花生大电影 The Peanuts Movie,,史蒂夫·马蒂诺,,布莱恩·舒尔茨,,诺亚·施纳普,,比尔·莫伦茨,,弗朗西斯卡·卡帕尔迪,"['喜剧', '动画', '冒险']",88分钟(中国大陆),2015,美国, 英语,7.4
熊出没之雪岭熊风,,丁亮,,刘富源,,张伟,,张秉君,,谭笑,"['喜剧', '动画', '家庭', '冒险']",96分钟,2015,中国大陆, 汉语普通话,7.4
超人之死 The Death of Superman,,杰克·卡斯托雷纳,,彼得·托马西,,杰瑞·奥康奈尔,,丽贝卡·罗梅恩,,雷恩·威尔森,"['动作', '科幻', '动画']",81分钟,2018,美国, 英语,7.4
异国色恋浪漫谭 異国色恋浪漫譚,,大谷肇,,小石川海,,诹访部顺一,,伊藤健太郎,,置鲇龙太郎,"['动画', '同性']",60分钟,2007,日本, 日语,7.4
黑暗正义联盟 Justice League Dark,,杰伊·欧力瓦,,J·M·德马泰,,马特·瑞安,,卡米拉·卢丁顿,,杰森·奥玛拉,"['动作', '科幻', '动画', '惊悚', '奇幻']",75分钟,2017,美国, 英语,7.4
正义联盟：两个地球的危机 Justice League: Crisis on Two Earths,,刘山姆,,Dwayne McDuffie,,Mark Harmon,,William Baldwin,,Chris Noth,"['动作', '科幻', '动画']",USA: 75 分钟,2010,美国, 英语,7.4
蝙蝠侠：哥谭骑士 Batman: Gotham Knight,,西见祥示郎,,鲍勃·凯恩,,凯文·康瑞,,杰森·马斯登,,斯科特·门维尔,"['动作', '科幻', '动画', '惊悚', '犯罪']",75 分钟,2008,美国 / 日本 / 韩国, 英语 / 日语 / 西班牙语 / 葡萄牙语 / 泰语,7.4
小叮当与海盗仙子 The Pirate Fairy,,佩吉·霍姆斯,,杰弗里·M·霍华德,,梅·惠特曼,,克里斯蒂娜·亨德里克斯,,汤姆·希德勒斯顿,"['动作', '动画', '奇幻', '冒险']",78分钟,2014,美国, 英语,7.4
诺亚方舟漂流记 Ooops! Die Arche ist weg...,,托比·格恩科尔,,里奇·康罗伊,,卡勒姆·马洛尼,,克里斯蒂安·乌蒙,,艾娃·康纳利,"['喜剧', '动画', '冒险']",86分钟,2015,德国 / 比利时 / 卢森堡 / 爱尔兰, 英语,7.4
小美人鱼3：爱丽儿的起源 The Little Mermaid: Ariel's Beginning,,Peggy Holmes,,Robert Reece,,裘蒂·班森,,Samuel E. Wright,,吉姆·库宁斯,"['动画', '家庭', '奇幻']",USA: 77 分钟,2008,美国, 英语,7.4
勇闯黄金城 The Road to El Dorado,,毕鲍·鲍格朗,,Henry Mayo,,凯文·克莱恩,,肯尼思·布拉纳,,阿曼德·阿山特,"['喜剧', '爱情', '动画', '家庭', '冒险']",89 分钟,2000,美国, 英语,7.4
猫和老鼠: 飆风天王 Tom And Jerry The Fast And The Furry,,Bill Kopp,,杰夫·贝内特,,杰夫·贝内特,,Charles Adler,,约翰·迪·玛吉欧,"['喜剧', '动画', '冒险']",USA: 75 分钟,2005,美国, 英语,7.4
芭比之拇指姑娘 Barbie Presents Thumbelina,,Conrad Helten,,凯瑟琳·巴尔,,凯瑟琳·巴尔,,Natasha Calis,,Anna Cummer,"['动画', '家庭']",75分钟,2009,加拿大 / 美国, 英语,7.4
"三个火枪手 Mickey, Donald, Goofy: The Three Musketeers",,多诺文·库克,,大卫·M·埃文斯,,韦恩·艾尔温,,托尼·安塞尔莫,,比尔·法玛尔,"['喜剧', '动画', '家庭', '冒险']",68分钟,2004,美国, 英语,7.4
黑色电影 Film Noir,,D. Jud Jones,,D. Jud Jones,,Mark Keller,,Bettina Devin,,Kristina Negrete,"['动画', '悬疑', '犯罪']",USA: 97 分钟,2007,美国 / 塞尔维亚, 英语,7.1
长颈鹿扎拉法 Zarafa,,雷米·贝占松,,雷米·贝占松,,Max Renaudin Pratt,,Simon Abkarian,,François-Xavier Demaison,"['动画', '冒险']",78分钟,2012,法国, 法语,7.1
高卢英雄大战维京海盗 Astérix et les Vikings,,Stefan Fjeldmark,,勒内·戈西尼,,Roger Carel,,Lorànt Deutsch,,Sara Forestier,"['喜剧', '动画', '家庭', '奇幻', '冒险']",78分钟,2006,法国 / 丹麦, 法语 / 英语,7.1
太空堡垒—暗影编年 Robotech: The Shadow Chronicles,,Dong-Wook Lee,,Ford Riley,,Richard Epcar,,Eddie Frierson,,马克·哈米尔,"['科幻', '动画']",88 分钟,2006,美国, 英语,7.1
大世界,,刘健,,刘健,,朱昌龙,,曹寇,,杨思明,"['剧情', '动画', '犯罪']",77分钟,2017,中国大陆, 汉语普通话,7.0
空中大灌篮 Space Jam,,乔·皮特卡,,莱奥·本韦努蒂,,迈克尔·乔丹,,韦恩·奈特,,特里萨·兰德尔,"['喜剧', '动画', '运动']",88 分钟,1996,美国, 英语,7.0
赛车总动员3：极速挑战 Cars 3,,布莱恩·菲,,布莱恩·菲,,欧文·威尔逊,,克里斯黛拉·阿朗索,,克里斯·库珀,"['喜剧', '动画', '冒险']",102分钟,2017,美国, 英语,7.0
别惹蚂蚁 The Ant Bully,,约翰·A·戴维斯,,约翰·A·戴维斯,,朱莉娅·罗伯茨,,尼古拉斯·凯奇,,梅丽尔·斯特里普,"['喜剧', '动画', '家庭', '奇幻', '冒险']",88 分钟,2006,美国, 英语,7.0
忍者蝙蝠侠 Batman Ninja,,水崎淳平,,中岛一树,,山寺宏一,,高木涉,,加隈亚衣,"['动作', '动画']",85分钟,2018,日本 / 美国, 日语 / 英语,7.0
疯狂农庄 Barnyard,,史蒂夫·欧德科克,,史蒂夫·欧德科克,,凯文·詹姆斯,,柯特妮·考克斯,,丹尼·格洛弗,"['喜剧', '动画', '家庭']",90分钟,2006,德国 / 美国, 英语,7.0
大闹天宫,,万籁鸣,,李克弱,,李扬,,陈凯歌,,陈道明,['动画'],90分钟(3D版),2012,中国大陆, 汉语普通话,7.0
泰若星球 Terra,,阿瑞斯特曼尼斯·瑟巴斯,,埃文·斯彼里奥托普洛斯,,埃文·蕾切尔·伍德,,贾斯汀·朗,,卢克·威尔逊,"['动作', '科幻', '动画', '冒险']",85分钟,2007,美国, 英语,7.0
蚁哥正传 Antz,,埃里克·达尼尔,,托德·奥尔科特,,伍迪·艾伦,,丹·艾克罗伊德,,安妮·班克罗夫特,"['喜剧', '动画', '冒险']",83 分钟,1998,美国, 英语,7.0
冰河世纪：巨蛋恶作剧 Ice Age: The Great Egg-Scapade,,Ricardo Curtis,,Jim Hecht,,Ray Romano,,John Leguizamo,,丹尼斯·利瑞,['动画'],73分钟,2016,美国, 英语,7.0
蝙蝠侠大战急冻人 Batman & Mr. Freeze: SubZero,,Boyd Kirkland,,Boyd Kirkland,,凯文·康瑞,,迈克尔·安萨拉,,类型:,"['剧情', '动作', '科幻', '动画', '惊悚', '犯罪']",70 分钟,1998,美国, 英语,7.0
风语咒,,刘阔,,于奥,,路知行,,阎萌萌,,褚珺,"['动画', '奇幻']",105分钟,2018,中国大陆, 汉语普通话,6.9
豚鼠特攻队 G-Force,,霍伊特·耶特曼,,科马克·韦伯利,,比尔·奈伊,,威尔·阿奈特,,扎克·加利凡纳基斯,"['动作', '动画', '冒险']",88 分钟,2009,美国, 英语,6.9
小门神,,王微,,王微,,高晓松,,白客,,易小星,"['喜剧', '动画', '奇幻']",107分钟,2016,中国大陆, 汉语普通话,6.9
拯救小兔 Hop,,蒂姆·希尔,,辛科·保罗,,詹姆斯·麦斯登,,拉塞尔·布兰德,,凯莉·库柯,"['喜剧', '动画', '冒险']",91分钟,2011,美国, 英语,6.6
亚瑟3：终极对决 Arthur et la guerre des deux mondes,,吕克·贝松,,Céline Garcia,,弗莱迪·海默,,米亚·法罗,,罗伯特·斯坦顿,"['动画', '家庭', '奇幻', '冒险']",100分钟,2010,法国, 英语,6.6
蝙蝠侠：致命玩笑 Batman: The Killing Joke,,刘山姆,,鲍勃·凯恩,,凯文·康瑞,,马克·哈米尔,,塔拉·斯特朗,"['动画', '犯罪']",76分钟,2016,美国, 英语,6.6
逃离地球 Escape from Planet Earth,,卡尔·布伦克尔,,卡尔·布伦克尔,,杰西卡·阿尔芭,,莎拉·杰茜卡·帕克,,布兰登·费舍,"['喜剧', '动画', '冒险']",89分钟,2013,美国 / 加拿大, 英语,6.6
赞鸟历险记 Zambezia,,韦恩·索恩利,,卡蜜拉·布勃纳-卡斯特丽兹,,伦纳德·尼莫伊,,杰里米·苏莱泽,,阿比盖尔·布蕾斯琳,"['喜剧', '动画', '家庭', '冒险']",83分钟,2012,南非, 英语,6.6
狂野大自然 The Wild,,史蒂夫·威廉姆斯,,埃德·德克特,,基弗·萨瑟兰,,詹姆斯·贝鲁什,,艾迪·伊扎德,"['喜剧', '动画', '家庭', '冒险']",Philippines: 82 分钟,2006,加拿大 / 美国, 英语,6.6
科学小怪蛋 Igor,,安东尼·莱昂迪斯,,Chris McKenna,,约翰·库萨克,,史蒂夫·布西密,,莫莉·香侬,"['喜剧', '动画', '家庭', '奇幻']",87 分钟,2008,美国 / 法国, 英语,6.6
地狱归来 Hell and Back,,Tom Gianas,,Tom Gianas,,尼克·斯旺森,,米拉·库尼斯,,鲍勃·奥登科克,"['喜剧', '动画', '冒险']",86分钟,2015,美国, 英语,6.6
正义联盟大战少年泰坦 Justice League vs. Teen Titans,,刘山姆,,艾伦·伯内特,,斯图尔特·艾伦,,杰森·马斯登,,杰瑞·奥康奈尔,"['动作', '动画']",78分钟,2016,美国, 英语,6.6
魔法总动员 The House of Magic,,杰里米·德格鲁森,,本·斯塔森,,辛达·亚当斯,,乔治·巴比特,,默里·布卢,"['喜剧', '动画', '冒险']",85分钟,2013,比利时, 英语 / 法语 / 德语,6.6
红孩儿大话火焰山 Journey to the West,,王童,,阿雅,,阿雅,,蔡升晏,,杨贵媚,"['剧情', '喜剧', '动画', '儿童', '奇幻']",95分钟,2005,台湾, 汉语普通话,6.6
小战象 ก้านกล้วย,,Kompin Kemgumnird,,Anyarit Pitakkul,,Anyarit Pitakkul,,Nawarat Techarathanaprasert,,Phoori Hiranyapruk,['动画'],95分钟,2006,泰国, 泰语,6.6
虹猫蓝兔火凤凰,,贺梦凡,,贺梦凡,,谢娜,,何炅,,杜海涛,['动画'],85分钟,2010,中国大陆, 汉语普通话,6.6
青蛙王国,,尼尔森·申,,郑立国,,石班瑜,,姜瑰瑾,,刘杰,"['动画', '冒险']",88分钟,2013,中国大陆, 汉语普通话,6.6
萨米大冒险2 Sammy's avonturen 2,,本·斯塔森,,多米尼克·帕里斯,,帕特·卡洛尔,,卡洛斯·麦卡勒斯二世,,辛达·亚当斯,"['动画', '冒险']",92分钟,2012,比利时, 英语,6.6
变身国王2:高刚外传 Kronk's New Groove,,Saul Blinkoff,,Tom Rogers,,帕特里克·沃伯顿,,崔茜·尤玛,,艾萨·凯特,"['喜剧', '爱情', '动画', '家庭']",72 分钟,2005,美国, 英语,6.6
闪闪的红星,,林超贤,,林超贤,,许飞,,祝新运,,蒋雯丽,"['动画', '儿童']",82分钟,2007,中国大陆, 汉语普通话,6.6
弹丸论破3 -The End of 希望之峰学园- 希望篇 ダンガンロンパ3 -The End of 希望ヶ峰学園- 希望編,,福岡大生,,海法纪光,,绪方惠美,,斋藤千和,,本乡奏多,"['剧情', '动画', '悬疑']",24分钟,2016,日本, 日语,6.6
托马斯和朋友们：多多岛之迷失宝藏 Thomas & Friends: Sodor's Legend of the Lost Treasure,,大卫·斯特登,,安德鲁·布瑞纳,,埃迪·雷德梅恩,,杰米·坎贝尔·鲍尔,,约翰·赫特,"['动画', '家庭', '儿童']",81分钟(中国大陆),2015,英国, 英语,6.6
奇人密码：古罗布之迷 奇人密碼：古羅布之謎,,黄强华,,黄亮勋,,徐琳智,,马韵婷,,萧煌奇,"['动作', '动画', '奇幻']",104分钟,2015,台湾, 汉语普通话 / 闽南语,6.6
月球大冒险 Fly Me to the Moon,,Ben Stassen,,Domonic Paris,,蒂姆·克里,,罗伯特·帕特里克,,凯莉·蕾帕,"['动画', '家庭', '冒险']",84 分钟,2008,比利时, 英语,6.0
绿巨人大战 Hulk Vs.,,Frank Paur,,Craig Kyle,,Fred Tatasciore,,史蒂夫·布卢姆,,格蕾·德丽斯勒,"['动作', '动画']",78分钟,2009,美国, 英语,6.0
开心超人2：启源星之战,,黄伟明,,黄伟明,,祖晴,,高全胜,,刘红韵,"['动画', '冒险']",85分钟,2014,中国大陆, 汉语普通话,6.0
邪恶新世界 Happily N'Ever After,,Paul Bolger,,Douglas Langdale,,乔治·卡林,,小弗雷迪·普林兹,,西格妮·韦弗,"['喜剧', '动画', '家庭', '奇幻']",75 分钟,2007,美国 / 德国, 英语,6.0
神秘世界历险记3,,王云飞,,王云飞,,刘校妤,,孟泉霖,,陆揆,"['动画', '奇幻', '冒险']",82分钟,2016,中国大陆, 汉语普通话,6.0
绿野仙踪之奥兹国奇幻之旅 Урфин Джюс и его деревянные солдаты,,费多·德米提亚夫 ,,亚历山大·博亚斯基,,Dmitriy Dyuzhev,,康斯坦丁·哈宾斯基,,谢尔盖·希纳罗维,"['动画', '家庭', '冒险']",92分钟,2017,俄罗斯, 俄语,6.0
无所事事的海盗 The Pirates Who Don't Do Anything: A VeggieTales Movie,,Mike Nawrocki,,Phil Vischer,,Phil Vischer,,Mike Nawrocki,,Cam Clarke,"['喜剧', '动画', '家庭', '冒险']",USA: 85 分钟,2008,美国, 英语,6.0
秦时明月之医者入世,,李金滨,,毛天耘,,李敏妍,,孙晔,,类型:,"['剧情', '动画']",16分钟,2017,中国大陆, 汉语普通话,6.0
极地大冒险2 Niko 2: Lentäjäveljekset,,卡里·尤索宁,,马丁内·托雷松,,卡里·希耶塔拉赫蒂,,沃科·霍瓦塔,,尤哈·韦约宁,"['剧情', '喜剧', '动画', '冒险']",77分钟(中国大陆),2012,芬兰 / 德国 / 丹麦 / 爱尔兰, 芬兰语,5.9
拯救大明星 Saving Santa,,莱昂·乔森,,托尼·诺蒂奇,,马丁·弗瑞曼,,蒂姆·克里,,蒂姆·康威,"['喜剧', '动画', '家庭', '奇幻', '冒险']",83分钟,2013,英国 / 美国, 英语,5.9
兔侠传奇,,孙立军,,邹静之,,范伟,,闫妮,,张丰毅,"['喜剧', '动作', '动画', '冒险', '武侠']",90分钟,2011,中国大陆, 汉语普通话,5.9
星河战队：火星叛国者 Starship Troopers: Traitor of Mars,,荒牧伸志,,爱德华·诺麦尔,,卡斯帕·凡·迪恩,,迪娜·迈耶,,德雷·戴维斯,"['动作', '科幻', '动画']",88分钟,2017,美国 / 日本, 英语,5.9
诸神混乱之女神陷阱 Immortel (ad vitam),,恩基·比拉,,恩基·比拉,,琳达·哈蒂,,托马斯·克莱舒曼,,夏洛特·兰普林,"['剧情', '动作', '科幻', '动画', '犯罪']",103 分钟,2004,法国 / 意大利 / 英国, 英语 / 法语,5.9
钢铁侠：噬甲危机 Iron Man: Rise of Technovore,,浜崎博嗣,,唐·赫克,,诺曼·瑞杜斯,,马修·默瑟,,凯瑞·华格伦,"['动作', '科幻', '动画']",88分钟,2013,日本, 英语 / 日语,5.9
吃货宇宙,,陈廖宇,,向华,,张鹤来,,张栩儿,,刘思童,"['喜剧', '科幻', '动画']",89分钟,2018,中国大陆, 汉语普通话,5.9
蝙蝠侠无极限：怪兽来袭 Batman Unlimited: Monster Mayhem,,Butch Lukic,,希思·科森,,特罗伊·贝克,,布莱恩·T·德莱尼,,克里斯·迪亚曼托普洛斯,"['动作', '动画', '冒险']",81分钟,2015,美国, 英语,5.9
战锤40000:极限战士 Ultramarines,,Martyn Pick,,Dan Abnett,,Sean Pertwee,,Steven Waddington,,Donald Sumpter,"['科幻', '动画']",USA: 70 分钟,2010,英国, 英语,5.9
马兰花,,姚光华,,林志玲,,林志玲,,陈好,,黎明,"['剧情', '动画']",99分钟,2009,中国大陆, 汉语普通话,4.9
赛尔号大电影4：圣魔之战,,王章俊,,王章俊,,杨鸥,,张安琪,,樊俊航,"['剧情', '动画', '儿童', '冒险']",86分钟,2014,中国大陆, 汉语普通话,4.8
新大头儿子和小头爸爸3：俄罗斯奇遇记,,何澄,,吴楠,,刘纯燕,,董浩,,鞠萍,"['动画', '家庭', '儿童', '冒险']",80分钟,2018,中国大陆, 汉语普通话,4.8
赛尔号大电影3之战神联盟,,王章俊,,王章俊,,杨欧,,张安琪,,樊俊航,"['动画', '儿童', '冒险']",103分钟,2013,中国大陆, 汉语普通话,4.8
冰雪女王3：火与冰 Снежная королева 3: Огонь и лед,,阿列克谢·特斯蒂斯林,,安德烈·科林考夫,,迪·布拉雷·贝克尔,,洛瑞·加纳,,Devin Bailey Griffin,"['动画', '家庭', '冒险']",89分钟,2016,俄罗斯 / 中国大陆, 英语,4.8
赛尔号大电影6：圣者无敌,,王章俊,,王章俊,,罗玉婷,,翟巍,,王晓彤,"['动画', '儿童', '奇幻', '冒险']",98分钟,2017,中国大陆, 汉语普通话,4.8
冰雪女皇之冬日魔咒 Снежная королева 2: Перезаморозка,,阿列克谢·特斯蒂斯林,,弗拉迪米尔·尼古拉耶夫,,伊莎贝拉·弗尔曼,,沙尔托·科普雷,,肖恩·宾,"['动画', '家庭']",85分钟,2014,俄罗斯, 英语 / 俄语,4.8
洛克王国4：出发！巨人谷,,乌格斯·马特尔,,邵伟,,张琦,,胡夏,,林颖,"['动画', '奇幻', '冒险']",83分钟,2015,中国大陆, 汉语普通话,4.8
喜羊羊与灰太狼之飞马奇遇记,,简耀宗,,王舒,,祖晴,,张琳,,白百何,"['喜剧', '动画', '家庭', '奇幻', '冒险']",83分钟,2014,中国大陆, 汉语普通话 / 粤语,4.7
魔比斯环 Thru the Moebius Strip,,格兰·枈卡,,吉姆·考克斯,,乔纳森·泰勒·托马斯,,克里斯·马奎特,,马克·哈米尔,"['科幻', '动画', '冒险']",89分钟,2005,中国大陆 / 美国, 英语,4.7
梦回金沙城,,陈德明,,苏晓虹,,詹佳,,沈达威,,程玉珠,"['剧情', '动画', '奇幻']",85分钟,2010,中国大陆, 汉语普通话,4.7
小猫巴克里 小貓巴克里,,邱立伟,,邱立伟,,林佑俽,,郭馨雅,,屈中恒,"['动画', '奇幻', '冒险']",86分钟,2017,台湾, 汉语普通话,4.6
咕噜咕噜美人鱼,,杨广福,,萧荣,,张美娟,,赵梦娇,,陈大刚,"['喜剧', '动画', '冒险']",90分钟,2015,中国大陆, 汉语普通话,4.5
大卫贝肯之倒霉特工熊,,李清舫,,汤水雨,,汤水雨,,徐佳琦,,杨默,"['喜剧', '动画', '家庭', '冒险']",90分钟,2017,中国大陆, 汉语普通话,4.4
新大头儿子和小头爸爸之秘密计划,,何澄,,于洪洋,,刘纯燕,,董浩,,鞠萍,"['动画', '家庭', '儿童']",80分钟,2014,中国大陆, 汉语普通话,4.4
魔幻仙踪,,吴建荣,,于洪洋,,伊一,,葛钰莹,,杨莹,"['动画', '奇幻', '冒险']",90分钟,2014,中国大陆, 汉语普通话,4.4
我的老婆是只猫,,黄军,,黄军,,潘粤明,,周艳泓,,类型:,"['爱情', '动画', '冒险']",94分钟,2013,中国大陆, 汉语普通话,4.4
新大头儿子和小头爸爸2一日成才,,何澄,,吴楠,,刘纯燕,,董浩,,鞠萍,"['喜剧', '动画', '家庭']",85分钟,2016,中国大陆, 汉语普通话,4.3
赛尔号大电影2之雷伊与迈尔斯,,王章俊,,田思源,,武艺,,类型:,,动画,"['动画', '奇幻', '冒险']",90分钟,2012,中国大陆, 汉语普通话,4.3
龙骑侠,,刘可欣,,刘可欣,,唐小喜,,张雪凌,,路知行,"['动画', '奇幻', '冒险']",90分钟,2015,中国大陆, 汉语普通话,4.3
"蝙蝠侠：黑暗骑士归来(下) Batman: The Dark Knight Returns, Part 2",,杰伊·欧力瓦,,鲍勃·古德曼,,彼得·威勒,,阿芮尔·温特,,迈克尔·爱默生,"['动作', '动画']",76分钟,2013,美国, 英语,8.8
攻壳机动队SSS 攻殻機動隊 STAND ALONE COMPLEX Solid State Society,,神山健治,,神山健治,,田中敦子,,大塚明夫,,阪脩,"['动作', '科幻', '动画']",108分钟,2006,日本, 日语,8.8
黄色潜水艇 Yellow Submarine,,乔治·杜宁,,Lee Minoff,,The Beatles,,保罗·安吉利斯,,约翰·克莱夫,"['喜剧', '动画', '音乐', '奇幻', '冒险']",90分钟,1968,英国 / 美国, 英语,8.8
魔法阿妈 魔法阿嬷,,王小棣,,黄黎明,,文英,,许杰辉,,莊博文,"['喜剧', '动画', '奇幻']",80分钟,1998,台湾, 汉语普通话,8.8
天鹅湖 白鳥の湖,,野田卓雄,,布勢博一,,竹下景子,,志垣太郎,,小池朝雄,"['爱情', '动画', '奇幻']",75分钟,1981,日本, 日语,8.8
小羊肖恩：美好时光 Shaun The Sheep: A Woolly Good Time,,克里斯托弗·萨德勒,,理查德·斯塔扎克,,贾斯汀·弗莱彻,,约翰·斯帕克斯,,理查德·韦伯,"['喜剧', '动画']",45分钟,2010,英国, 无对白,8.8
贤治之春 イーハトーブ幻想〜KENjIの春,,河森正治,,河森正治,,佐野史郎,,国府田真里子,,磯部弘,"['剧情', '动画', '传记']",57分钟,1996,日本, 日语,8.8
苍穹之法芙娜：逝者的权利 蒼穹のファフナー Right of Left,,羽原信义,,冲方丁,,宫野真守,,甲斐田裕子,,木村亜希子,['动画'],55分钟,2005,日本, 日语,8.8
疯狂原始人 The Croods,,柯克·德·米科,,克里斯·桑德斯,,尼古拉斯·凯奇,,艾玛·斯通,,瑞恩·雷诺兹,"['喜剧', '动画', '冒险']",98分钟,2013,美国, 英语,8.7
驯龙高手 How to Train Your Dragon,,迪恩·德布洛斯,,威廉姆·戴维斯,,杰伊·巴鲁切尔,,杰拉德·巴特勒,,克雷格·费格森,"['动画', '奇幻', '冒险']",98分钟,2010,美国, 英语,8.7
头脑特工队 Inside Out,,彼特·道格特,,彼特·道格特,,艾米·波勒,,菲利丝·史密斯,,理查德·坎德,"['喜剧', '动画', '冒险']",95分钟,2015,美国, 英语,8.7
蜘蛛侠：平行宇宙 Spider-Man: Into the Spider-Verse,,鲍勃·佩尔西凯蒂,,菲尔·罗德,,沙梅克·摩尔,,杰克·约翰逊,,海莉·斯坦菲尔德,"['动作', '科幻', '动画', '冒险']",116分钟(中国大陆),2018,美国, 英语 / 西班牙语,8.7
借东西的小人阿莉埃蒂 借りぐらしのアリエッティ,,米林宏昌,,宫崎骏,,志田未来,,神木隆之介,,树木希林,"['动画', '奇幻', '冒险']",94分钟,2010,日本, 日语,8.7
无敌破坏王 Wreck-It Ralph,,瑞奇·摩尔,,菲尔·约翰斯顿,,约翰·C·赖利,,萨拉·西尔弗曼,,杰克·麦克布瑞尔,"['喜剧', '动画', '奇幻', '冒险']",101分钟,2012,美国, 英语,8.7
阿基拉 Akira,,大友克洋,,大友克洋,,岩田光央,,佐佐木望,,小山茉美,"['动作', '科幻', '动画']",124 分钟,1988,日本, 日语,8.4
小鹿斑比 Bambi,,戴维·汉德,,费利克斯·扎尔滕,,哈迪·奥尔布赖特,,Stan Alexander,,Bobette Audrey,"['剧情', '动画']",70分钟,1942,美国, 英语,8.4
西葫芦的生活 Ma vie de courgette,,克洛德·巴拉斯,,吉勒斯·帕瑞斯,,加斯帕德·施拉特,,西斯汀·穆拉特,,波林·雅库,"['剧情', '动画', '儿童']",66分钟,2016,瑞士 / 法国, 法语,8.4
小姐与流浪汉 Lady and the Tramp,,克莱德·杰洛尼米,,沃德·格林,,芭芭拉·卢迪,,拉里·罗伯茨,,派姬·李,"['喜剧', '爱情', '动画', '冒险']",76分钟,1955,美国, 英语,8.4
画之国 Le tableau,,让-弗朗索瓦·拉吉奥,,让-弗朗索瓦·拉吉奥,,让-弗朗索瓦·拉吉奥,,JB·布兰科,,史蒂夫·布卢姆,"['动画', '奇幻']",80分钟,2011,法国, 法语,8.4
红线 Redline,,小池健,,石井克人,,木村拓哉,,苍井优,,浅野忠信,"['动作', '科幻', '动画']",102分钟,2010,日本, 日语,8.4
爱丽丝 Neco z Alenky,,杨·史云梅耶,,路易斯·卡罗尔,,克里斯蒂娜·科荷多娃,,类型:,,动画,"['动画', '奇幻', '冒险']",86 分钟,1988,捷克斯洛伐克 / 瑞士 / 英国 / 西德, 捷克语,8.4
想做熊的孩子 Drengen der ville gøre det umulige,,贾尼克·哈斯楚,,Bent Haller,,西瑟·巴比特·科努德森,,利斯贝特·达尔,,Malene Vilstrup,"['剧情', '动画']",75分钟,2002,丹麦 / 法国, 丹麦语 / 瑞典语,8.4
当风吹起的时候 When the Wind Blows,,吉米·村上,,雷蒙德·布里格斯,,佩吉·阿什克罗福特,,约翰·米尔斯,,温斯顿·丘吉尔,"['剧情', '动画', '战争']",84分钟,1986,英国, 英语,8.4
如此美好的一天 It's Such a Beautiful Day,,唐·赫兹菲尔德,,唐·赫兹菲尔德,,唐·赫兹菲尔德,,类型:,,剧情,"['剧情', '喜剧', '科幻', '动画', '奇幻']",62分钟,2012,美国, 英语,8.4
青空夏季篇 前篇：山路 AIR in Summer 前編 やまみち,,石原立也,,志茂文彦,,小野大辅,,川上伦子,,久川绫,"['爱情', '动画']",24分钟,2005,日本, 日语,8.4
星际5555：异星梦系统秘传 Interstella 5555: The 5tory of the 5ecret 5tar 5ystem,,竹之内和久,,Cédric Hervet,,蠢朋克,,类型:,,动作,"['动作', '科幻', '动画', '音乐', '奇幻', '冒险']",68 分钟,2003,日本 / 法国, 英语,8.4
幸运卢克之雏菊镇 Daisy Town,,勒内·戈西尼,,Alain De Lannoy,,马塞尔·博祖菲,,Pierre Trabaud,,雅克·巴吕坦,"['喜剧', '动画', '西部']",71 分钟,1971,法国 / 比利时, 法语,8.4
DC展台原创动画短篇 DC Showcase Original Shorts Collection,,乔伊姆·多斯·桑托斯,,Michael Jelenic,,杰夫·贝内特,,史蒂夫·布卢姆,,扎克·卡利森,"['动作', '动画', '奇幻', '冒险']",63分钟,2010,美国, 英语,8.4
森林大帝 ジャングル大帝,,竹内启雄,,手冢治虫,,津嘉山正种,,柊美冬,,富田耕生,['动画'],100 分钟,1997,日本, 日语,8.4
穿长靴的猫 長靴をはいた猫,,矢吹公郎,,夏尔·佩罗,,石川进,,藤田淑子,,榊原留美,"['喜剧', '爱情', '动画', '家庭', '奇幻', '冒险']",USA: 80 分钟,1969,日本, 日语,8.2
怪兽大学 Monsters University,,丹·斯坎隆,,罗伯特·L·贝尔德,,比利·克里斯托,,约翰·古德曼,,史蒂夫·布西密,"['喜剧', '动画', '冒险']",104分钟,2013,美国, 英语,8.1
无敌破坏王2：大闹互联网 Ralph Breaks the Internet,,菲尔·约翰斯顿,,菲尔·约翰斯顿,,约翰·C·赖利,,萨拉·西尔弗曼,,盖尔·加朵,"['喜剧', '动画', '奇幻', '冒险']",112分钟,2018,美国, 英语,8.1
小王子 Le Petit Prince,,马克·奥斯本,,伊连娜·布里纳尔,,杰夫·布里吉斯,,麦肯吉·弗依,,瑞秋·麦克亚当斯,"['动画', '奇幻']",108分钟,2015,法国, 英语 / 法语,8.1
欢乐好声音 Sing,,加斯·詹宁斯,,加斯·詹宁斯,,马修·麦康纳,,瑞茜·威瑟斯彭,,塞思·麦克法兰,"['喜剧', '动画', '歌舞']",108分钟,2016,美国, 英语 / 日语,8.1
冰川时代2：融冰之灾 Ice Age: The Meltdown,,卡洛斯·沙尔丹哈,,彼得·高尔克,,雷·罗马诺,,约翰·雷吉扎莫,,丹尼斯·利瑞,"['喜剧', '动画', '冒险']",91 分钟,2006,美国, 英语,8.1
帕丁顿熊2 Paddington 2,,保罗·金,,保罗·金,,本·卫肖,,休·格兰特,,休·博纳维尔,"['喜剧', '动画', '家庭']",103分钟,2017,英国 / 法国 / 美国, 英语,8.1
鬼妈妈 Coraline,,亨利·塞利克,,亨利·塞利克,,达科塔·范宁,,泰瑞·海切尔,,珍妮弗·桑德斯,"['动画', '奇幻', '冒险']",96分钟(英国),2009,美国, 英语 / 俄语,8.1
守护者联盟 Rise of the Guardians,,彼得·拉姆齐,,大卫·林赛-阿贝尔,,克里斯·派恩,,休·杰克曼,,艾拉·菲舍尔,"['动画', '家庭', '奇幻', '冒险']",97分钟,2012,美国, 英语,8.1
阿拉丁 Aladdin,,罗恩·克莱蒙兹,,罗恩·克莱蒙兹,,斯科特·维内尔,,罗宾·威廉姆斯,,琳达·拉金,"['喜剧', '动画', '冒险']",90 分钟,1992,美国, 英语,8.1
星际宝贝 Lilo & Stitch,,克里斯·桑德斯,,克里斯·桑德斯,,黛维·切斯,,克里斯·桑德斯,,蒂亚·卡雷尔,"['喜剧', '科幻', '动画', '家庭', '冒险']",85分钟,2002,美国, 英语 / Hawaiian,8.1
人参果,,严定宪,,李克弱,,尚华,,杨文远,,陈燕华,"['动画', '奇幻', '冒险']",45分钟,1981,中国大陆, 普通话,8.1
我嫁了个怪蜀黍！ I Married a Strange Person!,,比尔·普莱姆顿,,比尔·普莱姆顿,,哈里斯·米切尔森,,Tom Larson,,Richard Spore,"['喜剧', '动画', '情色', '奇幻']",USA: 73 分钟(R-rated version),1997,美国, 英语,8.1
蝙蝠侠：元年 Batman: Year One,,刘山姆,,鲍勃·凯恩,,Ben McKenzie,,Bryan Cranston,,Eliza Dushku,"['剧情', '动作', '动画', '犯罪']",64分钟,2011,美国, 英语,8.1
迷宫物语 迷宮物語,,川尻善昭,,川尻善昭,,吉田日出子,,水岛裕,,大竹宏,"['科幻', '动画', '恐怖', '奇幻', '冒险']",Spain: 49 分钟,1987,日本, 日语,8.1
青蛙的预言 La prophétie des grenouilles,,雅克-雷米·杰瑞德,,Antoine Lanciaux,,米歇尔·皮科利,,阿诺克·格林布戈,,安妮·吉拉尔多,"['动画', '家庭']",France: 90 分钟,2003,法国, 法语,8.1
德黑兰禁忌 Tehran Taboo,,阿里·苏赞德,,格里特·基恩斯伦,,法拉德·阿巴丁尼贾德,,贾斯米娜·阿里,,罗齐塔·阿萨多拉希,"['剧情', '动画']",96分钟,2017,德国 / 奥地利, 波斯语,8.1
马达加斯加企鹅：行动 The Penguins of Madagascar: Operation,,Nicholas Filippi,,Todd Garfield,,Tom McGrath,,Jeff Bennett,,John Di Maggio,"['喜剧', '动画', '冒险']",117分钟,2010,美国, 英语,8.1
阿祖尔和阿斯马尔 Azur et Asmar,,米歇尔·欧斯洛,,米歇尔·欧斯洛,,Cyril Mourali,,Karim M'Riba,,西娅姆·阿巴斯,"['动画', '家庭', '奇幻', '冒险']",99 分钟,2006,法国 / 比利时 / 西班牙 / 意大利, 阿拉伯语 / 法语,8.1
终极细胞战 Osmosis Jones,,博比·法雷里,,马克·海曼,,克里斯·洛克,,劳伦斯·菲什伯恩,,比尔·默瑞,"['喜剧', '动作', '动画', '惊悚', '犯罪', '奇幻', '冒险']",95 分钟,2001,美国, 英语,7.9
最游记：给落选者的镇魂歌 幻想魔伝最遊記Requiem選ばれざるものへの鎮魂歌,,伊达勇登,,峰仓和也,,关俊彦,,保志总一朗,,石田彰,['动画'],120分钟,2001,日本, 日语,7.9
小叮当：羽翼之谜 Secret of the Wings,,罗伯茨·甘纳韦,,罗伯茨·甘纳韦,,梅·惠特曼,,露西·海尔,,提摩西·道尔顿,"['喜剧', '动画', '奇幻', '冒险']",75分钟,2012,美国, 英语,7.9
小叮当：永无兽传奇 Tinker Bell and the Legend of the NeverBeast,,史蒂夫·伦特,,汤姆·罗杰斯,,金妮弗·古德温,,梅·惠特曼,,罗莎里奥·道森,"['动画', '奇幻', '冒险', '灾难']",76分钟,2014,美国, 英语,7.9
"克里蒂，童话的小屋 Kerity, la maison des contes",,多米尼克·蒙法尼,,Anik Leray,,让娜·莫罗,,朱莉·加耶,,Liliane Rovère,"['动画', '儿童', '冒险']",74分钟,2009,法国, 法语,7.9
爱心熊宝宝：新一代 Care Bears Movie II: A New Generation,,Dale Schott,,Peter Sauder,,Hadley Kay,,Chris Wiggins,,Cree Summer,"['动画', '家庭', '奇幻']",76 分钟,1986,加拿大 / 美国, 英语,7.9
美女与野兽之贝儿的心愿 Beauty and the Beast: The Enchanted Christmas,,Andrew Knight,,弗利普·科布勒,,佩吉·奥哈拉,,罗比·本森,,杰里·奥尔巴赫,"['动画', '音乐', '家庭']",72分钟,1997,加拿大 / 美国, 英语,7.9
先知 The Prophet,,罗杰·阿勒斯,,罗杰·阿勒斯,,约翰·卡拉辛斯基,,连姆·尼森,,萨尔玛·海耶克,['动画'],84分钟,2014,美国 / 加拿大 / 黎巴嫩 / 卡塔尔, 英语,7.9
川之光 川の光,,平川哲生,,吉岡たかを,,折笠富美子,,金田朋子,,山寺宏一,['动画'],75分钟,2009,日本, 日语,7.9
金花鼠：遇见狼人 Alvin and the Chipmunks Meet the Wolfman,,Kathi Castillo,,小罗斯·巴达塞里安,,小罗斯·巴达塞里安,,珍妮丝·卡门,,伊丽莎白·戴利,"['喜剧', '动画', '恐怖', '歌舞', '家庭', '奇幻']",77分钟,2000,美国, 英语,7.9
一千零一夜 千夜一夜物語,,山本映一,,手冢治虫,,芥川比吕志 Hiroshi Akutagawa,,青岛幸男,,远藤周作,['动画'],128 分钟,1969,日本, 日语,7.9
自深渊中 De profundis,,梅柯兰多·普拉多,,梅柯兰多·普拉多,,N/A,,类型:,,动画,"['动画', '音乐']",76分钟,2007,西班牙 / 葡萄牙, None,7.9
猫和老鼠-海盗寻宝 Tom and Jerry: Shiver Me Whiskers,,Scott Jeralds,,Christopher Painter,,马克·哈米尔,,凯茜·纳基麦,,查尔斯·纳尔逊·赖利,"['喜剧', '动画', '家庭']",USA: 74 分钟,2006,美国, 英语,7.9
小飞侠2：梦不落帝国 Return to Never Land,,罗宾·巴德,,坦普尔·马休斯,,哈丽特·欧文,,布赖恩·韦弗,,科里·伯顿,"['动画', '奇幻', '冒险']",72分钟,2002,美国 / 加拿大 / 澳大利亚, 英语,7.7
"小鱼历险记 Hjælp, jeg er en fisk",,施蒂芬·费德马克,,施蒂芬·费德马克,,Nis Bank-Mikkelsen,,艾伦·瑞克曼,,特瑞·琼斯,"['剧情', '喜剧', '科幻', '动画', '家庭', '奇幻', '冒险']",80 分钟,2000,德国 / 爱尔兰 / 丹麦, 英语 / 丹麦语,7.7
阿拉丁神灯 Arabian Nights,,斯蒂夫·巴伦,,约翰.雷吉扎莫,,约翰.雷吉扎莫,,米丽.艾威塔,,艾伦.贝茨,"['剧情', '动画']",175分钟,2002,美国, 英语,7.7
天鹅公主 The Swan Princess,,Richard Rich,,Brian Nissen (II),,杰克·帕兰斯,,霍华德·麦克格林,,类型:,"['爱情', '动画', '家庭', '奇幻']",Argentina: 90 分钟,1994,美国, 英语,7.7
爱宠大机密 The Secret Life of Pets,,克里斯·雷纳德,,辛科·保罗,,路易·C·K,,艾瑞克·斯通斯崔特,,凯文·哈特,"['喜剧', '动画']",87分钟,2016,美国, 英语,7.6
丁丁历险记 The Adventures of Tintin: The Secret of the Unicorn,,史蒂文·斯皮尔伯格,,史蒂文·莫法特,,杰米·贝尔,,安迪·瑟金斯,,丹尼尔·克雷格,"['动作', '动画', '悬疑', '冒险']",107分钟,2011,美国 / 新西兰, 英语,7.6
穿靴子的猫 Puss in Boots,,克里斯·米勒,,布莱恩·林奇,,安东尼奥·班德拉斯,,萨尔玛·海耶克,,扎克·加利凡纳基斯,"['喜剧', '动画', '奇幻', '冒险']",90 分钟,2011,美国, 英语,7.6
里约大冒险2 Rio 2,,卡洛斯·沙尔丹哈,,唐·莱默,,安妮·海瑟薇,,杰西·艾森伯格,,布鲁诺·马尔斯,"['喜剧', '动画', '冒险']",101分钟,2014,美国, 英语 / 葡萄牙语,7.6
精灵旅社2 Hotel Transylvania 2,,格恩迪·塔塔科夫斯基,,罗伯特·斯密戈尔,,亚当·桑德勒,,安迪·萨姆伯格,,赛琳娜·戈麦斯,"['喜剧', '动画', '奇幻']",89分钟,2015,美国, 英语,7.6
怪物史瑞克2 Shrek 2,,安德鲁·亚当森,,安德鲁·亚当森,,麦克·梅尔斯,,艾迪·墨菲,,卡梅隆·迪亚兹,"['喜剧', '动画', '家庭', '奇幻', '冒险']",93 分钟,2004,美国, 英语,7.6
泰山 Tarzan,,Chris Buck,,Tab Murphy,,托尼·戈德温,,明妮·德里弗,,格伦·克洛斯,"['剧情', '动画', '家庭', '冒险']",88 分钟,1999,美国, 英语,7.6
赛车总动员2 Cars 2,,约翰·拉塞特,,约翰·拉塞特,,欧文·威尔逊,,王牌接线员拉里,,迈克尔·凯恩,"['喜剧', '动画', '冒险']",106分钟,2011,美国, 英语 / 日语 / 意大利语 / 法语,7.6
极地特快 The Polar Express,,罗伯特·泽米吉斯,,罗伯特·泽米吉斯,,汤姆·汉克斯,,埃迪·狄森,,诺娜·加耶,"['动画', '家庭', '奇幻', '冒险']",100分钟,2004,美国, 英语,7.6
生化危机：诅咒 バイオハザード ダムネーション,,神谷诚,,菅正太郎,,马修·默瑟,,戴夫·维滕博格,,柯特奈·泰勒,"['动作', '科幻', '动画', '惊悚', '恐怖']",100分钟,2012,日本, 日语,7.6
怪兽在巴黎 Un monstre à Paris,,毕鲍·鲍格朗,,毕鲍·鲍格朗,,丹尼·赫斯顿,,凯瑟琳·欧哈拉,,亚当·戈德堡,"['喜剧', '动画', '音乐', '奇幻', '冒险']",90分钟,2011,法国, 法语,7.6
谁陷害了兔子罗杰 Who Framed Roger Rabbit,,罗伯特·泽米吉斯,,Jeffrey Price,,鲍勃·霍斯金斯,,克里斯托弗·洛伊德,,乔安娜·卡西迪,"['喜剧', '动画', '冒险']",104 分钟,1988,美国, 英语,7.6
拜见罗宾逊一家 Meet the Robinsons,,Stephen J. Anderson,,Jon Bernstein,,安吉拉·贝塞特,,Daniel Hansen,,乔丹·弗雷,"['喜剧', '动画', '冒险']",95 分钟,2007,美国, 英语,7.6
亚瑟·圣诞 Arthur Christmas,,莎拉·史密斯,,彼得·贝恩汉姆,,詹姆斯·麦卡沃伊,,休·劳瑞,,比尔·奈伊,"['剧情', '喜剧', '动画']",97分钟,2011,英国 / 美国, 英语,7.6
钟楼怪人 The Hunchback of Notre Dame,,加里·特洛斯达勒,,泰布·墨菲,,汤姆·休斯克,,黛米·摩尔,,托尼·杰,"['剧情', '爱情', '动画', '歌舞', '家庭']",91分钟,1996,美国, 英语,7.6
小百无禁忌,,章蕙兰,,章蕙兰,,舒淇,,萧淑慎,,金燕玲,"['剧情', '爱情', '动画', '惊悚', '犯罪']",96分钟,2000,台湾, 汉语普通话,7.4
西岳奇童,,胡兆洪,,胡兆洪,,李铭祖,,王肖兵,,刘欣,"['剧情', '动画', '奇幻']",90分钟,2006,中国大陆, 汉语普通话,7.4
泰山与珍妮 Tarzan & Jane,,Victor Cook,,Rene Auberjonois,,Rene Auberjonois,,Jeff Bennett,,Jim Cummings,"['动画', '家庭']",75分钟,2002,美国, 英语,7.4
闪电狗 Bolt,,拜伦·霍华德,,丹·福格尔曼,,约翰·特拉沃尔塔,,麦莉·赛勒斯,,苏茜·伊斯曼,"['喜剧', '动画', '家庭', '冒险']",96 分钟,2008,美国, 英语,7.3
十万个冷笑话2,,卢恒宇,,卢恒宇,,山新,,郝祥海,,李姝洁,"['喜剧', '动画', '奇幻']",101分钟,2017,中国大陆, 汉语普通话,7.3
疯狂外星人 Home,,蒂姆·约翰逊,,汤姆·J·阿瑟尔,,吉姆·帕森斯,,蕾哈娜,,史蒂夫·马丁,"['喜剧', '科幻', '动画', '冒险']",94分钟,2015,美国, 英语,7.3
怪物史瑞克3 Shrek the Third,,克里斯·米勒,,杰弗里·普赖斯,,麦克·梅尔斯,,艾迪·墨菲,,卡梅隆·迪亚兹,"['喜剧', '动画', '家庭', '奇幻', '冒险']",93 分钟,2007,美国, 英语,7.3
追逐繁星的孩子 星を追う子ども,,新海诚,,新海诚,,金元寿子,,入野自由,,井上和彦,"['动画', '奇幻', '冒险']",116分钟,2011,日本, 日语,7.3
通灵男孩诺曼 ParaNorman,,克里斯·巴特勒,,克里斯·巴特勒,,柯蒂·斯密特-麦菲,,安娜·肯德里克,,莱斯利·曼恩,"['动画', '奇幻', '冒险']",93分钟,2012,美国, 英语,7.3
公主与青蛙 The Princess and the Frog,,罗恩·克莱蒙兹,,罗恩·克莱蒙兹,,阿尼卡·诺尼·罗斯,,布鲁诺·坎波斯,,凯斯·大卫,"['喜剧', '爱情', '动画', '歌舞']",97分钟,2009,美国, 英语,7.3
海绵宝宝 The SpongeBob Movie: Sponge Out of Water,,保罗·提比特,,格伦·伯杰,,安东尼奥·班德拉斯,,艾瑞克·鲍扎,,蒂姆·康威,"['喜剧', '动画', '冒险']",93分钟,2015,美国, 英语,7.3
森林战士 Epic,,克里斯·韦奇,,詹姆士·V·哈特,,阿曼达·塞弗里德,,乔什·哈切森,,碧昂丝·诺尔斯,"['动画', '奇幻', '冒险']",102分钟,2013,美国, 英语,7.3
圣诞颂歌 A Christmas Carol,,罗伯特·泽米吉斯,,罗伯特·泽米吉斯,,金·凯瑞,,加里·奥德曼,,罗宾·怀特,"['剧情', '动画', '家庭', '奇幻']",98 分钟,2009,美国, 英语,7.3
自杀小队：严厉惩罚 Suicide Squad: Hell to Pay,,刘山姆,,艾伦·伯内特,,克里斯蒂安·史莱特,,凡妮莎·威廉斯,,比利·布朗,"['动作', '动画']",86分钟,2018,美国, 英语,7.3
仲夏夜魔法 Strange Magic,,嘉里·瑞德斯托姆,,大卫·贝伦鲍姆,,克里斯汀·肯诺恩斯,,埃文·蕾切尔·伍德,,彼得·斯特曼,"['动画', '歌舞', '家庭', '奇幻']",99分钟,2015,美国, 英语,7.3
千年狐 여우비,,李成康,,李成康,,孙艺珍,,孔炯真,,柳德焕,"['剧情', '动画', '奇幻']",85分钟,2007,韩国, 韩语,7.3
我想吃掉你的胰脏 君の膵臓をたべたい,,牛岛新一郎,,牛岛新一郎,,高杉真宙,,Lynn,,藤井雪代,"['爱情', '动画']",108分钟,2018,日本, 日语,6.9
朝花夕誓 さよならの朝に約束の花をかざろう,,冈田麿里,,冈田麿里,,石见舞菜香,,入野自由,,樱井优辉,"['动画', '奇幻']",115分钟,2018,日本, 日语,6.9
大战外星人 Monsters vs. Aliens,,罗伯·莱特曼,,玛雅·福布斯,,瑞茜·威瑟斯彭,,塞斯·罗根,,休·劳瑞,"['喜剧', '动作', '科幻', '动画', '家庭', '冒险']",94 分钟,2009,美国, 英语,6.9
鼠来宝：明星俱乐部 Alvin and the Chipmunks: The Squeakquel,,贝蒂·托马斯,,Jon Vitti,,贾斯汀·朗,,安娜·法瑞丝,,马修·格雷·古柏勒,"['喜剧', '动画', '音乐', '家庭', '奇幻']",88分钟,2009,美国, 英语,6.9
最终幻想：灵魂深处 Final Fantasy: The Spirits Within,,坂口博信,,坂口博信,,温明娜,,亚历克·鲍德温,,文·瑞姆斯,"['动作', '科幻', '动画', '惊悚', '奇幻', '冒险']",106 分钟,2001,美国 / 日本, 英语,6.9
吉诺密欧与朱丽叶 Gnomeo & Juliet,,凯利·阿斯博瑞,,安迪·赖利,,詹姆斯·麦卡沃伊,,艾米莉·布朗特,,阿什利·詹森,"['喜剧', '动画', '家庭']",84分钟,2011,英国 / 美国, 英语,6.9
神奇海盗团 The Pirates! In an Adventure with Scientists!,,彼得·洛伊德,,吉德安·狄福,,休·格兰特,,萨尔玛·海耶克,,大卫·田纳特,"['喜剧', '动画', '家庭', '冒险']",88分钟,2012,英国 / 美国, 英语,6.9
挑战者联盟 Metegol,,胡安·何塞·坎帕内利亚,,胡安·何塞·坎帕内利亚,,鲁伯特·格林特,,安东尼·海德,,彼得·塞拉菲诺威茨,"['动画', '冒险', '运动']",106分钟(西班牙),2013,西班牙 / 阿根廷 / 印度 / 美国, 西班牙语 / 英语,6.9
蝙蝠侠：血脉恩仇 Batman: Bad Blood,,杰伊·欧力瓦,,J·M·德马泰,,杰森·奥玛拉,,伊冯娜·斯特拉霍夫斯基,,斯图尔特·艾伦,"['动作', '科幻', '动画', '犯罪']",72分钟,2016,美国, 英语,6.9
淘气大侦探 Sherlock Gnomes,,约翰·斯蒂文森,,本·扎佐夫,,詹姆斯·麦卡沃伊,,艾米莉·布朗特,,约翰尼·德普,"['喜剧', '动画', '冒险']",86分钟,2018,英国 / 美国, 英语,6.9
小马宝莉大电影 My Little Pony: The Movie,,杰森·西森,,莫汉·麦卡锡,,奥卓·阿杜巴,,艾米莉·布朗特,,阿什莉·鲍尔,"['喜剧', '动画', '歌舞', '冒险']",99分钟,2017,美国 / 加拿大, 英语,6.9
神奇女侠 Wonder Woman,,Lauren Montgomery,,Keri Russell,,Keri Russell,,Nathan Fillion,,Alfred Molina,"['动作', '科幻', '动画', '奇幻', '冒险']",74 分钟,2009,美国, 英语,6.9
加菲猫：现实世界历险记 Garfield Gets Real,,马可·A·Z·迪普,,吉姆·戴维斯,,弗兰克·维尔克,,格雷格·白尔杰,,瓦利·维吉尔特,"['喜剧', '动画', '家庭']",75分钟,2007,美国, 英语 / 弗拉芒语,6.9
昆虫物语 Hmyz,,杨·史云梅耶,,杨·史云梅耶,,扬·布达尔,,伊里·拉布斯,,加罗米尔·杜拉瓦,"['剧情', '喜剧', '动画']",98分钟,2018,捷克 / 斯洛伐克, 捷克语,6.9
中国惊奇先生2015,,李豪凌,,权迎升,,谢添天,,夏磊,,沈达威,"['剧情', '动画']",162分钟,2015,中国大陆, 汉语普通话,6.9
森林王子2 The Jungle Book 2,,Steve Trenbirth,,Carter Crocker,,海利·乔·奥斯蒙,,约翰·古德曼,,类型:,"['动画', '歌舞', '家庭', '冒险']",72 分钟,2003,美国 / 澳大利亚, 英语,6.9
声之形 聲の形,,山田尚子,,吉田玲子,,入野自由,,早见沙织,,松冈茉优,"['剧情', '爱情', '动画']",129分钟,2016,日本, 日语,6.8
蓝精灵2 The Smurfs 2,,拉加·高斯内尔,,J·大卫·斯提姆,,尼尔·帕特里克·哈里斯,,布莱丹·格里森,,汉克·阿扎利亚,"['喜剧', '动画', '奇幻']",105分钟,2013,美国, 英语 / 法语,6.5
了不起的菲丽西 Ballerina,,艾瑞克·莎莫,,卡罗尔·诺布尔,,艾丽·范宁,,戴恩·德哈恩,,卡莉·蕾·杰普森,"['喜剧', '动画', '歌舞', '冒险']",89分钟,2016,法国 / 加拿大, 英语 / 法语,6.5
动物总动员 Konferenz der Tiere,,莱因哈德·克洛斯,,Oliver Huzly,,克里斯托夫·玛丽亚·赫布斯特,,托马斯·弗里斯奇,,Bastian Pastewka,"['喜剧', '动画', '家庭']",93分钟,2010,德国, 德语,6.5
黑子的篮球·终极一战 劇場版 黒子のバスケ LAST GAME,,多田俊介,,高木登,,小野贤章,,小野友树,,神谷浩史,"['动画', '运动']",91分钟,2017,日本, 日语,6.5
但丁的地狱之旅 Dante's Inferno: An Animated Epic,,Victor Cook,,但丁,,Graham McTavish,,瓦妮莎·布兰奇,,史蒂夫·布卢姆,"['动作', '动画', '奇幻']",88分钟,2010,日本 / 美国 / 韩国 / 新加坡, 日语 / 英语,6.5
蝙蝠侠之子 Son of Batman,,Ethan Spaulding,,格兰特·莫里森,,斯图尔特·艾伦,,杰森·奥玛拉,,莫蕾娜·巴卡琳,"['动作', '动画', '冒险']",74分钟,2014,美国, 英语,6.5
丛林大反攻3 Open Season 3,,Cody Cameron,,David I. Stern,,Matthew J. Munn,,Nika Futterman,,Matthew W. Taylor,['动画'],74分钟,2010,美国, 英语,6.5
秘鲁大冒险 Las aventuras de Tadeo Jones,,安立奎·高德,,贝洛妮卡·费尔南德斯,,凯瑞·莎勒,,菲奥娜·格拉斯科特,,亚当·詹姆斯,"['动画', '冒险']",92分钟,2012,西班牙, 英语 / 西班牙语,6.5
与恐龙同行 Walking with Dinosaurs 3D,,巴里·库克,,约翰·科里,,查理·罗,,卡尔·厄本,,安格瑞·赖斯,"['动画', '冒险']",87分钟,2013,英国 / 美国 / 澳大利亚, 英语,6.5
死亡空间：余波 Dead Space: Aftermath,,Mike Disa,,Mike Disa,,Christopher Judge,,类型:,,科幻,"['科幻', '动画', '恐怖']",94分钟,2011,美国, 英语,6.5
蝙蝠侠与哈莉·奎恩 Batman and Harley Quinn,,刘山姆,,布鲁斯·提姆,,凯文·康瑞,,梅丽莎·劳奇,,帕姬·布鲁斯特,"['喜剧', '动作', '动画', '冒险']",74分钟,2017,美国, 英语,6.5
钢铁侠与美国队长：英雄集结 Iron Man & Captain America: Heroes United,,Leo Riley,,布兰登·奥曼,,亚德里安·帕斯达,,罗杰·克莱格·史密斯,,弗雷德·塔特西奥,"['动作', '科幻', '动画']",71分钟,2014,美国, 英语,6.5
魔神Z 劇場版 マジンガーZ / INFINITY,,志水淳儿,,永井豪,,森久保祥太郎,,茅野爱衣,,上坂堇,"['科幻', '动画', '灾难']",94分钟(中国大陆),2018,日本, 日语,6.5
猫和老鼠：罗宾汉和他的机灵鼠 Tom and Jerry: Robin Hood and His Merry Mouse,,史派克·布兰特,,Michael Ryan,,吉米·巴姆博,,查尔斯·肖内西,,约翰·迈克尔·辛吉斯,"['喜剧', '动画', '家庭']",58分钟,2012,美国, 英语,6.5
猥琐传说：大电影 Dick Figures: The Movie,,Zack Keller,,Zack Keller,,Ed Skudder,,Zack Keller,,Shea Logsdon,['动画'],73分钟,2013,美国, 英语,6.5
黑之栖 CHRONUS 黒の栖-クロノス-,,恩田尚之,,木ノ花咲,,花江夏树,,小野大辅,,大地叶,"['剧情', '动画']",25分钟,2014,日本, 日语,6.5
十万个冷笑话,,卢恒宇,,卢恒宇,,阿杰,,皇贞季,,宝木中阳,"['喜剧', '动画', '奇幻']",100分钟,2014,中国大陆, 汉语普通话,6.4
喜羊羊与灰太狼之牛气冲天,,赵崇邦,,黄伟健,,阿牛,,林峯,,徐子珊,"['喜剧', '动画', '儿童']",90分钟,2009,中国大陆, 汉语普通话,6.4
丛林有情狼 Alpha and Omega,,本·格鲁克,,Chris Denk,,海顿·潘妮蒂尔,,克里斯蒂娜·里奇,,贾斯汀·朗,"['喜剧', '动画', '家庭', '冒险']",88分钟,2010,美国 / 印度, 英语,6.4
老夫子2001,,邱礼涛,,徐克,,谢霆锋,,张柏芝,,黎耀祥,"['喜剧', '动作', '动画']",104 分钟,2001,香港, 粤语,5.8
驯龙骑士 Justin y la Espada del Valor,,曼努埃尔·西西里阿,,马修·雅各布斯,,安东尼奥·班德拉斯,,詹姆斯·卡沙莫,,迈克尔·卡尔金,"['动画', '冒险']",90分钟,2013,西班牙, 英语,5.8
未来机器城,,安恪温,,郝雨,,韩莹棣,,郑海音,,冯远征,"['科幻', '动画', '冒险']",90分钟,2018,中国大陆 / 加拿大, 英语 / 汉语普通话,5.8
年兽大作战,,张扬,,邢爱娜,,雷佳音,,周冬雨,,陈赫,"['喜剧', '动画', '奇幻']",97分钟,2016,中国大陆, 汉语普通话,5.8
丛林之王 Tarzan,,莱因哈德·克洛斯,,莱因哈德·克洛斯,,凯南·鲁兹,,罗伯特·卡普荣,,史宾塞·洛克,"['动作', '动画', '冒险']",95分钟(中国大陆),2013,德国, 英语,5.8
加菲猫的狂欢节 Garfield's Fun Fest,,Mark A.Z. Dippé,,Frank Welker,,Frank Welker,,Tim Conway,,Gregg Berger,['动画'],79 分钟,2008,美国 / 韩国, 英语,5.8
多细胞少女 다세포소녀,,李在容,,李在容,,金玉彬,,朴真宇,,李民友,"['喜剧', '动画']",111分钟,2006,韩国, 韩语,5.8
摩尔庄园冰世纪,,刘可欣,,刘可欣,,张凯,,陈倩,,毛毛头,"['动画', '儿童', '奇幻']",95分钟,2011,中国大陆, 汉语普通话,5.8
猫和老鼠：间谍使命 Tom and Jerry: Spy Quest,,史派克·布兰特,,希思·科森,,Reese Hartwig,,Arnie Pantoja,,吴汉章,['动画'],72分钟,2015,美国, 英语,5.8
豆福传,,邹燚,,司文,,陈佩斯,,李立群,,季冠霖,['动画'],85分钟,2017,中国大陆, 汉语普通话,5.7
鲁滨逊漂流记 Robinson Crusoe,,文森特·凯斯特鲁特,,李·克里斯托弗,,马提亚斯·施维赫夫,,卡亚·叶娜尔,,伊尔卡·贝桑,"['喜剧', '动画', '冒险']",91分钟,2016,比利时 / 法国, 英语 / 法语 / 德语,5.7
大耳朵图图之美食狂想曲,,速达,,潘延,,潘延,,范楚绒,,胡谦,"['喜剧', '动画', '冒险']",91分钟,2017,中国大陆, 汉语普通话,5.7
斑马总动员 Khumba,,安东尼·希尔瓦斯顿,,拉菲艾拉·德尔·多恩,,杰克·T·奥斯汀,,史蒂夫·布西密,,洛雷塔·迪瓦恩,"['动画', '家庭', '冒险']",86分钟,2013,南非, 英语,5.7
新灰姑娘 Cinderella 3D,,林恩·萨瑟兰,,Alice Blehart,,Kirsten Day,,Stephanie Sanditz,,类型:,"['动画', '奇幻', '冒险']",87分钟,2018,美国 / 中国大陆, 英语,4.2
潜艇总动员3：彩虹宝藏,,何子力,,何子力,,范楚绒,,洪海天,,谢元真,"['动画', '儿童']",80分钟,2013,中国大陆, 汉语普通话,4.2
小猪佩奇过大年,,张大鹏,,郝铭,,朱亚文,,刘芸,,归亚蕾,"['动画', '歌舞', '家庭', '儿童']",81分钟,2019,中国大陆 / 英国, 汉语普通话 / 英语,4.0
赛尔号大电影5：雷神崛起,,王章俊,,王章俊,,罗玉婷,,翟巍,,王晓彤,"['剧情', '动画', '儿童', '冒险']",90分钟,2015,中国大陆, 汉语普通话,4.0
猪猪侠之终极决战,,陆锦明,,古志斌,,陆双,,陈志荣,,祖晴,"['喜剧', '动画', '冒险']",90分钟,2015,中国大陆, 汉语普通话,4.0
潜艇总动员4：章鱼奇遇记,,何子力,,何子力,,蒋可,,王晓彤,,李晔,"['喜剧', '动画', '冒险']",80分钟,2014,中国大陆, 汉语普通话,3.9
爵迹,,郭敬明,,郭敬明,,范冰冰,,吴亦凡,,陈学冬,"['动画', '奇幻']",121分钟,2016,中国大陆, 汉语普通话,3.8
潜艇总动员：海底两万里,,申宇,,辛迪·麦凯,,范楚绒,,洪海天,,李晔,"['动画', '奇幻', '冒险']",75分钟,2018,中国大陆, 汉语普通话,3.8
我是哪吒,,舒展,,李珏,,陶典,,韩娇娇,,刘垚,"['剧情', '动画']",83分钟,2016,中国大陆, 汉语普通话,3.8
猪猪侠之勇闯巨人岛,,古志斌,,王晓莉,,陆双,,祖晴,,陈志荣,"['喜剧', '动画', '冒险']",88分钟,2014,中国大陆, 汉语普通话,3.7
铠甲勇士捕王,,郑国伟,,郑国伟,,赖艺,,王畅唱,,曲澔濬,"['动作', '动画', '奇幻', '冒险']",86分钟,2016,中国大陆, 汉语普通话,3.6
神兽金刚之青龙再现,,朱晓兵,,蔡岳生,,黄健,,李仲鑫,,谢安晟,"['动画', '奇幻', '冒险']",87分钟,2016,中国大陆, 汉语普通话,3.6
新年来啦之大闹除夕,,于明亮,,刘江妹,,赵舒婷,,付洁,,易小寅,"['动画', '奇幻', '冒险']",80分钟,2015,中国大陆, 汉语普通话,3.5
赛尔号大电影之寻找凤凰神兽,,刘虹,,黄伟建,,张杰,,武艺,,曾轶可,"['动画', '奇幻', '冒险']",90分钟,2011,中国大陆, 汉语普通话,3.4
熊猫总动员,,Greg Manwaring,,Greg Manwaring,,何炅,,谢娜,,李维嘉,"['动画', '家庭', '儿童']",86分钟,2011,中国大陆 / 德国 / 法国 / 西班牙 / 比利时, 汉语普通话,3.4
青蛙总动员,,杨仁贤,,袁雪,,吉静,,郭政建,,白涛,"['喜剧', '动画', '冒险']",74分钟,2016,中国大陆 / 台湾, 汉语普通话,3.4
白雪公主之矮人力量,,邱浩强,,陈晴,,刘小翠,,李旭乔,,类型:,"['喜剧', '动画', '奇幻', '冒险']",84分钟,2014,中国大陆, 汉语普通话 / 英语,3.3
我爱灰太狼,,朱枫,,黄伟健,,赵娜,,梁颖,,祖晴,"['喜剧', '动画', '冒险']",91分钟,2012,中国大陆, 汉语普通话,3.3
火焰山历险记,,肖淮海,,尹恒,,古月艺,,寇来,,宏勃,"['动画', '奇幻', '冒险']",84分钟,2013,中国大陆, 汉语普通话,3.3
萤火虫之墓 火垂るの墓,,高畑勋,,高畑勋,,辰己努,,白石绫乃,,志乃原良子,"['剧情', '动画', '战争']",89 分钟,1988,日本, 日语,8.7
我在伊朗长大 Persepolis,,文森特·帕兰德,,玛嘉·莎塔琵,,齐雅拉·马斯楚安尼,,达尼埃尔·达里约,,凯瑟琳·德纳芙,"['剧情', '动画', '传记']",96分钟,2007,法国 / 美国, 法语 / 英语 / 德语 / 波斯语,8.7
疯狂约会美丽都 Les triplettes de Belleville,,希尔万·肖默,,希尔万·肖默,,Béatrice Bonifassi,,莉娜·布德罗,,Michèle Caucheteux,"['喜剧', '动画']",Argentina: 80 分钟(Buenos Aires Festival Internacional de Cine Independiente),2003,法国 / 比利时 / 加拿大 / 英国 / 拉脱维亚, 法语 / 葡萄牙语,8.7
魔术师 L'illusionniste,,希尔万·肖默,,希尔万·肖默,,Jean-Claude Donda,,Eilidh Rankin,,Jil Aigrot,"['剧情', '动画']",80分钟,2010,法国 / 英国, 英语 / 法语 / 盖尔语,8.7
河童之夏 河童のクゥと夏休み,,原惠一,,原惠一,,富泽风斗,,横川贵大,,田中直树,"['喜剧', '动画', '奇幻']",138分钟,2007,日本, 日语,8.7
我的邻居山田君 ホーホケキョとなりの山田くん,,高畑勋,,高畑勋,,朝丘雪路,,益冈徹,,荒木雅子,"['喜剧', '动画', '家庭']",104 分钟,1999,日本, 日语,8.7
伦敦一家人 Ethel & Ernest,,罗杰·梅因伍德,,罗杰·梅因伍德,,卢克·崔德威,,吉姆·布劳德本特,,布兰达·布莱斯,"['剧情', '动画', '家庭']",94分钟,2016,英国, 英语,8.7
男孩与世界 O Menino e o Mundo,,阿莱·阿布鲁,,阿莱·阿布鲁,,阿莱·阿布鲁,,马尔科·奥雷利奥·坎波斯,,维尼修斯·加西亚,"['剧情', '动画']",80分钟,2013,巴西, 无对白,8.7
原始星球 La planète sauvage,,阿内·拉鲁,,斯蒂凡·乌尔,,Jennifer Drake,,Eric Baugin,,让·托帕尔,"['科幻', '动画']",72 分钟,1973,法国 / 捷克斯洛伐克, 法语,8.7
冬之蝉 冬の蝉,,伊藤真朱,,新田佑克(漫画作者),,森川智之,,三木真一郎,,森久保祥太郎,"['剧情', '动画', '同性']",102分钟（ova合成版）,2007,日本, 日语,8.7
天才嘉年华 ジーニアス・パーティ,,福岛敦子,,菊地凛子,,菊地凛子,,柳乐优弥,,金田朋子,['动画'],Japan: 85 分钟(video),2007,日本, 日语,8.7
她的回忆 彼女の想いで,,森本晃司,,今敏,,山寺宏一,,类型:,,科幻,"['科幻', '动画', '冒险']",44分钟,1995,日本, 日语,8.7
指环王 The Lord of the Rings,,拉尔夫·巴克希,,Chris Conkling,,Christopher Guard,,威廉·斯夸尔,,Michael Scholes,"['剧情', '动画', '奇幻', '冒险']",132 分钟,1978,美国, 英语 / Sindarin,8.7
悲伤的贝拉多娜 哀しみのベラドンナ,,山本映一,,福田善之,,长山蓝子,,仲代达矢,,中山千夏,"['剧情', '动画', '奇幻']",87分钟,1973,日本, 日语,8.7
龙子太郎 龍の子太郎,,浦山桐郎,,浦山桐郎,,北村和夫,,吉永小百合,,Junya Kato,"['动画', '奇幻', '冒险']",75 分钟,1979,日本, 日语,8.7
怪医黑杰克 ブラック・ジャック,,出崎统,,出崎统,,大塚明夫,,水谷优子,,星野充昭,"['剧情', '动画', '惊悚']",93分钟,1996,日本 / 德国, 日语 / 德语,8.7
丁丁历险记之太阳神的囚徒 Tintin et le temple du soleil,,Raymond Leblanc,,Michel Regnier,,Philippe Ogouz,,Claude Bertrand,,Jacques Balutin,"['动画', '悬疑', '冒险']",77 分钟,1969,法国 / 比利时 / 瑞士, 法语,8.7
神奇独角马 ユニコ,,平田敏夫,,手冢治虫,,三轮胜惠,,杉山佳寿子,,堀绚子,"['动画', '奇幻', '冒险']",90 分钟,1981,日本, 日语 / 英语,8.7
我的妹妹小桃子 もも子、かえるの歌がきこえるよ。,,四分一节子 Setsuko Shibuichi,,小出一巳,,間宮くるみ,,内山昂辉,,大石治人,"['动画', '儿童']",78分钟,2003,日本, 日语,8.7
西游记之大圣归来,,田晓鹏,,田晓鹏,,张磊,,林子杰,,吴文伦,"['喜剧', '动作', '动画', '奇幻']",89分钟,2015,中国大陆, 汉语普通话 / 粤语,8.3
冰雪奇缘 Frozen,,克里斯·巴克,,珍妮弗·李,,克里斯汀·贝尔,,伊迪娜·门泽尔,,乔纳森·格罗夫,"['喜剧', '动画', '歌舞', '奇幻']",102分钟,2013,美国, 英语 / 冰岛语,8.3
秒速5厘米 秒速5センチメートル,,新海诚,,新海诚,,水桥研二,,近藤好美 ,,花村怜美,"['剧情', '爱情', '动画']",63分钟,2007,日本, 日语,8.3
海底总动员 Finding Nemo,,安德鲁·斯坦顿,,安德鲁·斯坦顿,,艾伯特·布鲁克斯,,艾伦·德杰尼勒斯,,亚历山大·古尔德,"['喜剧', '动画', '家庭', '冒险']",100 分钟,2003,美国 / 澳大利亚, 英语,8.3
里约大冒险 Rio,,卡洛斯·沙尔丹哈,,唐·莱默,,杰西·艾森伯格,,安妮·海瑟薇,,乔治·洛佩兹,"['喜剧', '动画', '冒险']",96分钟,2011,美国, 英语 / 葡萄牙语,8.3
美食总动员 Ratatouille,,布拉德·伯德,,布拉德·伯德,,帕顿·奥斯瓦尔特,,彼得·奥图尔,,布拉德·加内特,"['喜剧', '动画', '奇幻']",111 分钟,2007,美国, 英语 / 法语,8.3
小美人鱼 The Little Mermaid,,罗恩·克莱蒙兹,,约翰·马斯克,,雷内·奥博诺伊斯,,Christopher Daniel Barnes,,裘蒂·班森,"['爱情', '动画', '歌舞', '奇幻']",83 分钟,1989,美国, 英语 / 法语,8.3
大坏狐狸的故事 Le Grand Méchant Renard et autres contes...,,本杰明·雷内,,本杰明·雷内,,纪尧姆·达尔诺,,席琳·荣特,,达米安·维特卡,"['喜剧', '动画', '冒险']",83分钟,2017,法国 / 比利时, 法语,8.3
小飞侠 Peter Pan,,克莱德·杰洛尼米,,J·M·巴利,,鲍比·德里斯科尔,,凯瑟琳·博蒙特,,汉斯·康拉德,"['动画', '歌舞', '奇幻', '冒险']",77分钟,1953,美国, 英语 / 美国手语,8.3
"明月守护者 Mune, le gardien de la lune",,亚历山大·西伯恩,,杰罗姆·法斯腾,,奥玛·希,,伊兹雅·海格林,,迈克尔·格雷戈里奥,['动画'],86分钟,2014,法国, 法语 / 英语,8.3
三眼神童 悪魔島のプリンス 三つ目がとおる,,芹川有吾,,手冢治虫,,岸野一彦,,松井菜樱子,,石田彰,['动画'],85分钟,1985,日本, 英语,8.3
蝙蝠侠：红影迷踪 Batman: Under the Red Hood,,Brandon Vietti,,贾德·威尼克,,布鲁斯·格林伍德,,尼尔·帕特里克·哈里斯,,詹森·阿克斯,"['动作', '动画', '惊悚', '犯罪']",75分钟,2010,美国, 英语,8.3
爷爷的煤油灯 おぢいさんのランプ,,滝口禎一,,滝口禎一,,神谷浩史,,清水理沙,,伊藤 和晃,"['动画', '家庭', '儿童']",24分钟,2011,日本, 日语,8.3
飞出个未来大电影2：万背之兽 Futurama: The Beast with a Billion Backs,,Peter Avanzino,,Michael Rowe,,Frank Welker,,凯特蕾·萨加尔,,劳伦·汤姆,"['喜剧', '动作', '爱情', '科幻', '动画']",Argentina: 90 分钟,2008,美国, 英语,8.3
狐狸与猎狗 The Fox and the Hound,,阿特·史蒂文斯,,Burny Mattinson,,米基·鲁尼,,库尔特·拉塞尔,,珀尔·贝利,"['动画', '冒险']",83 分钟,1981,美国, 英语,8.3
猫儿历险记 The Aristocats,,沃夫冈·雷瑟曼,,Larry Clemmons,,菲尔·哈里斯 ,,伊娃·嘉宝,,斯特灵·哈洛威,"['喜剧', '动画', '音乐', '冒险']",78分钟,1970,美国, 英语,8.3
少年泰坦出击电影版 Teen Titans Go! To the Movies,,亚伦·霍瓦斯,,亚伦·霍瓦斯,,尼古拉斯·凯奇,,克里斯汀·贝尔,,威尔·阿奈特,"['喜剧', '动作', '动画']",84分钟,2018,美国, 英语,8.1
秦时明月特别篇之帝子降兮,,沈乐平,,沈乐平,,刘北辰,,陈奕雯,,杨垚,"['剧情', '动画', '冒险', '武侠']",18分钟,2015,中国大陆, 汉语普通话,8.1
蓝调之歌 Sita Sings the Blues,,妮娜·佩利,,妮娜·佩利,,Annette Hanshaw,,Pooja Kumar,,Debargo Sanyal,"['喜剧', '动画', '奇幻']",82分钟,2008,美国, 英语,8.1
"是的，弗吉尼亚 Yes, Virginia",,Pete Circuitt,,Wayne Best,,Jennifer Love Hewitt,,Neil Patrick Harris,,Alfred Molina,['动画'],22分钟,2009,美国, 英语,8.1
罗宾汉 Robin Hood,,沃夫冈·雷瑟曼,,Ken Anderson,,Brian Bedford,,彼得·乌斯蒂诺夫,,菲尔·哈里斯,"['爱情', '动画', '家庭', '冒险']",83分钟,1973,美国, 英语,8.1
星际宝贝：终极任务 Leroy & Stitch,,托尼·克莱格,,罗伯茨·甘纳韦,,黛维·切斯,,克里斯·桑德斯,,戴维·奥格登·施蒂尔斯,"['喜剧', '科幻', '动画', '家庭', '冒险']",73分钟,2006,美国, 英语,8.1
小熊维尼之长鼻怪大冒险 Pooh's Heffalump Movie,,Frank Nissen,,Jim Cummings (Voice),,Jim Cummings (Voice),,Nikita Hopkins (voice),,Kyle Stanger (voice),"['动画', '悬疑', '家庭', '奇幻']",USA: 68 分钟,2005,美国, 英语,8.1
姆明：漫游蓝湾 Muumit Rivieralla,,泽维尔·皮卡,,莱斯利·史德华,,伊丽娜·别尔克伦德,,玛丽亚·希德,,Ragni Grönblom,"['喜剧', '动画', '家庭']",80分钟,2014,芬兰 Finland / 法国, 芬兰语 Finnish,8.1
劳拉的星星 Lauras Stern,,Piet De Rycker,,Alexander Lindner,,Céline Vogt,,Sandro Iannotta,,Maximilian Artajo,"['喜剧', '动画', '家庭', '儿童', '奇幻']",77分钟,2004,保加利亚 / 德国 / 中国大陆, 英语,8.1
牧羊犬郁金香 My Dog Tulip,,保罗·菲尔林格,,J.R. Ackerley (novel),,克里斯托弗·普卢默,,琳恩·雷德格瑞夫,,伊莎贝拉·罗西里尼 Isabella Rossellini,"['剧情', '喜剧', '动画']",83分钟,2009,美国, 英语,8.1
功夫熊猫 Kung Fu Panda,,马克·奥斯本,,乔纳森·阿贝尔,,杰克·布莱克,,达斯汀·霍夫曼,,安吉丽娜·朱莉,"['喜剧', '动作', '动画', '冒险']",95分钟,2008,美国, 英语,8.0
辰巳 TATSUMI マンガに革命を起こした男,,邱金海,,辰巳嘉裕 ,,別所哲也,,Motoko Gollent,,辰巳嘉裕 ,"['剧情', '动画', '传记']",96分钟,2011,新加坡, 日语,7.9
妙先生之雁落大道,,不思凡,,不思凡,,小连杀,,大象,,V7,"['动画', '悬疑', '奇幻', '冒险']",8分钟,2014,中国大陆, 汉语普通话,7.9
大护法,,不思凡,,不思凡,,小连杀,,图特哈蒙,,金士杰,"['喜剧', '动画', '奇幻', '冒险']",95分钟,2017,中国大陆, 汉语普通话,7.8
马达加斯加 Madagascar,,埃里克·达尼尔,,马克·伯顿,,本·斯蒂勒,,克里斯·洛克,,大卫·休默,"['喜剧', '动画', '家庭', '冒险']",86 分钟,2005,美国, 英语 / 葡萄牙语 / 西班牙语 / 德语 / 法语,7.8
赛车总动员 Cars,,约翰·拉塞特,,约翰·拉塞特,,欧文·威尔逊,,保罗·纽曼,,邦尼·亨特,"['喜剧', '动画', '冒险']",117分钟,2006,美国, 英语 / 意大利语 / 日语 / 依地语,7.8
超级大坏蛋 Megamind,,汤姆·麦格拉思,,艾伦·J·斯库尔克拉夫特,,威尔·法瑞尔,,乔纳·希尔,,布拉德·皮特,"['喜剧', '动作', '动画']",95分钟,2010,美国, 英语,7.8
虫虫危机 A Bug's Life,,约翰·拉塞特,,安德鲁·斯坦顿,,大卫·弗利,,凯文·史派西,,茱莉亚·路易斯-德瑞弗斯,"['喜剧', '动画', '冒险']",95 分钟,1998,美国, 英语,7.8
云的彼端，约定的地方 雲のむこう、約束の場所,,新海诚,,新海诚,,吉冈秀隆,,萩原圣人,,南里侑香,"['剧情', '科幻', '动画']",91分钟,2004,日本, 日语,7.8
霍顿与无名氏 Horton Hears a Who!,,吉米·海沃德,,肯·道里欧,,金·凯瑞,,史蒂夫·卡瑞尔,,卡罗尔·博内特,"['喜剧', '动画', '冒险']",86 分钟,2008,美国, 英语,7.8
猫在巴黎 Une vie de chat,,让-卢普·费利乔利,,阿兰·嘎诺尔,,多米尼克·布隆,,贝纳德特·拉封,,布鲁诺·萨拉曼,"['动画', '家庭', '犯罪']",62分钟,2010,法国 / 荷兰 / 瑞士 / 比利时, 法语,7.8
藏獒多吉,,小岛正幸,,杨志军,,刘婧荦,,阿兰,,茫来,"['剧情', '动画', '悬疑', '冒险']",95分钟,2011,中国大陆 / 日本, 日语,7.8
刺痛我,,刘健,,刘健,,何烈波,,杨思明,,张瑜,"['动画', '犯罪']",74分钟,2010,中国大陆, 汉语普通话,7.8
阿薇尔与虚构世界 Avril et le monde truqué,,克里斯汀·丹米尔斯,,弗兰克·叶根吉,,玛丽昂·歌迪亚,,菲烈·卡特林,,让·雷谢夫,"['科幻', '动画', '冒险']",105分钟,2015,法国 / 比利时 / 加拿大, 法语,7.8
星银岛 Treasure Planet,,罗恩·克莱蒙兹,,罗恩·克莱蒙兹,,约瑟夫·高登-莱维特,,大卫·海德·皮尔斯,,布莱恩·莫瑞,"['爱情', '科幻', '动画', '家庭', '冒险']",95 分钟,2002,美国, 英语,7.8
乐高蝙蝠侠大电影：DC英雄集结 LEGO Batman: The Movie - DC Superheroes Unite,,Jon Burton,,Jon Burton,,罗伯·鲍森,,劳拉·贝莉,,布莱恩·布鲁姆,"['动画', '冒险']",71分钟,2013,美国 / 英国, 英语,7.8
小叮当 Tinker Bell,,布拉德利·雷蒙德,,杰弗里·M·霍华德,,梅·惠特曼,,克里斯汀·肯诺恩斯,,雷文-西蒙尼,"['喜剧', '动画', '奇幻', '冒险']",78分钟,2008,美国, 英语,7.8
地下幻灯剧画 少女椿 地下幻燈劇画 少女椿,,絵津久秋,,原田浩,,松井良彦,,中美奈子,,森下纪彦,"['剧情', '动画', '恐怖']",49分钟,1992,日本, 日语,7.8
小熊维尼 Winnie the Pooh,,斯蒂芬·安德森,,斯蒂芬·安德森,,约翰·克立斯,,吉姆·库宁斯,,巴德·乐凯,"['喜剧', '动画', '冒险']",63分钟,2011,美国, 英语,7.8
幸福路上,,宋欣颖,,宋欣颖,,桂纶镁,,魏德圣,,陈博正,['动画'],111分钟,2017,台湾, 汉语普通话 / 英语 / 闽南语,7.6
大提琴手 セロ弾きのゴーシュ,,高畑勋,,宫泽贤治,,佐々木秀樹,,雨森雅司,,白石冬美,"['动画', '音乐', '奇幻']",60分钟,1982,日本, 日语,7.6
飞天巨桃历险记 James and the Giant Peach,,亨利·塞利克,,Jonathan Roberts,,Richard Dreyfuss,,西蒙·卡洛,,简·丽芙丝,"['动画', '歌舞', '家庭', '奇幻', '冒险']",79 分钟,1996,英国 / 美国, 英语,7.6
开心超人,,黄伟明,,黄伟明,,邓玉婷,,祖晴,,高全胜,"['动画', '冒险']",90分钟,2013,中国大陆, 汉语普通话,7.6
奇可和丽塔 Chico & Rita,,Tono Errando,,Ignacio Martínez de Pisón,,Limara Meneses,,Mario Guerra,,Enan Oña,"['爱情', '动画', '音乐']",94分钟,2010,西班牙 / 英国, 西班牙语 / 英语 / 法语,7.6
公主追杀令 Princess,,安德斯·摩根泰勒,,Mette Heeno,,托尔·林德哈特,,Stine Fischer Christensen,,Jens Arentzen,"['剧情', '动作', '动画']",90 分钟,2006,德国 / 丹麦, 丹麦语,7.6
牵牛花与加濑同学 あさがおと加瀬さん。,,佐藤卓哉,,高岛博美,,高桥未奈美,,佐仓绫音,,木户衣吹,['动画'],58分钟,2018,日本, 日语,7.6
瘪四与大头蛋 Beavis and Butt-Head Do America,,迈克·乔吉,,迈克·乔吉,,迈克·乔吉,,布鲁斯·威利斯,,黛米·摩尔,"['喜剧', '动画', '犯罪', '冒险']",81 分钟,1996,美国, 英语,7.6
白牙 Croc-Blanc,,亚历山大·埃斯皮加雷斯,,塞尔日·弗里德曼,,尼克·奥弗曼,,拉什达·琼斯,,保罗·吉亚玛提,"['动画', '冒险']",85分钟,2018,法国 / 卢森堡 / 美国, 法语 / 英语,7.6
101忠狗续集：伦敦大冒险 101 Dalmatians II: Patch's London Adventure,,金·加姆洛德,,金·加姆洛德,,巴比·洛克伍德,,巴瑞·波斯威克,,萨缪尔·韦斯特,"['喜剧', '动画', '家庭', '冒险']",74分钟,2003,美国, 英语,7.6
芭比与三剑客 Barbie and the Three Musketeers,,William Lau,,Amy Wolfram,,Kelly Sheridan,,Tim Curry,,Kira Tozer,"['动画', '家庭']",Argentina: 81 分钟,2009,美国, 英语,7.6
乐高星球大战：学徒危机 Lego Star Wars: The Padawan Menace,,David Scott,,Michael Price,,安东尼·丹尼尔斯,,Nika Futterman,,菲尔·拉马,"['动画', '家庭', '奇幻']",22分钟,2011,美国, 英语,7.6
女他,,周圣崴,,周圣崴,,吕伏阳,,周圣崴,,赵凯欣,['动画'],95分钟,2018,中国大陆, 无对白,7.6
叽哩咕与野兽 Kirikou et les bêtes sauvages,,Bénédicte Galup,,Pierre-Ndoffé Sarr (voice),,Pierre-Ndoffé Sarr (voice),,Awa Sene Sarr (voice),,类型:,"['动画', '冒险']",75分钟,2005,法国, 法语,7.6
女孩，你的一分钟有多长,,蒋谱,,鼠七里,,崔欣,,郑洁,,类型:,"['剧情', '动画']",75分钟,2006,中国大陆, 普通话/国语,7.6
阿尼娜 Anina,,阿尔弗雷多·索德圭特,,费德里克·伊万尼尔,,费德里卡·拉卡诺,,玛丽亚·门迪维,,凯撒·特龙科索,"['动画', '家庭', '儿童']",80分钟,2013,乌拉圭 / 哥伦比亚, 西班牙语,7.6
驯龙高手3 How To Train Your Dragon: The Hidden World,,迪恩·德布洛斯,,迪恩·德布洛斯,,杰伊·巴鲁切尔,,亚美莉卡·费雷拉,,F·默里·亚伯拉罕,"['动画', '奇幻', '冒险']",104分钟,2019,美国, 英语,7.5
乐高DC超级英雄：正义联盟大战异魔联盟 Lego DC Comics Super Heroes: Justice League vs. Bizarro League,,Brandon Vietti,,戴德里克·巴德,,戴德里克·巴德,,特罗伊·贝克,,格蕾·德丽斯勒,['动画'],49分钟,2015,美国, 英语,7.3
未来蝙蝠侠：小丑归来 Batman Beyond: Return of the Joker,,Curt Geda,,鲍勃·凯恩,,威尔·弗里德尔,,马克·哈米尔,,凯文·康瑞,"['动作', '科幻', '动画', '惊悚', '犯罪']",74 分钟(original release),2000,美国, 英语,7.3
熊的传说2 Brother Bear 2,,本·格鲁克,,Rich Burns,,曼迪·摩尔,,帕特里克·德姆西,,吉姆·库宁斯,"['动画', '家庭', '奇幻', '冒险']",73分钟,2006,美国, 英语,7.3
鬼界超级混蛋 The Haunted World of El Superbeasto,,Mr. Lawrence,,Mike Bell,,罗莎里奥·道森 Rosario Dawson,,保罗·吉亚玛提 Paul Giamatti,,丹尼·特乔 Danny Trejo,"['喜剧', '动作', '动画', '奇幻', '冒险']",USA: 77 分钟,2009,美国, 英语,7.3
小姐与流浪汉2：狗儿逃家记 Lady and the Tramp II: Scamp's Adventure,,达雷尔·鲁尼,,比尔·莫兹,,斯考特·沃夫,,艾莉莎·米兰诺,,查兹·帕尔明特瑞,"['爱情', '动画', '家庭', '冒险']",69分钟,2001,美国 / 澳大利亚, 英语,7.3
伊老师与小蟾蜍大历险 The Adventures of Ichabod and Mr. Toad,,詹姆斯·阿尔格,,厄尔德曼·彭纳,,平·克劳斯贝,,埃里克·布洛尔,,巴兹尔·拉思伯恩,"['动画', '家庭', '奇幻']",68 分钟,1949,美国, 英语,7.3
蓝精灵 The Smurfs,,拉加·高斯内尔,,J·大卫·斯提姆,,尼尔·帕特里克·哈里斯,,杰玛·梅斯,,汉克·阿扎利亚,"['喜剧', '动画', '奇幻']",103分钟,2011,美国 / 比利时, 英语,7.2
极速蜗牛 Turbo,,大卫·索伦,,达伦·莱姆克,,瑞恩·雷诺兹,,保罗·吉亚玛提,,迈克尔·佩纳,"['喜剧', '动画', '冒险']",96分钟,2013,美国, 英语,7.2
公牛历险记 Ferdinand,,卡洛斯·沙尔丹哈,,罗伯特·L·贝尔德,,约翰·塞纳,,凯特·麦克金农,,莉莉·戴,"['喜剧', '动画', '冒险']",108分钟,2017,美国, 英语,7.2
恐龙当家 The Good Dinosaur,,彼得·孙,,彼得·孙,,雷蒙德·奥乔亚,,杰克·布赖特,,杰弗里·怀特,"['喜剧', '动画', '家庭', '冒险']",93分钟,2015,美国, 英语,7.2
怪兽屋 Monster House,,吉尔·克兰,,丹·哈萌,,米切尔·莫索,,山姆·勒纳,,史宾塞·洛克,"['动画', '悬疑', '惊悚', '恐怖', '奇幻']",91分钟,2006,美国, 英语,7.2
天降美食2 Cloudy with a Chance of Meatballs 2,,科迪·卡梅伦,,约翰·弗朗西斯·戴利,,比尔·哈德尔,,威尔·福特,,尼尔·帕特里克·哈里斯,"['喜剧', '动画', '奇幻']",95分钟,2013,美国, 英语,7.2
最终幻想15：王者之剑 Kingsglaive Final Fantasy XV,,野末武志,,长谷川隆,,亚伦·保尔,,肖恩·宾,,琳娜·海蒂,"['剧情', '科幻', '动画', '奇幻', '冒险']",116分钟(中国大陆),2016,日本, 英语 / 日语,7.2
快乐的大脚2 Happy Feet Two,,乔治·米勒,,乔治·米勒,,伊莱贾·伍德,,罗宾·威廉姆斯,,红粉佳人,"['喜剧', '动画', '歌舞', '家庭']",102分钟,2011,澳大利亚, 英语,7.2
我的英雄学院：两位英雄 僕のヒーローアカデミア THE MOVIE ～2人の英雄～,,长崎健司,,黑田洋介,,山下大辉,,三宅健太,,志田未来,"['动作', '动画']",96分钟,2018,日本, 日语,7.2
蝴蝶梦：梁山伯与祝英台 蝴蝶夢－梁山伯與祝英台,,蔡明钦,,蔡明钦,,萧亚轩,,刘若英,,吴宗宪,"['爱情', '动画', '奇幻', '古装']",95分钟,2004,台湾, 普通话,7.2
魔发精灵 Trolls,,迈克·米切尔,,乔纳森·阿贝尔,,安娜·肯德里克,,贾斯汀·汀布莱克,,佐伊·丹斯切尔,"['动画', '歌舞', '奇幻', '冒险']",93分钟,2016,美国, 英语,7.2
冰川时代5：星际碰撞 Ice Age: Collision Course,,麦克·特米尔,,迈克尔·J·威尔森,,西蒙·佩吉,,洁茜J ,,杰西·泰勒·弗格森,"['喜剧', '动画', '冒险']",94分钟,2016,美国, 英语,6.8
阿童木 Astro Boy,,大卫·博维斯,,蒂莫西·哈里斯,,弗莱迪·海默,,克里斯汀·贝尔,,尼古拉斯·凯奇,"['动作', '科幻', '动画', '家庭']",94 分钟,2009,香港 / 美国 / 日本, 英语,6.8
秦时明月之龙腾万里,,沈乐平,,沈乐平,,冯骏骅,,季冠霖,,沈达威,"['动画', '奇幻', '冒险', '武侠']",98分钟,2014,中国大陆, 汉语普通话 / 陕西方言,6.8
老雷斯的故事 Dr. Seuss' The Lorax,,克里斯·雷纳德,,肯·道里欧,,扎克·埃夫隆,,泰勒·斯威夫特,,丹尼·德维托,"['动画', '家庭', '奇幻']",86分钟,2012,美国 / 法国, 英语,6.8
蜜蜂总动员 Bee Movie,,Steve Hickner,,杰瑞·宋飞,,杰瑞·宋飞,,蕾妮·齐薇格,,马修·布罗德里克,"['喜剧', '动画', '家庭', '冒险']",91 分钟,2007,美国, 英语,6.8
喜羊羊与灰太狼之虎虎生威,,赵崇邦,,谢天华,,谢天华,,王祖蓝,,邓丽欣,"['动画', '儿童']",89分钟,2010,中国大陆, 汉语普通话 / 粤语,6.8
恋之风景 戀之風景,,黎妙雪,,黎妙雪,,林嘉欣,,郑伊健,,刘烨,"['剧情', '爱情', '动画']",100分钟,2003,香港 / 法国, 粤语 / 汉语普通话,6.8
熊出没·变形记,,丁亮,,徐芸,,张伟,,张秉君,,谭笑,"['喜剧', '动画', '冒险']",89分钟,2018,中国大陆, 汉语普通话,6.8
鼠来宝4：萌在囧途 Alvin and the Chipmunks: The Road Chip,,沃尔特·拜克,,罗斯·巴格达萨里安,,贾斯汀·朗,,马修·格雷·古柏勒,,杰西·麦卡尼,"['喜剧', '动画', '音乐', '奇幻', '冒险']",92分钟,2015,美国, 英语,6.8
51号星球 Planet 51,,Jorge Blanco,,Joe Stillman,,道恩·强森,,杰西卡·贝尔,,贾斯汀·朗,"['喜剧', '科幻', '动画', '家庭', '奇幻', '冒险']",USA: 91 分钟,2009,西班牙 / 英国 / 美国, 英语 / 西班牙,6.8
摇滚藏獒,,艾什·布兰农,,郑钧,,郭麒麟,,路知行,,郭德纲,"['动画', '音乐']",93分钟,2016,中国大陆 / 美国 / 香港, 英语,6.8
漂亮爸爸 キレパパ 綺麗なお父さんは好きですか？,,愚痴蓝,,Ryo Takagi,,绿川光,,樱井孝宏,,宫田幸季,['动画'],33分钟,2008,日本, 日语,6.8
萨米大冒险 Le Voyage extraordinaire de Samy,,本·斯塔森,,多米尼克·帕里斯,,蒂姆·克里,,詹尼·麦卡锡,,安东尼·安德森,"['动画', '冒险']",85分钟,2010,比利时, 英语,6.8
蝙蝠侠：煤气灯下的哥谭 Batman: Gotham by Gaslight,,刘山姆,,詹姆斯·克里格,,布鲁斯·格林伍德,,詹妮弗·卡朋特,,克里斯·考克斯,"['动作', '科幻', '动画', '悬疑', '犯罪']",78分钟,2018,美国, 英语,6.8
超人王朝 Reign of the Supermen,,刘山姆,,詹姆斯·克里格,,杰瑞·奥康奈尔,,丽贝卡·罗梅恩,,雷恩·威尔森,"['动作', '科幻', '动画']",87分钟,2019,美国, 英语,6.8
仙履奇缘2：美梦成真 Cinderella II: Dreams Come True,,John Kafka,,Jill E. Blotevogel,,詹妮弗·黑尔,,Tress MacNeille,,Rob Paulsen,"['爱情', '动画', '家庭', '奇幻']",69分钟,2002,美国, 英语,6.8
乐高DC超级英雄：哥谭大越狱 Lego DC Comics Superheroes: Justice League - Gotham City Breakout,,马特·皮特斯,,詹姆斯·克里格,,特罗伊·贝克,,诺兰·诺斯,,Khary Payton,"['喜剧', '科幻', '动画']",78分钟,2016,美国, 英语,6.8
鬼作秀3 Creepshow 3,,Ana Clavell,,Ana Clavell,,AJ·鲍恩,,Kris Allen,,Stephanie Pettee,"['动画', '恐怖', '奇幻']",104分钟,2006,美国, 英语,6.8
11度青春之《泡芙小姐的金鱼缸》,,皮三,,皮三,,余皑磊,,徐涛,,冯丹滢,['动画'],17分钟,2010,中国大陆, 汉语普通话,6.4
熊出没·奇幻空间,,林永长,,崔铁志,,尚雯婕,,鲍春来,,孙建宏,"['动画', '儿童']",90分钟,2017,中国大陆, 汉语普通话,6.4
飞机总动员 Planes,,克雷·豪尔,,杰弗里·M·霍华德,,戴恩·库克,,卡洛斯·阿拉斯拉奇,,茱莉亚·路易斯-德瑞弗斯,"['喜剧', '动画', '冒险']",91分钟,2013,美国, 英语,6.4
火星需要妈妈 Mars Needs Moms!,,西蒙·威尔斯,,西蒙·威尔斯,,赛斯·格林,,琼·库萨克,,伊莉莎白·哈诺伊斯,"['动画', '家庭']",88分钟,2011,美国, 英语,6.4
正义联盟：新的边际 Justice League: The New Frontier,,Dave Bullock,,Stan Berkowitz,,Brooke Shields	 ... 	Carol Ferris (voice),,Alan Ritchson	 ... 	Aquaman (voice),,Lex Lang	 ... 	Rick Flag,"['动作', '科幻', '动画', '奇幻', '冒险']",75 分钟,2008,美国, 葡萄牙语 / 英语,6.4
巨星总动员 Looney Tunes: Back in Action,,乔·丹特,,Larry Doyle,,布兰登·费舍,,史蒂夫·马丁,,提摩西·道尔顿,"['喜剧', '动画', '家庭', '冒险']",USA: 91 分钟,2003,美国, 英语,6.4
正义联盟大战致命五人组 Justice League vs. The Fatal Five,,刘山姆,,Jim Shooter,,凯文·康瑞,,乔治·纽伯恩,,苏珊·爱森伯格,['动画'],77分钟,2019,美国, 英语,6.4
波鲁鲁冰雪大冒险,,朴英均,,李善,,李善,,李美子,,洪小英,"['动画', '家庭', '儿童', '冒险']",79分钟,2013,韩国 / 中国大陆, 汉语普通话 / 韩语,6.4
星球绿巨人 Planet Hulk,,Greg Pak,,Greg Pak,,Rick D. Wasserman,,丽萨·安·贝利,,马克·海德斯,"['动作', '科幻', '动画']",81分钟,2010,美国, 英语,6.4
蝙蝠侠：披风斗士归来 Batman: Return of the Caped Crusaders,,里克·莫拉莱斯,,詹姆斯·塔克,,亚当·威斯特,,波特·瓦德,,朱莉·纽玛,"['喜剧', '动作', '动画', '冒险']",78分钟,2016,美国, 英语,6.4
托马斯大电影之了不起的比赛 Thomas & Friends: The Great Race,,大卫·斯特登,,安德鲁·布瑞纳,,马克·莫拉根,,大卫·拜德拉,,奥利维娅·科尔曼,"['动画', '儿童']",64分钟,2016,英国, 英语,6.4
忍者神龟 TMNT,,Kevin Munroe,,Kevin Munroe,,诺兰·诺斯,,詹姆斯·阿诺德·泰勒,,米歇尔·维特菲尔德,"['剧情', '喜剧', '动作', '动画', '家庭', '奇幻', '冒险']",87 分钟,2007,香港 / 美国, 英语 / 法语,6.3
蓝精灵：寻找神秘村 Smurfs: The Lost Village,,凯利·阿斯博瑞,,帕米拉·里本,,黛米·洛瓦托,,雷恩·威尔森,,乔·曼根尼罗,"['喜剧', '动画', '奇幻', '冒险']",90分钟,2017,美国, 英语,6.3
花木兰2 Mulan II,,达雷尔·鲁尼,,迈克尔·勒克,,刘玉玲,,温明娜,,吴珊卓,"['喜剧', '动画', '家庭']",79 分钟,2004,美国, 英语,6.3
风云决,,林超贤,,马荣成 ,,任贤齐,,谢霆锋,,韩雪,"['动作', '动画', '武侠']",110 分钟,2008,中国 / 香港, 汉语普通话 / 粤语,6.3
亚瑟和他的迷你王国2 Arthur et la vengeance de Maltazard,,吕克·贝松,,吕克·贝松,,弗莱迪·海默,,米亚·法罗,,赛琳娜·戈麦斯,['动画'],Portugal: 93 分钟,2009,法国, 英语,6.3
喜羊羊与灰太狼之兔年顶呱呱,,赵崇邦,,赵崇邦,,祖丽晴,,张琳,,邓玉婷,"['喜剧', '动画']",88分钟,2011,中国大陆, 汉语普通话,6.3
抢劫坚果店 The Nut Job,,彼得·莱佩尼奥蒂斯,,罗恩·卡梅伦,,威尔·阿奈特,,布兰登·费舍,,连姆·尼森,"['喜剧', '动画', '冒险']",86分钟,2014,加拿大 / 韩国 / 美国, 英语 / 荷兰语,6.3
绿毛怪格林奇 The Grinch,,亚罗·切尼,,迈克尔·勒西厄尔,,本尼迪克特·康伯巴奇,,卡梅伦·丝蕾,,拉什达·琼斯,"['喜剧', '动画', '奇幻']",86分钟,2018,法国 / 中国大陆 / 日本 / 美国, 英语,6.3
小红帽2 Hoodwinked Too! Hood VS. Evil,,Mike Disa,,托德·爱德华兹,,海顿·潘妮蒂尔,,格伦·克洛斯,,艾米·波勒,['动画'],84分钟,2011,美国, 英语,5.7
金箍棒传奇2：沙僧的逆袭,,哈磊,,王冰,,于立,,吴天昊,,榕榕,"['喜剧', '动画', '冒险']",91分钟,2014,中国大陆, 汉语普通话,5.7
猫和老鼠：迷失之龙 Tom and Jerry: The Lost Dragon,,史派克·布兰特,,凯莉·斯泰堡丝,,凯莉·斯泰堡丝,,薇姬·刘易斯,,吉姆·库宁斯,"['喜剧', '动画']",56分钟,2014,美国, 英语,5.7
海鲜陆战队 SeeFood,,吴安和,,蒋开诗,,Steven Bone,,Colin Chong,,Chi-Ren Choong,"['喜剧', '动画']",91分钟(中国大陆),2011,中国大陆 / 马来西亚, 英语,5.7
第七个小矮人 The 7th Dwarf,,Boris Aljinovic,,哈莱德·西博门,,Otto Waalkes,,Mirco Nontschew,,Boris Aljinovic,"['喜剧', '动画', '冒险']",88分钟(中国大陆),2014,德国, 英语 / 德语,5.7
刺猬小子之天生我刺,,黄健明,,黄健明,,苏尚卿,,汤水雨,,路知行,"['喜剧', '动画', '冒险']",93分钟,2016,中国大陆, 汉语普通话,5.7
"飞鸟历险记 Gus - Petit oiseau, grand voyage",,克里斯蒂安·德·维塔,,柯瑞·爱德华兹,,亚瑟·杜彭,,莎拉·弗里斯蒂,,布鲁诺·萨拉曼,"['喜剧', '动画', '冒险']",91分钟,2014,法国 / 比利时, 英语,5.7
神笔马良,,钟智行,,秦浩,,邵亦琛,,孟祥龙,,洪海天,"['动画', '奇幻']",87分钟,2014,中国大陆, 汉语普通话 / 山东方言,5.6
神奇马戏团之动物饼干 Magical Circus: Animal Crackers,,托尼·班克罗夫特,,斯科特·克里斯汀·萨瓦,,艾米莉·布朗特,,约翰·卡拉辛斯基,,伊恩·麦克莱恩,"['喜剧', '动画', '奇幻', '冒险']",94分钟,2017,美国 / 西班牙 / 中国大陆 / 韩国 / 香港, 英语,5.6
龙在哪里？,,胡升忠,,莱利·卡罗,,章子怡,,王力宏,,光良,"['喜剧', '动画']",97分钟,2015,中国大陆 / 香港, 汉语普通话,5.6
内裤队长 Captain Underpants: The First Epic Movie,,大卫·索伦,,尼古拉斯·斯托勒,,凯文·哈特,,托马斯·米德蒂奇,,艾德·赫尔姆斯,"['喜剧', '动作', '动画']",89分钟,2017,美国, 英语,5.6
钟馗传奇之岁寒三友,,晓寒,,晓寒,,何艳平,,刘帅,,余培喧,"['动画', '奇幻']",90分钟,2017,中国大陆, 汉语普通话,5.6
钢铁侠与浩克：联合战记 Iron Man & Hulk: Heroes United,,Eric Radomski,,Leo Riley,,Adrian Pasdar,,Dee Bradley Baker,,Fred Tatasciore,['动画'],71分钟,2013,美国, 英语,5.6
冰雪女王 Снежная королева,,弗拉德连·芭尔贝,,弗拉德连·芭尔贝,,安娜·舒若希基娜,,伊万·阿赫洛贝斯金,,加林娜·秋宁娜,"['动画', '奇幻']",76分钟(中国大陆),2012,俄罗斯, 俄语,5.6
银河守卫队 Ratchet and Clank,,杰瑞卡·克莱兰,,托德·菲克斯曼,,詹姆斯·阿诺德·泰勒,,大卫·卡耶,,保罗·吉亚玛提,"['喜剧', '动作', '科幻', '动画', '冒险']",94分钟,2016,香港 / 加拿大 / 美国, 英语,5.6
森林奇缘 Викрадена принцеса: Руслан i Людмила,,奥列格·马拉姆兹,,普希金,,娜迪亚·多洛菲娃,,阿勒克西·扎夫戈罗德尼,,耶文·马鲁卡,"['喜剧', '动画', '奇幻']",91分钟,2018,乌克兰, 乌克兰语,5.6
灵狼传奇 Савва. Сердце воина,,马克西姆·法捷耶夫,,亚历山大·奇斯蒂科弗,,马克西姆·契克哈里尤夫,,康斯坦丁·哈宾斯基,,费奥多尔·邦达尔丘克,"['动画', '奇幻', '冒险']",85分钟,2015,俄罗斯, 俄语,5.6
首尔站 서울역,,延尚昊,,延尚昊,,柳承龙,,沈恩京,,李准,['动画'],92分钟,2016,韩国, 韩语,5.5
肆式青春 詩季織々,,李豪凌,,永川成基,,坂泰斗,,寿美菜子,,白石晴香,['动画'],74分钟,2018,日本 / 中国大陆, 汉语普通话 / 日语 / 粤语 / 上海话,5.5
喜羊羊与灰太狼之开心闯龙年,,简耀宗,,王舒,,周笔畅,,阿牛,,欧弟,"['喜剧', '动画', '儿童', '冒险']",85分钟,2012,中国大陆, 汉语普通话 / 粤语,5.5
梦幻飞琴 The Flying Machine,,马丁·克拉普,,吉欧夫·林赛,,郎朗,,海瑟·格拉汉姆,,吉茜·米,"['动画', '音乐', '奇幻']",85分钟,2011,英国 / 波兰 / 中国大陆 / 印度 / 挪威, 英语,3.3
四渡赤水,,鲁艺,,方城,,张震,,叶宝华,,任亚明,"['剧情', '动画', '战争']",85分钟,2016,中国大陆, 汉语普通话,3.2
我爱灰太狼2,,叶凯,,黄伟健,,赵英俊,,王智,,蔡景森,"['喜剧', '动画']",88分钟,2013,中国大陆, 汉语普通话,2.8
摩登森林之美食总动员,,舒展,,孙征,,冯骏骅,,倪春佳,,杨鸥,"['喜剧', '动画', '冒险']",89分钟,2014,中国大陆, 汉语普通话,2.7
美人鱼之海盗来袭,,邱浩强,,陈晴,,李思娴,,郭亚维,,宋磊,"['喜剧', '动画', '奇幻', '冒险']",90分钟,2015,中国大陆, 汉语普通话,2.6
西柏坡2：英雄王二小,,施屹,,濮澍,,刘纯燕,,李扬,,董浩,"['动画', '儿童', '战争']",85分钟,2013,中国大陆, 汉语普通话,2.6
钢铁飞龙之再见奥特曼,,王巍,,王巍,,侯勇,,大张伟,,金晨,"['动作', '科幻', '动画']",90分钟,2017,中国大陆, 汉语普通话,2.5
太空熊猫英雄归来,,郑成峰,,郑成峰,,丁妍,,王亚林,,叶芳,"['喜剧', '科幻', '动画', '冒险']",81分钟,2015,中国大陆, 汉语普通话,2.5
魔镜奇缘,,郑成峰,,郑成峰,,琪琪,,王琪,,孙科,"['动画', '家庭', '奇幻', '冒险']",81分钟,2015,中国大陆, 汉语普通话,2.5
汽车人总动员,,卓建荣,,吴伟,,刘馨萱,,沈桦,,袁文革,"['喜剧', '动画', '冒险']",85分钟,2015,中国大陆, 汉语普通话,2.4
泰迪熊之玩具大战,,胡韵,,胡韵,,邓小婷,,赵奔,,白文显,"['喜剧', '动画']",78分钟,2016,中国大陆, 汉语普通话,2.4
太空熊猫总动员,,郑成峰,,郑成峰,,易小寅,,敖磊,,左昕祺,"['喜剧', '动画', '奇幻', '冒险']",75分钟,2014,中国大陆, 汉语普通话,2.4
冲锋号,,贺梦凡,,贺梦凡,,邱启明,,类型:,,动画,"['动画', '儿童', '战争']",82分钟,2013,中国大陆, 汉语普通话,2.4
白雪公主和三只小猪,,莎莉,,董艺丛,,倪虹洁,,任志宏,,谷放冰,"['动作', '动画', '冒险']",80分钟,2016,中国大陆 / 美国, 汉语普通话 / 英语,2.4
高铁英雄,,吴治邦,,卡龙编剧组,,李正翔,,夏磊,,吴磊,"['动画', '冒险']",88分钟,2013,中国大陆 / 日本, 汉语普通话,2.3
